書名,書籍網站,作者,出版社,ISBN,圖片網址
西洋藝術便利貼：你不可不知道的藝術家故事與藝術小辭典,https://www.kingstone.com.tw//basic/2019090116988?zone=book&lid=book_class3_oae&actid=book_class3_oae,許汝紘,華滋文化  ,9789869645416,https://cdn.kingstone.com.tw/book/images/product/20190/2019090116988/2019090116988b.jpg
叛逆的捉影：當代藝術家新迷思,https://www.kingstone.com.tw//basic/2019070007756?zone=book&lid=book_class3_oae&actid=book_class3_oae,高千惠,遠流      ,9789573257844,https://cdn.kingstone.com.tw/book/images/product/20190/2019070007756/2019070007756b.jpg
破解米開朗基羅（隨行版）,https://www.kingstone.com.tw//basic/2019090094149?zone=book&lid=book_class3_oae&actid=book_class3_oae,蔣勳,天下文化  ,9789863201243,https://cdn.kingstone.com.tw/book/images/product/20190/2019090094149/2019090094149b.jpg
普普藝術，有故事：100個有梗怪咖&酷藝術，為什麼讀廣告、學設計、玩時尚、做藝術，一定要認識它？,https://www.kingstone.com.tw//basic/2019090126345?zone=book&lid=book_class3_oae&actid=book_class3_oae,安迪．史都華．麥凱,原點      ,9789579072816,https://cdn.kingstone.com.tw/book/images/product/20190/2019090126345/2019090126345b.jpg
在當代之後：2017－2018春之當代藝論,https://www.kingstone.com.tw//basic/2019000130868?zone=book&lid=book_class3_oae&actid=book_class3_oae,辛友仁 等人,典藏      ,9789869259712,https://cdn.kingstone.com.tw/book/images/product/20190/2019000130868/2019000130868b.jpg
激進美術館學：當代美術館的當代性,https://www.kingstone.com.tw//basic/2010690015534?zone=book&lid=book_class3_oae&actid=book_class3_oae,克萊兒．畢莎普,一行出版  ,9789869834704,https://cdn.kingstone.com.tw/book/images/product/20106/2010690015534/2010690015534b.jpg
西方現代美術流派,https://www.kingstone.com.tw//basic/2019090120923?zone=book&lid=book_class3_oae&actid=book_class3_oae,胡泊 編著,崧燁文化  ,9789577357571,https://cdn.kingstone.com.tw/book/images/product/20190/2019090120923/2019090120923b.jpg
奇美：無與倫比的博物館經驗,https://www.kingstone.com.tw//basic/2010690014902?zone=book&lid=book_class3_oae&actid=book_class3_oae,范毅舜,積木文化  ,9789864591671,https://cdn.kingstone.com.tw/book/images/product/20106/2010690014902/2010690014902b.jpg
德勒茲與藝術理論,https://www.kingstone.com.tw//basic/2019010042816?zone=book&lid=book_class3_oae&actid=book_class3_oae,陳瑞文,五南      ,9789571199238,https://cdn.kingstone.com.tw/book/images/product/20190/2019010042816/2019010042816b.jpg
向道德主義告別： 關於當代藝術的思考,https://www.kingstone.com.tw//basic/2019010041284?zone=book&lid=book_class3_oae&actid=book_class3_oae,皮力,典藏      ,9789869535489,https://cdn.kingstone.com.tw/book/images/product/20190/2019010041284/2019010041284b.jpg
台灣現當代藝術風神榜：進畫論首部曲,https://www.kingstone.com.tw//basic/2019090113932?zone=book&lid=book_class3_oae&actid=book_class3_oae,王福東,大苑藝術  ,9789869544900,https://cdn.kingstone.com.tw/book/images/product/20190/2019090113932/2019090113932b.jpg
從直島啟航的瀨戶內國際藝術祭：以藝術活化地方,https://www.kingstone.com.tw//basic/2017310181495?zone=book&lid=book_class3_oae&actid=book_class3_oae,福武總一郎、北川富朗,遠流      ,9789573280743,https://cdn.kingstone.com.tw/book/images/product/20173/2017310181495/2017310181495b.jpg
如何書寫當代藝術,https://www.kingstone.com.tw//basic/2029010040385?zone=book&lid=book_class3_oae&actid=book_class3_oae,吉塔．威廉斯,典藏      ,9789869478151,https://cdn.kingstone.com.tw/book/images/product/20290/2029010040385/2029010040385b.jpg
藝外風景：30對談錄 Heart to Heart,https://www.kingstone.com.tw//basic/2019070017113?zone=book&lid=book_class3_oae&actid=book_class3_oae,PAR表演藝術雜誌,國立中正  ,9789860518115,https://cdn.kingstone.com.tw/book/images/product/20190/2019070017113/2019070017113b.jpg
她最近不在家喔！Anini的寄宿之旅,https://www.kingstone.com.tw//basic/2018551756213?zone=book&lid=book_class3_oae&actid=book_class3_oae,周瑞萍,字畝文化  ,9789869369343,https://cdn.kingstone.com.tw/book/images/product/20185/2018551756213/2018551756213b.jpg
為當下策展：南條史生的藝術現場1978～2011,https://www.kingstone.com.tw//basic/2019480095299?zone=book&lid=book_class3_oae&actid=book_class3_oae,南條史生,典藏      ,9789869343237,https://cdn.kingstone.com.tw/book/images/product/20194/2019480095299/2019480095299b.jpg
黃坤伯美柔汀/MEZZOTINT/創作集,https://www.kingstone.com.tw//basic/2019370005254?zone=book&lid=book_class3_oae&actid=book_class3_oae,黃坤伯,北星      ,9789574334575,https://cdn.kingstone.com.tw/book/images/product/20193/2019370005254/2019370005254b.jpg
新媒體技術與藝術互動設計,https://www.kingstone.com.tw//basic/2019560011003?zone=book&lid=book_class3_oae&actid=book_class3_oae,丘星星,藝術家    ,9789862821770,https://cdn.kingstone.com.tw/book/images/product/20195/2019560011003/2019560011003b.jpg
從行動到觀念：晚期現代主義藝術理論的轉型,https://www.kingstone.com.tw//basic/2019010038031?zone=book&lid=book_class3_oae&actid=book_class3_oae,皮力,典藏      ,9789866049989,https://cdn.kingstone.com.tw/book/images/product/20190/2019010038031/2019010038031b.jpg
舊城區的藝聲×異生：城中藝術街區,https://www.kingstone.com.tw//basic/2019060012845?zone=book&lid=book_class3_oae&actid=book_class3_oae,財團法人忠泰建築文化藝術基金會,田園城市  ,9789868500143,https://cdn.kingstone.com.tw/book/images/product/20190/2019060012845/2019060012845b.jpg
創造力的極論：村上隆在藝術現場談「覺悟」與「繼續」,https://www.kingstone.com.tw//basic/2019070015249?zone=book&lid=book_class3_oae&actid=book_class3_oae,村上隆,商周出版  ,9789862726525,https://cdn.kingstone.com.tw/book/images/product/20190/2019070015249/2019070015249b.jpg
公共藝術.主題閱讀,https://www.kingstone.com.tw//basic/2019000098625?zone=book&lid=book_class3_oae&actid=book_class3_oae,林志銘,暖暖書屋  ,9789869068550,https://cdn.kingstone.com.tw/book/images/product/20190/2019000098625/2019000098625b.jpg
EVOLUTION V.S. REGENERATION進化與重生,https://www.kingstone.com.tw//basic/2019000097383?zone=book&lid=book_class3_oae&actid=book_class3_oae,井上裕起,宇達特文創,9789869007016,https://cdn.kingstone.com.tw/book/images/product/20190/2019000097383/2019000097383b.jpg
不在 － ________博物館,https://www.kingstone.com.tw//basic/2019020011161?zone=book&lid=book_class3_oae&actid=book_class3_oae,童偉格等文、聶永真(美術),大藝出版  ,9789869024020,https://cdn.kingstone.com.tw/book/images/product/20190/2019020011161/2019020011161b.jpg
與骨共舞：面對面的生命練習曲,https://www.kingstone.com.tw//basic/2019477298085?zone=book&lid=book_class3_oae&actid=book_class3_oae,卜華志,新銳文創  ,9789865716097,https://cdn.kingstone.com.tw/book/images/product/20194/2019477298085/2019477298085b.jpg
呼吸軌：藝術與策展之交互脈動,https://www.kingstone.com.tw//basic/2019060012425?zone=book&lid=book_class3_oae&actid=book_class3_oae,劉永仁,藝術家    ,9789862821220,https://cdn.kingstone.com.tw/book/images/product/20190/2019060012425/2019060012425b.jpg
新媒體藝術,https://www.kingstone.com.tw//basic/2019560007228?zone=book&lid=book_class3_oae&actid=book_class3_oae,黃茂嘉、許和捷,藝術家    ,9789862821190,https://cdn.kingstone.com.tw/book/images/product/20195/2019560007228/2019560007228b.jpg
Make Space：如何建立創意合作的舞臺,https://www.kingstone.com.tw//basic/2019210017713?zone=book&lid=book_class3_oae&actid=book_class3_oae,史考特．多利、史考特．威碩夫,馥林文化  ,9789866076848,https://cdn.kingstone.com.tw/book/images/product/20192/2019210017713/2019210017713b.jpg
領域震央．劇場平台,https://www.kingstone.com.tw//basic/2015232352436?zone=book&lid=book_class3_oae&actid=book_class3_oae,朱銘美術館教育推廣部,朱銘文教基,9789868705920,https://cdn.kingstone.com.tw/book/images/product/20152/2015232352436/2015232352436b.jpg
台灣原創角色藝術大賞,https://www.kingstone.com.tw//basic/2019000096621?zone=book&lid=book_class3_oae&actid=book_class3_oae,中華民國設計師協會,設計師協會,9789869011105,https://cdn.kingstone.com.tw/book/images/product/20190/2019000096621/2019000096621b.jpg
風火林泉：當代亞洲藝術專題研究,https://www.kingstone.com.tw//basic/2019010035245?zone=book&lid=book_class3_oae&actid=book_class3_oae,高千惠,典藏      ,9789866049491,https://cdn.kingstone.com.tw/book/images/product/20190/2019010035245/2019010035245b.jpg
台灣近代美術創世紀：倪蔣懷、陳澄波與黃土水見證台灣史,https://www.kingstone.com.tw//basic/2019090094569?zone=book&lid=book_class3_oae&actid=book_class3_oae,李欽賢,五南      ,9789571170152,https://cdn.kingstone.com.tw/book/images/product/20190/2019090094569/2019090094569b.jpg
設計流感力 FLOW：The Power of Forward,https://www.kingstone.com.tw//basic/2019600040208?zone=book&lid=book_class3_oae&actid=book_class3_oae,台灣設計師連線,木馬文化  ,9789866200571,https://cdn.kingstone.com.tw/book/images/product/20196/2019600040208/2019600040208b.jpg
安森萊爾台灣個展作品輯,https://www.kingstone.com.tw//basic/2019020007416?zone=book&lid=book_class3_oae&actid=book_class3_oae,安森．萊爾,大藝出版  ,9789868781757,https://cdn.kingstone.com.tw/book/images/product/20190/2019020007416/2019020007416b.jpg
破解當代藝術的迷思,https://www.kingstone.com.tw//basic/2019000080132?zone=book&lid=book_class3_oae&actid=book_class3_oae,周至禹,九&#38901;文化,9789866620423,https://cdn.kingstone.com.tw/book/images/product/20190/2019000080132/2019000080132b.jpg
藝術中的孩子,https://www.kingstone.com.tw//basic/2019475979634?zone=book&lid=book_class3_oae&actid=book_class3_oae,王庭玫、謝汝萱,藝術家    ,9789862820223,https://cdn.kingstone.com.tw/book/images/product/20194/2019475979634/2019475979634b.jpg
百水：表現主義環境藝術大師,https://www.kingstone.com.tw//basic/2019400040880?zone=book&lid=book_class3_oae&actid=book_class3_oae,江添福等,藝術家    ,9789866565892,https://cdn.kingstone.com.tw/book/images/product/20194/2019400040880/2019400040880b.jpg
在藝術終結之後： 當代藝術與歷史藩籬,https://www.kingstone.com.tw//basic/2019000068284?zone=book&lid=book_class3_oae&actid=book_class3_oae,亞瑟．丹托,麥田      ,9789861736556,https://cdn.kingstone.com.tw/book/images/product/20190/2019000068284/2019000068284b.jpg
這些作品超有FU 創意．驚艷！ Geisai Taiwan村上隆藝祭+新光三越圖文創作展 2009傑作選,https://www.kingstone.com.tw//basic/2019020006624?zone=book&lid=book_class3_oae&actid=book_class3_oae,飛行貓創意社,笛藤出版圖,9789577105516,https://cdn.kingstone.com.tw/book/images/product/20190/2019020006624/2019020006624b.jpg
60個大開眼界的創意搞怪藝術,https://www.kingstone.com.tw//basic/2019070010329?zone=book&lid=book_class3_oae&actid=book_class3_oae,反以正,漢皇國際  ,9789866590344,https://cdn.kingstone.com.tw/book/images/product/20190/2019070010329/2019070010329b.jpg
新普普藝術家：凱斯‧哈林,https://www.kingstone.com.tw//basic/2019090081996?zone=book&lid=book_class3_oae&actid=book_class3_oae,李家祺,藝術家    ,9789866565199,https://cdn.kingstone.com.tw/book/images/product/20190/2019090081996/2019090081996b.jpg
玩真的！：13位台灣藝術家的創作與生命,https://www.kingstone.com.tw//basic/2019090079085?zone=book&lid=book_class3_oae&actid=book_class3_oae,鄭惠美,典藏      ,9789866833106,https://cdn.kingstone.com.tw/book/images/product/20190/2019090079085/2019090079085b.jpg
網路藝術,https://www.kingstone.com.tw//basic/2019220015297?zone=book&lid=book_class3_oae&actid=book_class3_oae,鄭月秀,藝術家    ,9789867034595,https://cdn.kingstone.com.tw/book/images/product/20192/2019220015297/2019220015297b.jpg
星星藝術家：中國當代藝術的先鋒,https://www.kingstone.com.tw//basic/2019090078453?zone=book&lid=book_class3_oae&actid=book_class3_oae,霍少霞,藝術家    ,9789867034533,https://cdn.kingstone.com.tw/book/images/product/20190/2019090078453/2019090078453b.jpg
現代繪畫與音樂思維的平行性,https://www.kingstone.com.tw//basic/2019000087896?zone=book&lid=book_class3_oae&actid=book_class3_oae,謝斐紋,秀威資訊  ,9789867080301,https://cdn.kingstone.com.tw/book/images/product/20190/2019000087896/2019000087896b.jpg
蔡國強,https://www.kingstone.com.tw//basic/2019020005382?zone=book&lid=book_class3_oae&actid=book_class3_oae,蔡國強,藝術家    ,9789867487711,https://cdn.kingstone.com.tw/book/images/product/20190/2019020005382/2019020005382b.jpg
數位藝術概論,https://www.kingstone.com.tw//basic/2019000017497?zone=book&lid=book_class3_oae&actid=book_class3_oae,葉謹睿,藝術家    ,9789867487674,https://cdn.kingstone.com.tw/book/images/product/20190/2019000017497/2019000017497b.jpg
流浪在前衛的國度,https://www.kingstone.com.tw//basic/2019000017237?zone=book&lid=book_class3_oae&actid=book_class3_oae,姚瑞中,大塊      ,9789867291677,https://cdn.kingstone.com.tw/book/images/product/20190/2019000017237/2019000017237b.jpg
邊緣戰鬥的回歸,https://www.kingstone.com.tw//basic/2019000017077?zone=book&lid=book_class3_oae&actid=book_class3_oae,赫島社編選,藝術家    ,9789867487650,https://cdn.kingstone.com.tw/book/images/product/20190/2019000017077/2019000017077b.jpg
電腦藝術,https://www.kingstone.com.tw//basic/2019000016605?zone=book&lid=book_class3_oae&actid=book_class3_oae,河口洋一郎、李佩穗,藝術家    ,9789579500296,https://cdn.kingstone.com.tw/book/images/product/20190/2019000016605/2019000016605b.jpg
台灣當代美術通鑑：藝術家雜誌三十年版,https://www.kingstone.com.tw//basic/2019090072031?zone=book&lid=book_class3_oae&actid=book_class3_oae,倪再沁,藝術家    ,9789867487520,https://cdn.kingstone.com.tw/book/images/product/20190/2019090072031/2019090072031b.jpg
二十世紀偉大的藝術家（精）,https://www.kingstone.com.tw//basic/2029090044877?zone=book&lid=book_class3_oae&actid=book_class3_oae,愛德華路希－史密斯,聯經      ,9789570819564,https://cdn.kingstone.com.tw/book/images/product/20290/2029090044877/2029090044877b.jpg
班傑明,https://www.kingstone.com.tw//basic/2019010019719?zone=book&lid=book_class3_oae&actid=book_class3_oae,陳學明,生智      ,9789578637504,https://cdn.kingstone.com.tw/book/images/product/20190/2019010019719/2019010019719b.jpg
拉丁美洲現代藝術,https://www.kingstone.com.tw//basic/2019090039577?zone=book&lid=book_class3_oae&actid=book_class3_oae,曾長生,藝術家    ,9789579530781,https://cdn.kingstone.com.tw/book/images/product/20190/2019090039577/2019090039577b.jpg
給下一輪台灣數位藝術的文件：2006-2016,https://www.kingstone.com.tw//basic/2019090112720?zone=book&lid=book_class3_oae&actid=book_class3_oae,王柏偉、王冠婷、王聖閎、石昌杰,典藏      ,9789869197724,https://cdn.kingstone.com.tw/book/images/product/20190/2019090112720/2019090112720b.jpg
藝術大師的觀察、感受與思考：梵谷書信選、羅丹靈感散記、達文西思緒集(套書組),https://www.kingstone.com.tw//basic/2018611478260?zone=book&lid=book_class3_oae&actid=book_class3_oae,文生．梵谷、奧古斯特．羅丹,八旗文化  ,8667106505994,https://cdn.kingstone.com.tw/book/images/product/20186/2018611478260/2018611478260b.jpg
知名博物館：普希金博物館,https://www.kingstone.com.tw//basic/2019090107993?zone=book&lid=book_class3_oae&actid=book_class3_oae,Simonetta Pelusi,閣林國際  ,9789862925652,https://cdn.kingstone.com.tw/book/images/product/20190/2019090107993/2019090107993b.jpg
知名博物館：開羅埃及博物館,https://www.kingstone.com.tw//basic/2019090108075?zone=book&lid=book_class3_oae&actid=book_class3_oae,Silvia Einaudi,閣林國際  ,9789862925676,https://cdn.kingstone.com.tw/book/images/product/20190/2019090108075/2019090108075b.jpg
藍號誌‧番外刊：因為青春無所畏懼,https://www.kingstone.com.tw//basic/2019000106269?zone=book&lid=book_class3_oae&actid=book_class3_oae,藍號,藍號獨立,2428915800177,https://cdn.kingstone.com.tw/book/images/product/20190/2019000106269/2019000106269b.jpg
當代藝術教育研究新視野：第一屆藝術教育研究國際學術研討會論文集,https://www.kingstone.com.tw//basic/2019030005310?zone=book&lid=book_class3_oae&actid=book_class3_oae,趙惠玲 主編,華藝數位  ,9789864370306,https://cdn.kingstone.com.tw/book/images/product/20190/2019030005310/2019030005310b.jpg
八卦一下藝術吧！新聞、星聞、腥聞跟辛聞，偷偷說給你聽,https://www.kingstone.com.tw//basic/2019090105159?zone=book&lid=book_class3_oae&actid=book_class3_oae,祺四,華滋文化  ,9789865767792,https://cdn.kingstone.com.tw/book/images/product/20190/2019090105159/2019090105159b.jpg
藝術的法則：101張圖了解繪畫、探究創作，學習大師的好作品,https://www.kingstone.com.tw//basic/2019000100427?zone=book&lid=book_class3_oae&actid=book_class3_oae,基特．懷特,木馬文化  ,9789863590705,https://cdn.kingstone.com.tw/book/images/product/20190/2019000100427/2019000100427b.jpg
英國當代藝術,https://www.kingstone.com.tw//basic/2019000100267?zone=book&lid=book_class3_oae&actid=book_class3_oae,陳永賢,藝術家    ,9789862821381,https://cdn.kingstone.com.tw/book/images/product/20190/2019000100267/2019000100267b.jpg
擺放的方式：安排物件的修辭,https://www.kingstone.com.tw//basic/2019600045388?zone=book&lid=book_class3_oae&actid=book_class3_oae,李歐納．科仁,行人文化  ,9789869028721,https://cdn.kingstone.com.tw/book/images/product/20196/2019600045388/2019600045388b.jpg
教室外的五堂藝術課,https://www.kingstone.com.tw//basic/2019010035795?zone=book&lid=book_class3_oae&actid=book_class3_oae,布施英利,如果      ,9789866006500,https://cdn.kingstone.com.tw/book/images/product/20190/2019010035795/2019010035795b.jpg
不要畫筆的繪畫教室：認識藝術的本質，你最需要的一堂課,https://www.kingstone.com.tw//basic/2019477241876?zone=book&lid=book_class3_oae&actid=book_class3_oae,布施英利,如果      ,9789866006487,https://cdn.kingstone.com.tw/book/images/product/20194/2019477241876/2019477241876b.jpg
數位藝述第參號,https://www.kingstone.com.tw//basic/2019560007198?zone=book&lid=book_class3_oae&actid=book_class3_oae,王怡菱等,雅墨文化  ,9789868764767,https://cdn.kingstone.com.tw/book/images/product/20195/2019560007198/2019560007198b.jpg
@&這個作品怎麼這麼貴+看懂設計，你要懂的現代藝術(套書),https://www.kingstone.com.tw//basic/2019090099649?zone=book&lid=book_class3_oae&actid=book_class3_oae,威爾．岡波茲,大是      ,0281842050235,https://cdn.kingstone.com.tw/book/images/product/20190/2019090099649/2019090099649b.jpg
喔！整理的藝術,https://www.kingstone.com.tw//basic/2019000095679?zone=book&lid=book_class3_oae&actid=book_class3_oae,烏爾蘇斯．威爾利,布克文化  ,9789866278969,https://cdn.kingstone.com.tw/book/images/product/20190/2019000095679/2019000095679b.jpg
打造名作的構圖經典法則,https://www.kingstone.com.tw//basic/2019477165257?zone=book&lid=book_class3_oae&actid=book_class3_oae,SUN I視覺設計 編著,佳魁      ,9789865764685,https://cdn.kingstone.com.tw/book/images/product/20194/2019477165257/2019477165257b.jpg
表演娛樂產業的自動控制,https://www.kingstone.com.tw//basic/2019820048398?zone=book&lid=book_class3_oae&actid=book_class3_oae,馬克．艾格、約翰．哈斯提,台灣技術劇,9789868272132,https://cdn.kingstone.com.tw/book/images/product/20198/2019820048398/2019820048398b.jpg
插畫colored word：魔幻x時尚x玩樂x驚艷,https://www.kingstone.com.tw//basic/2019477058245?zone=book&lid=book_class3_oae&actid=book_class3_oae,焦潔、孫成成,佳魁      ,9789865764074,https://cdn.kingstone.com.tw/book/images/product/20194/2019477058245/2019477058245b.jpg
江啟明藝術空間,https://www.kingstone.com.tw//basic/2019000095839?zone=book&lid=book_class3_oae&actid=book_class3_oae,江啟明,經濟日報  ,9789626787472,https://cdn.kingstone.com.tw/book/images/product/20190/2019000095839/2019000095839b.jpg
關鍵論述與在地實踐：在地脈絡化下的新媒體藝術,https://www.kingstone.com.tw//basic/2019640090065?zone=book&lid=book_class3_oae&actid=book_class3_oae,邱誌勇,雅墨文化  ,9789868764736,https://cdn.kingstone.com.tw/book/images/product/20196/2019640090065/2019640090065b.jpg
博物館與文化,https://www.kingstone.com.tw//basic/2010690010324?zone=book&lid=book_class3_oae&actid=book_class3_oae,王嵩山,遠流      ,9789860341744,https://cdn.kingstone.com.tw/book/images/product/20106/2010690010324/2010690010324b.jpg
數位藝述第貳號,https://www.kingstone.com.tw//basic/2019560005224?zone=book&lid=book_class3_oae&actid=book_class3_oae,邱誌勇,雅墨文化  ,9789868764729,https://cdn.kingstone.com.tw/book/images/product/20195/2019560005224/2019560005224b.jpg
百花齊放：33 位最具影響力的現代藝術家及其作品,https://www.kingstone.com.tw//basic/2019010033821?zone=book&lid=book_class3_oae&actid=book_class3_oae,魏尚河,華滋文化  ,9789866620560,https://cdn.kingstone.com.tw/book/images/product/20190/2019010033821/2019010033821b.jpg
解讀現代藝術,https://www.kingstone.com.tw//basic/2019010033111?zone=book&lid=book_class3_oae&actid=book_class3_oae,周至禹,華滋文化  ,9789866620478,https://cdn.kingstone.com.tw/book/images/product/20190/2019010033111/2019010033111b.jpg
現代藝術理論Ⅰ：從後印象主義到未來主義,https://www.kingstone.com.tw//basic/2019090088360?zone=book&lid=book_class3_oae&actid=book_class3_oae,Herschel B. Chipp,遠流      ,9789573269106,https://cdn.kingstone.com.tw/book/images/product/20190/2019090088360/2019090088360b.jpg
現代藝術理論Ⅱ：從新造形主義到當代藝術,https://www.kingstone.com.tw//basic/2019090088490?zone=book&lid=book_class3_oae&actid=book_class3_oae,Herschel B. Chipp,遠流      ,9789573269113,https://cdn.kingstone.com.tw/book/images/product/20190/2019090088490/2019090088490b.jpg
村上隆藝術戰鬥論,https://www.kingstone.com.tw//basic/2019070011241?zone=book&lid=book_class3_oae&actid=book_class3_oae,村上隆,大藝出版  ,9789868676411,https://cdn.kingstone.com.tw/book/images/product/20190/2019070011241/2019070011241b.jpg
當代藝術商機,https://www.kingstone.com.tw//basic/2019000068154?zone=book&lid=book_class3_oae&actid=book_class3_oae,小山登美夫,商周出版  ,9789866285660,https://cdn.kingstone.com.tw/book/images/product/20190/2019000068154/2019000068154b.jpg
一種獨立論述,https://www.kingstone.com.tw//basic/2019070011661?zone=book&lid=book_class3_oae&actid=book_class3_oae,黃建宏,田園城市  ,9789867009951,https://cdn.kingstone.com.tw/book/images/product/20190/2019070011661/2019070011661b.jpg
新中國 新藝術：中國當代藝術家訪問錄,https://www.kingstone.com.tw//basic/2019090084652?zone=book&lid=book_class3_oae&actid=book_class3_oae,李鳳鳴,藝術家    ,9789866565731,https://cdn.kingstone.com.tw/book/images/product/20190/2019090084652/2019090084652b.jpg
穿越縫合：台灣當代藝術‧自我與他者,https://www.kingstone.com.tw//basic/2019070010299?zone=book&lid=book_class3_oae&actid=book_class3_oae,陳泰松,典藏      ,9789866833595,https://cdn.kingstone.com.tw/book/images/product/20190/2019070010299/2019070010299b.jpg
我是這樣想的蔡國強,https://www.kingstone.com.tw//basic/2019090083310?zone=book&lid=book_class3_oae&actid=book_class3_oae,楊照,印刻      ,9789866377372,https://cdn.kingstone.com.tw/book/images/product/20190/2019090083310/2019090083310b.jpg
重返風景：當代藝術的地景再現,https://www.kingstone.com.tw//basic/2019200024226?zone=book&lid=book_class3_oae&actid=book_class3_oae,Catherine Grout,遠流      ,9789573264682,https://cdn.kingstone.com.tw/book/images/product/20192/2019200024226/2019200024226b.jpg
以藝術之名：從現代到當代，探索台灣視覺,https://www.kingstone.com.tw//basic/2019090082528?zone=book&lid=book_class3_oae&actid=book_class3_oae,公共電視編,書泉      ,9789866614064,https://cdn.kingstone.com.tw/book/images/product/20190/2019090082528/2019090082528b.jpg
看懂了！超簡單有趣的現代藝術指南,https://www.kingstone.com.tw//basic/2019070008708?zone=book&lid=book_class3_oae&actid=book_class3_oae,哲倫特,先覺      ,9789861341149,https://cdn.kingstone.com.tw/book/images/product/20190/2019070008708/2019070008708b.jpg
繼續，新樂園：台灣當代藝術文件1995~2008,https://www.kingstone.com.tw//basic/2019020006174?zone=book&lid=book_class3_oae&actid=book_class3_oae,游崴,原點      ,9789868418448,https://cdn.kingstone.com.tw/book/images/product/20190/2019020006174/2019020006174b.jpg
意外的傑作：一位走出美術館的藝評家，十個在生活中發現藝術的故,https://www.kingstone.com.tw//basic/2019010030165?zone=book&lid=book_class3_oae&actid=book_class3_oae,麥可．齊莫,臉譜文化  ,9789866739514,https://cdn.kingstone.com.tw/book/images/product/20190/2019010030165/2019010030165b.jpg
相約粉樂町,https://www.kingstone.com.tw//basic/2019000019781?zone=book&lid=book_class3_oae&actid=book_class3_oae,李俊明,天下文化  ,9789862160367,https://cdn.kingstone.com.tw/book/images/product/20190/2019000019781/2019000019781b.jpg
從馬內到曼哈頓：當代藝術市場的崛起,https://www.kingstone.com.tw//basic/2019000019101?zone=book&lid=book_class3_oae&actid=book_class3_oae,peter Watson,典藏      ,9789866833069,https://cdn.kingstone.com.tw/book/images/product/20190/2019000019101/2019000019101b.jpg
後解嚴與後八九：兩岸當代美術對照,https://www.kingstone.com.tw//basic/2019020005702?zone=book&lid=book_class3_oae&actid=book_class3_oae,胡永芬,藝術家    ,9789860090765,https://cdn.kingstone.com.tw/book/images/product/20190/2019020005702/2019020005702b.jpg
一起發現藝術：新式Eureka！多元智能藝術教學法,https://www.kingstone.com.tw//basic/2019030002944?zone=book&lid=book_class3_oae&actid=book_class3_oae,曾惠青,藝術家    ,9789867034229,https://cdn.kingstone.com.tw/book/images/product/20190/2019030002944/2019030002944b.jpg
安迪．沃荷的普普人生,https://www.kingstone.com.tw//basic/2019090075247?zone=book&lid=book_class3_oae&actid=book_class3_oae,安迪．沃荷,三言社    ,9789867581419,https://cdn.kingstone.com.tw/book/images/product/20190/2019090075247/2019090075247b.jpg
後當代藝術徵候：書寫於在地之上,https://www.kingstone.com.tw//basic/2019010027912?zone=book&lid=book_class3_oae&actid=book_class3_oae,林宏璋,典藏      ,9789867519603,https://cdn.kingstone.com.tw/book/images/product/20190/2019010027912/2019010027912b.jpg
中國前衛藝術,https://www.kingstone.com.tw//basic/2019000016445?zone=book&lid=book_class3_oae&actid=book_class3_oae,李陀等,牛津大學  ,9780195866483,https://cdn.kingstone.com.tw/book/images/product/20190/2019000016445/2019000016445b.jpg
台灣當代藝術之美,https://www.kingstone.com.tw//basic/2019080009368?zone=book&lid=book_class3_oae&actid=book_class3_oae,文建會,典藏      ,9789570169874,https://cdn.kingstone.com.tw/book/images/product/20190/2019080009368/2019080009368b.jpg
紐約美麗的事物正在發生,https://www.kingstone.com.tw//basic/2019070006834?zone=book&lid=book_class3_oae&actid=book_class3_oae,嚴華菊,大塊      ,9789867600868,https://cdn.kingstone.com.tw/book/images/product/20190/2019070006834/2019070006834b.jpg
台灣裝置藝術(修訂版),https://www.kingstone.com.tw//basic/2019600014605?zone=book&lid=book_class3_oae&actid=book_class3_oae,姚瑞中,木馬文化  ,9789867475091,https://cdn.kingstone.com.tw/book/images/product/20196/2019600014605/2019600014605b.jpg
德國表現主義藝術,https://www.kingstone.com.tw//basic/2019010026120?zone=book&lid=book_class3_oae&actid=book_class3_oae,魏伶容,藝術家    ,9789867487155,https://cdn.kingstone.com.tw/book/images/product/20190/2019010026120/2019010026120b.jpg
王俠軍與琉園,https://www.kingstone.com.tw//basic/2015410154784?zone=book&lid=book_class3_oae&actid=book_class3_oae,生活美學館,時廣      ,9789867562005,https://cdn.kingstone.com.tw/book/images/product/20154/2015410154784/2015410154784b.jpg
穿越花朵,https://www.kingstone.com.tw//basic/2019400021438?zone=book&lid=book_class3_oae&actid=book_class3_oae,Judy Chicago,遠流      ,9789573248934,https://cdn.kingstone.com.tw/book/images/product/20194/2019400021438/2019400021438b.jpg
現代藝術,https://www.kingstone.com.tw//basic/2019490011883?zone=book&lid=book_class3_oae&actid=book_class3_oae,埃蒂娜．貝爾納,閣林國際  ,9789867771582,https://cdn.kingstone.com.tw/book/images/product/20194/2019490011883/2019490011883b.jpg
當代藝術,https://www.kingstone.com.tw//basic/2019490011913?zone=book&lid=book_class3_oae&actid=book_class3_oae,尚-路易．普拉岱爾,閣林國際  ,9789867771575,https://cdn.kingstone.com.tw/book/images/product/20194/2019490011913/2019490011913b.jpg
台灣裝置藝術,https://www.kingstone.com.tw//basic/2019600014155?zone=book&lid=book_class3_oae&actid=book_class3_oae,姚瑞中,木馬文化  ,9789867897367,https://cdn.kingstone.com.tw/book/images/product/20196/2019600014155/2019600014155b.jpg
台灣當代藝術1980－2000,https://www.kingstone.com.tw//basic/2019090059681?zone=book&lid=book_class3_oae&actid=book_class3_oae,謝東山,藝術家    ,9789867957368,https://cdn.kingstone.com.tw/book/images/product/20190/2019090059681/2019090059681b.jpg
現代藝術啟示錄,https://www.kingstone.com.tw//basic/2019010023624?zone=book&lid=book_class3_oae&actid=book_class3_oae,黃文叡,藝術家    ,9789867957160,https://cdn.kingstone.com.tw/book/images/product/20190/2019010023624/2019010023624b.jpg
差異與實踐：當代藝術哲學研究,https://www.kingstone.com.tw//basic/2019010022702?zone=book&lid=book_class3_oae&actid=book_class3_oae,劉千美,立緒      ,9789570411164,https://cdn.kingstone.com.tw/book/images/product/20190/2019010022702/2019010022702b.jpg
表現主義,https://www.kingstone.com.tw//basic/2019090046438?zone=book&lid=book_class3_oae&actid=book_class3_oae,WOLF-DIETER,遠流      ,9789573238195,https://cdn.kingstone.com.tw/book/images/product/20190/2019090046438/2019090046438b.jpg
藝術對話：與十五位女性藝術家的訪談,https://www.kingstone.com.tw//basic/2019090042720?zone=book&lid=book_class3_oae&actid=book_class3_oae,Cindy Nemser,遠流      ,9789573236368,https://cdn.kingstone.com.tw/book/images/product/20190/2019090042720/2019090042720b.jpg
當代纖維藝術探索,https://www.kingstone.com.tw//basic/2019660000198?zone=book&lid=book_class3_oae&actid=book_class3_oae,黃麗絹,藝術家    ,9789579530880,https://cdn.kingstone.com.tw/book/images/product/20196/2019660000198/2019660000198b.jpg
表現主義大師．克利的日記,https://www.kingstone.com.tw//basic/2019090039607?zone=book&lid=book_class3_oae&actid=book_class3_oae,保羅．克利,藝術家    ,9789579530798,https://cdn.kingstone.com.tw/book/images/product/20190/2019090039607/2019090039607b.jpg
紐約藝術現場掃描藝術手札(一),https://www.kingstone.com.tw//basic/2029070004273?zone=book&lid=book_class3_oae&actid=book_class3_oae,施並錫,草根      ,9789578466081,https://cdn.kingstone.com.tw/book/images/product/20290/2029070004273/2029070004273b.jpg
當代文化藝術澀相,https://www.kingstone.com.tw//basic/2019070003888?zone=book&lid=book_class3_oae&actid=book_class3_oae,高千惠,藝術家    ,9789579530170,https://cdn.kingstone.com.tw/book/images/product/20190/2019070003888/2019070003888b.jpg
視覺的秘密花園,https://www.kingstone.com.tw//basic/2029620047781?zone=book&lid=book_class3_oae&actid=book_class3_oae,張弘毅,方智      ,9789576792618,https://cdn.kingstone.com.tw/book/images/product/20296/2029620047781/2029620047781b.jpg
魔幻魅眼：奇妙的3D震撼,https://www.kingstone.com.tw//basic/2019620047348?zone=book&lid=book_class3_oae&actid=book_class3_oae,張弘毅,方智      ,9789576792212,https://cdn.kingstone.com.tw/book/images/product/20196/2019620047348/2019620047348b.jpg
現代畫是什麼？,https://www.kingstone.com.tw//basic/2019010001516?zone=book&lid=book_class3_oae&actid=book_class3_oae,李渝,雄獅圖書  ,9789579420631,https://cdn.kingstone.com.tw/book/images/product/20190/2019010001516/2019010001516b.jpg
西洋祼體藝術大觀,https://www.kingstone.com.tw//basic/2029470020965?zone=book&lid=book_class3_oae&actid=book_class3_oae,百科文化  ,停售,,https://cdn.kingstone.com.tw/book/images/product/20294/2029470020965/2029470020965b.jpg
透視現代美術,https://www.kingstone.com.tw//basic/2029010006589?zone=book&lid=book_class3_oae&actid=book_class3_oae,許坤成,藝訊      ,,https://cdn.kingstone.com.tw/book/images/product/20290/2029010006589/2029010006589b.jpg
當代美術史,https://www.kingstone.com.tw//basic/2019090006180?zone=book&lid=book_class3_oae&actid=book_class3_oae,許坤成,聯亞      ,,https://cdn.kingstone.com.tw/book/images/product/20190/2019090006180/2019090006180b.jpg
現代藝術家論藝術,https://www.kingstone.com.tw//basic/2019010006306?zone=book&lid=book_class3_oae&actid=book_class3_oae,龍田      ,停售,,https://cdn.kingstone.com.tw/book/images/product/20190/2019010006306/2019010006306b.jpg
現代藝術的透視,https://www.kingstone.com.tw//basic/2019010007808?zone=book&lid=book_class3_oae&actid=book_class3_oae,孫旗,天山      ,,https://cdn.kingstone.com.tw/book/images/product/20190/2019010007808/2019010007808b.jpg
普普藝術,https://www.kingstone.com.tw//basic/2019480014481?zone=book&lid=book_class3_oae&actid=book_class3_oae,LUCY R.LIP,遠流      ,9789573214915,https://cdn.kingstone.com.tw/book/images/product/20194/2019480014481/2019480014481b.jpg
現代主義失敗了嗎,https://www.kingstone.com.tw//basic/2019010015391?zone=book&lid=book_class3_oae&actid=book_class3_oae,SUZI GABLI,遠流      ,9789573214533,https://cdn.kingstone.com.tw/book/images/product/20190/2019010015391/2019010015391b.jpg
巴黎現代藝術,https://www.kingstone.com.tw//basic/2019090018831?zone=book&lid=book_class3_oae&actid=book_class3_oae,陳英德,藝術家    ,,https://cdn.kingstone.com.tw/book/images/product/20190/2019090018831/2019090018831b.jpg
達達藝術和反藝術,https://www.kingstone.com.tw//basic/2019010012895?zone=book&lid=book_class3_oae&actid=book_class3_oae,漢斯利希特,藝術家    ,,https://cdn.kingstone.com.tw/book/images/product/20190/2019010012895/2019010012895b.jpg
現代美術新潮,https://www.kingstone.com.tw//basic/2019010011133?zone=book&lid=book_class3_oae&actid=book_class3_oae,楊熾宏,藝術圖書  ,,https://cdn.kingstone.com.tw/book/images/product/20190/2019010011133/2019010011133b.jpg
