ISBN,書籍簡介
9789572670187,"  
	新年到了，獨自１人在家而寂寞的俄羅斯打算叫朋友來家裡玩，但…？世界上的各個國家都變成了貓咪…？受到義大利啟發，法國和英國也開始挑戰造園！個性多樣的“國家”擬人化喜劇漫畫第５集！ "
9789864317707,"  
 英國很喜歡諷刺別人卻相當重視傳統，法國則非常喜愛時髦！將世界各國擬人化，歡樂地介紹各國年末年初是怎麼過的，以及各國特有的習慣等等♪也能學到關於羅馬皇帝的變遷和歷史上的偉人等相關知識，意外地讓人獲益良多的“國家”擬人化喜劇漫畫！ "
9789864317691,"  
 如果義大利這個國家是１個人類的話會怎麼樣？我想這人一定會很開朗、看到女孩就忍不住想稱讚！而德國樸實剛毅、日本肯定是個一本正經的人！？與這樣的國家們密切相關、將歷史上的偉人們也捲入其中的“國家”擬人化喜劇！
 這次的前半部分就跟往常一樣義大利將會與他快樂的夥伴們打打鬧鬧，後半部分則是描述羅馬皇帝們的故事。 "
9789572651193," 以前曾是敵人的勇者這次突然出現在拉多和多拉的面前！？除此之外，失散多年的妹妹和『乾淨無毒的半獸人』也出現了，伊涅絲和蘭娜的生活到底會變得怎麼樣呢！？於Ｔｗｉｔｔｅｒ上每日更新引發熱門話題的半獸人×成人影片業界的異色奇幻４格漫畫，堂堂迎接最後一集！ "
9786263046078,"  
眾所期盼的543回來了！

	 

	543裡面的小白與阿雀姨，

	奇摩高校裡的小男大姐頭，

	OL蔡桃桂裡的艾鈺冰張瑜梢，

	難道長得不帥就只能當個好人嗎？

	裡面的刀疤與TAKO等等角色，

	有可能身處同一個世界裡，

	相互接觸，共同演出漫畫嗎？

	River’s 543+就是一部這樣的漫畫作品！

	一起來見識一下River漫畫宇宙的生成吧！

	  "
4710945552934,"  
	懶惰者羅馬諾打算要主動工作了!?各國的戰鬥口糧（軍用攜帶糧食）又有什麼樣的內情呢？日本被招待前往英國經營的道地女僕咖啡廳，他會有什麼反應…。能夠發現各國新魅力的“國家”擬人化喜劇漫畫第４集!! "
9789571092997,"  
	★《電器街的漫畫店》作者最新戀愛喜劇力作

	★與鄰座的嬌小女生展開無法預測的日常！？

	 

	在各方面都讓人『無法預測』的青春戀愛喜劇第5集登場！！

	 

	阿波連玲奈同學是個「個子嬌小」又「文靜」的人。

	今天美術課的作業是自由製作，阿波連同學和來堂同學一起嘗試畫畫和捏黏土等等…

	但是到了交作業當天，

	阿波連同學卻遲遲沒有從畫室裡出來。

	感到擔心的來堂同學開門後卻發現…！？

	上古文課時「讓人傾心」，

	逛廟會時又「為時已晚」，

	阿波連同學在各方面都讓人無法預測。

	 

	收錄全新加筆特別漫畫，桃原老師的妄想大爆發！

	 

	如果喜歡《高木同學》讓人心癢癢的撩人互動，

	那麼更不應該錯過這部「行動派」的搞笑放閃。

	看來堂胡思亂想的內心

	與阿波連無法預測的行為，

	如何碰撞出時而吐糖、時而噴飯的無俚頭戀愛喜劇！

	  "
9789571093000,"  
	★《電器街的漫畫店》作者最新戀愛喜劇力作

	★與鄰座的嬌小女生展開無法預測的日常！？

	 

	在各方面都讓人『無法預測』的青春戀愛喜劇第6集登場！！

	 

	阿波連玲奈同學是個「個子嬌小」又「文靜」的人。

	來堂同學因為被妹妹嫌肚子太軟而開始鍛鍊肌肉，

	但隔天卻「肌肉痠痛」，連走路都有困難。

	擔心來堂同學的阿波連同學為了報答他平時的照顧，

	而在各方面協助他…！？

	不僅在男女分際上「不會拿捏距離」，

	還在露營區「耍浪漫」，

	阿波連同學在各方面都讓人無法預測。

	 

	收錄全新加筆特別漫畫，阿波連同學跟大城同學在帳篷裡做了什麼！？！

	 

	如果喜歡《高木同學》讓人心癢癢的撩人互動，

	那麼更不應該錯過這部「行動派」的搞笑放閃。

	看來堂胡思亂想的內心

	與阿波連無法預測的行為，

	如何碰撞出時而吐糖、時而噴飯的無俚頭戀愛喜劇！

	  "
9789571089065,"  
★★「傲嬌」「抖S」「妹系」等各種屬性服務生的咖啡廳等你來光臨!!★★
	☆☆ 動畫大好評，今天也要努力的「虐待」客人唷！\We are STILE!/ ☆☆


	因為秋月受傷使得「STILE」的廚房人手不足，
	店長與夏帆展開探病大作戰！

	麻冬姊的朋友彩人雖然來幫忙，
	然而這個人也有著跟帥氣外表相反，相當麻煩的一面！？

	另一方面，店長這次正式約莓香出去約會了！
	店長的妄想大爆發，莓香則苦惱於約會打扮，
	兩人關係更進一大步的一集！ "
9789863242703," 主角開始跟好幾位可愛的魔物娘同居，這是身為處男的他從未想像過的超級後宮。但是，法律竟然嚴格禁止人類跟魔物娘發生親密關係――！？讚日本國內創下累積發行２３０萬冊（２０１６年２月為止）佳績，是魔物娘類別漫畫的金字塔！ "
9789865406332,"  
漫畫界卡夫卡吉田戰車腦洞大開代表作。


	來自靈魂深處的惡搞，讓你欲罷不能、笑。到。往。生。
	榮獲日本第37屆文藝春秋漫畫賞！
	復刻祖父江慎設計、連日本都絕版難求的初版珍貴書衣！
	套書送作者為台灣版特別繪製明信片！
	第1集收錄書名誕生祕辛！第5集收錄作者為台灣版特別撰寫之後記！
	所有細節、招牌、手寫字隱藏的哏，首次全揭露！
	A RAY、Cherng、Zzifan_z、宅女小紅、李桐豪　推你入坑！

無厘頭漫畫界始祖、傳說中的cult經典、不正經界的夢幻逸品莫名其妙回歸！！

	《傳染》是1989年至1994年在小學館《Big Comic Spirits》雜誌上所連載的四格漫畫，作者為吉田戰車，初連載時吉田年僅25歲，將自己在日常生活中所吸收到來自於電視節目、漫畫、小說等所有「覺得有趣的東西」，以「相當任性的手法」呈現在這部作品上，當時的責任編輯就是後來創立《月刊IKKI》的總編輯江上英樹。《傳染》問世後大獲好評，叫好又叫座，並獲得日本第37屆文藝春秋漫畫賞的榮譽。整部作品一共五冊，單行本累計發售超過300萬冊，擁有相當高的人氣，也成了吉田戰車的代表作。

	《傳染》的每一則故事雖然不長，但都是來自靈魂深處的惡搞！一旦被戳中笑點，會讓你笑到崩潰，停不下來！故事主角十分多元且超乎想像，從人類、水獺、河童、外星人兄妹、香菇、獨角仙、沒有五官的熊，甚至是不知名生物（還是名英文教師！）……等，完全沒有極限。像這樣的四格漫畫在日本被稱為「不合理漫畫」（不条理漫画），極度無厘頭的內容，其實並非單純搞笑，許多「哏」諷刺了過於客套的人際關係、刻板的傳統習俗、考試文化、校園和職場氛圍等，不僅顛覆了當時的漫畫風格，現在看來依舊令人高度共鳴！被戳中笑點時會笑到發抖。

	吉田戰車非常擅長控制節奏和氣氛，利用突然爆發的落差感、以及同一角色持續累積的性格段子來營造笑點，可說是此領域的第一把交椅。可說是「日本無厘頭搞笑漫畫大師」，也有人以「漫畫界的卡夫卡」譽之。《傳染》連載結束已二十多年，但「傳染力」仍不容小覷，至今持續影響了日本和台灣的搞笑漫畫創作、搞笑藝人表演，甚至包括其他領域如廣告作品等的呈現。

	這次台灣繁體中文新版，特別鍥而不捨費心購得日本初版設計，取得裝幀大師祖父江慎的同意，復刻連日本都絕版難求、一樣腦洞大開的珍貴書衣，加上文庫版的全新彩色插畫，以及作者特別獻給台灣讀者的圖文。成為難得一見的珍稀版本！

好評推薦

	「要不是當年被傳染了，也不會有現在發病的我。」——插畫家A RAY
	 
	「連我這種怪人都難以參透《傳染》每篇的劇情邏輯，太出其不意，真是令人景仰的妙作。」——怪人插畫家Cherng
	 
	「如果你沒看過《傳染》，就不夠格到處跟別人說自己是個奇怪的人。」——插畫家Zzifan_z
	 
	「挑戰你對莫名其妙的容忍度，讀完它，你會發現老公不是最莫名的，《傳染》是我婚姻和諧的小祕密。」——（偏差的）婚姻教主宅女小紅
	 
	「這套書是漫畫界的夏宇《備忘錄》。每次都想去白鹿洞書院，借了，然後騙他們我弄丟了。」——作家李桐豪 "
9789571376868,"  
國寶漫畫大師 敖幼祥創作40週年，最新作品！
眾所期待，睽違七年，暢銷百萬冊——烏龍院「活寶」系列強勢回歸！
精彩爆笑、喜歡烏龍院大朋友、小朋友們千萬不能錯過！

	還記得烏龍院師徒：憨厚老實的大師兄、鬼靈精怪的小師弟、
	笑口常開的大頭師父與面惡心善的長眉師父嗎？
	還有等其他性格鮮明的角色：如活寶、艾飛、貓奴、葫蘆幫馬臉、沙克‧陽……
	闊別七年，這些廣受讀者歡迎的角色再度齊聚一堂，
	這次他們又會鬧出什麼笑話呢？

得獎記錄

	★國立編譯館93年優良漫畫榮譽獎
	★國立編譯館94年優良漫畫(第一名)
	★行政院新聞局 2004年度第22次推介中小學生優良課外讀物：漫畫類
	★行政院新聞局 2006年度第24次中小學生優良課外讀物推介：漫畫類
	★2003年金石堂、新學友書局漫畫類暢銷書榜書榜
	★2004-2007年，獲頒全球華語地區動漫傑出貢獻獎（共三屆）
	★2004-2007年，獲動漫榜中榜•港澳台年度最佳漫畫單行本（共三屆）
	★2005年，獲頒第七屆世界漫畫高峰會議「傑出成就獎」
	★2005年，獲第四屆台灣金像獎「最佳劇情獎」
	★2009年，獲頒中國漫神及兩岸青少年文化交流大使稱號
	★2014年，獲頒第五屆金漫獎 特別貢獻獎
	★2016年，《烏龍院動物星球套書》獲頒第七屆金漫獎 兒童漫畫獎 "
9789861093628,"  
	這是一本「魔物娘」愛好者獻給「魔物娘」的漫畫短篇集，收錄多名作家對於「魔物娘的同居日常」的衍生創作。此外，還特別收錄了原作者オカヤド的後記漫畫，是「魔物娘的同居日常」書迷不可錯過的精彩好書――！ "
9789864625550,"  
 這是一本「魔物娘」愛好者獻給「魔物娘」的漫畫短篇集，收錄多名作家及對於「魔物娘的同居日常」的衍生創作。此外，還特別收錄了原作者オカヤド的後記漫畫，以及「讀者投稿４格漫畫」比賽的精選得獎作品！ "
9789861082202," 即使到了第50集，西瓜皮先生還是不改他那頑皮、愛惡作劇的個性！直尺能不能拿來抓背？公司裝了免治馬桶座之後，西瓜皮先生會拿來做什麼用呢？看本書就知道了！ "
9789861070483," 已經連續上班30年的惡作劇天才上班族西瓜皮先生繼續惡作劇！除了騙人用木棒去敲寺廟的中之外，還用家裡的桌爐代替微波爐來加熱便當，甚至還在電影院吃煎餅、壓寶特瓶。他的惡作劇永無止境！ "
9789861130842," 西瓜皮先生今年也會帶給你歡笑，開春惡作劇表演秀開幕囉！短篇四格漫畫，幽默、喜劇、爆笑讓您在單調的生活多一點歡笑與色彩。 "
9789579652698," 阿努比斯竟然交了人類女友？芭絲特總是帶不同的人回家？依舊自戀的法老在同人場看到了……？包括了神來面試、人神聯誼、參拜神社、神與驅魔等，胡搞瞎搞埃及神ｉｎ現代日本，這本就是神到底！此時此刻☆埃及神完結篇！ "
9789577439826,"  
	★日本超人氣傳奇冒險遊戲官方四格漫畫出版！
	★繼《殺戮的天使》之後又一大受好評ADV開源遊戲漫畫登場！
	★Twitter連載大受歡迎的四格漫畫集結成冊！

	在Twitter每日連載而大受歡迎的《被虐的諾艾兒》官方四格漫畫，
	收錄全新加筆，眾所期待的漫畫版第二彈！
	兩人的復仇故事……就先稍微喘口氣，敬請享受由諾艾兒與卡隆
	這對高矮搭檔編織出與本篇風格迥異的溫馨搞笑故事☆

	©Yuri Tsukushiro 2018
	©kanawo 2018
	KADOKAWA CORPORATION "
9789869614719,"  
	聖蹟亭的守護神-倉頡，祂創造了中國文字，做為人類記錄與傳遞訊息的符號，這些文字演變成不同的表達形式。可是到了現代的文明，文化衝突之下，倉頡如何幫高三生羅語彤面臨升學的問題呢???

	傳說中，每一個被焚燒的文字都會化成蝴蝶，飛到天上告訴倉頡，民間沒有辜負倉頡造字的原意。隨著時代的變化，科技化的現代文明，民間日常已用打字代替寫字了，更別說去聖蹟亭焚燒文字了。

	有一天，好久不見的蝴蝶飛到倉頡身邊，喚醒倉頡封塵許久的喜悅，倉頡決定要好好的會會這位焚燒文字是何許人，原來是高三女生---羅語彤。

	故事就這樣開始了。 "
9789865112691,"  
	今天的小梅也是元氣滿點！
	真的是…真的是……
	超級可愛啊！！！（捶心肝大喊）

	眾目所望，16萬名Instagram追隨者期待已久的《貓熊與狗》終於來了！
	由作者Steven★Spielhamburg（貓熊）將與愛犬梅吉（14歲，♂）的生活點點滴滴畫成四格漫畫，展示貓熊與小梅的每個生活小細節，即使身為高齡犬，小梅依舊可愛無雙！
	既溫柔又可愛的漫畫，身為狗奴的你絕對不能錯過，這本許許多多能讓你會心一笑的名場面！！


	IG：https://www.instagram.com/steven_spielhamburg/
	Twitter：https://twitter.com/steven_spielham
	官網：https://steven-spielhamburg.com/

	日本AMAZON五星全好評大推薦！
	不管什麼時候打開來看、就算你是貓派，打開本書，你都能感覺到主人與狗狗的無敵可愛之處！！
	而身為狗派的你，看到小梅（14歲，♂）的日常生活時一定也會頻頻點頭，沒錯沒錯，我家的老犬也是這樣！ "
9789865406301,"  
漫畫界卡夫卡吉田戰車腦洞大開代表作。


	來自靈魂深處的惡搞，讓你欲罷不能、笑。到。往。生。
	榮獲日本第37屆文藝春秋漫畫賞！
	復刻裝幀大師祖父江慎設計、連日本都絕版難求的初版珍貴書衣！
	所有細節、招牌、手寫字隱藏的哏，首次全揭露！
	A RAY、Cherng、Zzifan_z、宅女小紅、李桐豪　推你入坑！

無厘頭漫畫界始祖、傳說中的cult經典、不正經界的夢幻逸品莫名其妙回歸！！

	《傳染》是1989年至1994年在小學館《Big Comic Spirits》雜誌上所連載的四格漫畫，作者為吉田戰車，初連載時吉田年僅25歲，將自己在日常生活中所吸收到來自於電視節目、漫畫、小說等所有「覺得有趣的東西」，以「相當任性的手法」呈現在這部作品上，當時的責任編輯就是後來創立《月刊IKKI》的總編輯江上英樹。《傳染》問世後大獲好評，叫好又叫座，並獲得日本第37屆文藝春秋漫畫賞的榮譽。整部作品一共五冊，單行本累計發售超過300萬冊，擁有相當高的人氣，也成了吉田戰車的代表作。

	《傳染》的每一則故事雖然不長，但都是來自靈魂深處的惡搞！一旦被戳中笑點，會讓你笑到崩潰，停不下來！故事主角十分多元且超乎想像，從人類、水獺、河童、外星人兄妹、香菇、獨角仙、沒有五官的熊，甚至是不知名生物（還是名英文教師！）……等，完全沒有極限。像這樣的四格漫畫在日本被稱為「不合理漫畫」（不条理漫画），極度無厘頭的內容，其實並非單純搞笑，許多「哏」諷刺了過於客套的人際關係、刻板的傳統習俗、考試文化、校園和職場氛圍等，不僅顛覆了當時的漫畫風格，現在看來依舊令人高度共鳴！被戳中笑點時會笑到發抖。

	吉田戰車非常擅長控制節奏和氣氛，利用突然爆發的落差感、以及同一角色持續累積的性格段子來營造笑點，可說是此領域的第一把交椅。可說是「日本無厘頭搞笑漫畫大師」，也有人以「漫畫界的卡夫卡」譽之。《傳染》連載結束已二十多年，但「傳染力」仍不容小覷，至今持續影響了日本和台灣的搞笑漫畫創作、搞笑藝人表演，甚至包括其他領域如廣告作品等的呈現。

	這次台灣繁體中文新版，特別鍥而不捨費心購得日本初版設計，取得裝幀大師祖父江慎的同意，復刻連日本都絕版難求、一樣腦洞大開的珍貴書衣，加上文庫版的全新彩色插畫，以及作者特別獻給台灣讀者的圖文。成為難得一見的珍稀版本！

好評推薦

	「要不是當年被傳染了，也不會有現在發病的我。」——插畫家A RAY
	 
	「連我這種怪人都難以參透《傳染》每篇的劇情邏輯，太出其不意，真是令人景仰的妙作。」——怪人插畫家Cherng
	 
	「如果你沒看過《傳染》，就不夠格到處跟別人說自己是個奇怪的人。」——插畫家Zzifan_z
	 
	「挑戰你對莫名其妙的容忍度，讀完它，你會發現老公不是最莫名的，《傳染》是我婚姻和諧的小祕密。」——（偏差的）婚姻教主宅女小紅
	 
	「這套書是漫畫界的夏宇《備忘錄》。每次都想去白鹿洞書院，借了，然後騙他們我弄丟了。」——作家李桐豪 "
9789865406318,"  
漫畫界卡夫卡吉田戰車腦洞大開代表作。


	來自靈魂深處的惡搞，讓你欲罷不能、笑。到。往。生。
	榮獲日本第37屆文藝春秋漫畫賞！
	復刻裝幀大師祖父江慎設計、連日本都絕版難求的初版珍貴書衣！
	所有細節、招牌、手寫字隱藏的哏，首次全揭露！
	A RAY、Cherng、Zzifan_z、宅女小紅、李桐豪　推你入坑！

無厘頭漫畫界始祖、傳說中的cult經典、不正經界的夢幻逸品莫名其妙回歸！！

	《傳染》是1989年至1994年在小學館《Big Comic Spirits》雜誌上所連載的四格漫畫，作者為吉田戰車，初連載時吉田年僅25歲，將自己在日常生活中所吸收到來自於電視節目、漫畫、小說等所有「覺得有趣的東西」，以「相當任性的手法」呈現在這部作品上，當時的責任編輯就是後來創立《月刊IKKI》的總編輯江上英樹。《傳染》問世後大獲好評，叫好又叫座，並獲得日本第37屆文藝春秋漫畫賞的榮譽。整部作品一共五冊，單行本累計發售超過300萬冊，擁有相當高的人氣，也成了吉田戰車的代表作。

	《傳染》的每一則故事雖然不長，但都是來自靈魂深處的惡搞！一旦被戳中笑點，會讓你笑到崩潰，停不下來！故事主角十分多元且超乎想像，從人類、水獺、河童、外星人兄妹、香菇、獨角仙、沒有五官的熊，甚至是不知名生物（還是名英文教師！）……等，完全沒有極限。像這樣的四格漫畫在日本被稱為「不合理漫畫」（不条理漫画），極度無厘頭的內容，其實並非單純搞笑，許多「哏」諷刺了過於客套的人際關係、刻板的傳統習俗、考試文化、校園和職場氛圍等，不僅顛覆了當時的漫畫風格，現在看來依舊令人高度共鳴！被戳中笑點時會笑到發抖。

	吉田戰車非常擅長控制節奏和氣氛，利用突然爆發的落差感、以及同一角色持續累積的性格段子來營造笑點，可說是此領域的第一把交椅。可說是「日本無厘頭搞笑漫畫大師」，也有人以「漫畫界的卡夫卡」譽之。《傳染》連載結束已二十多年，但「傳染力」仍不容小覷，至今持續影響了日本和台灣的搞笑漫畫創作、搞笑藝人表演，甚至包括其他領域如廣告作品等的呈現。

	這次台灣繁體中文新版，特別鍥而不捨費心購得日本初版設計，取得裝幀大師祖父江慎的同意，復刻連日本都絕版難求、一樣腦洞大開的珍貴書衣，加上文庫版的全新彩色插畫，以及作者特別獻給台灣讀者的圖文。成為難得一見的珍稀版本！

好評推薦

	「要不是當年被傳染了，也不會有現在發病的我。」——插畫家A RAY
	 
	「連我這種怪人都難以參透《傳染》每篇的劇情邏輯，太出其不意，真是令人景仰的妙作。」——怪人插畫家Cherng
	 
	「如果你沒看過《傳染》，就不夠格到處跟別人說自己是個奇怪的人。」——插畫家Zzifan_z
	 
	「挑戰你對莫名其妙的容忍度，讀完它，你會發現老公不是最莫名的，《傳染》是我婚姻和諧的小祕密。」——（偏差的）婚姻教主宅女小紅
	 
	「這套書是漫畫界的夏宇《備忘錄》。每次都想去白鹿洞書院，借了，然後騙他們我弄丟了。」——作家李桐豪 "
9789865406325,"  
漫畫界卡夫卡吉田戰車腦洞大開代表作。


	來自靈魂深處的惡搞，讓你欲罷不能、笑。到。往。生。
	榮獲日本第37屆文藝春秋漫畫賞！
	復刻裝幀大師祖父江慎設計、連日本都絕版難求的初版珍貴書衣！
	第5集收錄作者為台灣版特別撰寫之後記！
	所有細節、招牌、手寫字隱藏的哏，首次全揭露！
	A RAY、Cherng、Zzifan_z、宅女小紅、李桐豪　推你入坑！

無厘頭漫畫界始祖、傳說中的cult經典、不正經界的夢幻逸品莫名其妙回歸！！

	《傳染》是1989年至1994年在小學館《Big Comic Spirits》雜誌上所連載的四格漫畫，作者為吉田戰車，初連載時吉田年僅25歲，將自己在日常生活中所吸收到來自於電視節目、漫畫、小說等所有「覺得有趣的東西」，以「相當任性的手法」呈現在這部作品上，當時的責任編輯就是後來創立《月刊IKKI》的總編輯江上英樹。《傳染》問世後大獲好評，叫好又叫座，並獲得日本第37屆文藝春秋漫畫賞的榮譽。整部作品一共五冊，單行本累計發售超過300萬冊，擁有相當高的人氣，也成了吉田戰車的代表作。

	《傳染》的每一則故事雖然不長，但都是來自靈魂深處的惡搞！一旦被戳中笑點，會讓你笑到崩潰，停不下來！故事主角十分多元且超乎想像，從人類、水獺、河童、外星人兄妹、香菇、獨角仙、沒有五官的熊，甚至是不知名生物（還是名英文教師！）……等，完全沒有極限。像這樣的四格漫畫在日本被稱為「不合理漫畫」（不条理漫画），極度無厘頭的內容，其實並非單純搞笑，許多「哏」諷刺了過於客套的人際關係、刻板的傳統習俗、考試文化、校園和職場氛圍等，不僅顛覆了當時的漫畫風格，現在看來依舊令人高度共鳴！被戳中笑點時會笑到發抖。

	吉田戰車非常擅長控制節奏和氣氛，利用突然爆發的落差感、以及同一角色持續累積的性格段子來營造笑點，可說是此領域的第一把交椅。可說是「日本無厘頭搞笑漫畫大師」，也有人以「漫畫界的卡夫卡」譽之。《傳染》連載結束已二十多年，但「傳染力」仍不容小覷，至今持續影響了日本和台灣的搞笑漫畫創作、搞笑藝人表演，甚至包括其他領域如廣告作品等的呈現。

	這次台灣繁體中文新版，特別鍥而不捨費心購得日本初版設計，取得裝幀大師祖父江慎的同意，復刻連日本都絕版難求、一樣腦洞大開的珍貴書衣，加上文庫版的全新彩色插畫，以及作者特別獻給台灣讀者的圖文。成為難得一見的珍稀版本！

好評推薦

	「要不是當年被傳染了，也不會有現在發病的我。」——插畫家A RAY
	 
	「連我這種怪人都難以參透《傳染》每篇的劇情邏輯，太出其不意，真是令人景仰的妙作。」——怪人插畫家Cherng
	 
	「如果你沒看過《傳染》，就不夠格到處跟別人說自己是個奇怪的人。」——插畫家Zzifan_z
	 
	「挑戰你對莫名其妙的容忍度，讀完它，你會發現老公不是最莫名的，《傳染》是我婚姻和諧的小祕密。」——（偏差的）婚姻教主宅女小紅
	 
	「這套書是漫畫界的夏宇《備忘錄》。每次都想去白鹿洞書院，借了，然後騙他們我弄丟了。」——作家李桐豪 "
9789865406288,"  
漫畫界卡夫卡吉田戰車腦洞大開代表作。


	來自靈魂深處的惡搞，讓你欲罷不能、笑。到。往。生。
	榮獲日本第37屆文藝春秋漫畫賞！
	復刻裝幀大師祖父江慎設計、連日本都絕版難求的初版珍貴書衣！
	第1集收錄書名誕生荒誕祕辛！
	所有細節、招牌、手寫字隱藏的哏，首次全揭露！
	A RAY、Cherng、Zzifan_z、宅女小紅、李桐豪　推你入坑！

無厘頭漫畫界始祖、傳說中的cult經典、不正經界的夢幻逸品莫名其妙回歸！！

	《傳染》是1989年至1994年在小學館《Big Comic Spirits》雜誌上所連載的四格漫畫，作者為吉田戰車，初連載時吉田年僅25歲，將自己在日常生活中所吸收到來自於電視節目、漫畫、小說等所有「覺得有趣的東西」，以「相當任性的手法」呈現在這部作品上，當時的責任編輯就是後來創立《月刊IKKI》的總編輯江上英樹。《傳染》問世後大獲好評，叫好又叫座，並獲得日本第37屆文藝春秋漫畫賞的榮譽。整部作品一共五冊，單行本累計發售超過300萬冊，擁有相當高的人氣，也成了吉田戰車的代表作。

	《傳染》的每一則故事雖然不長，但都是來自靈魂深處的惡搞！一旦被戳中笑點，會讓你笑到崩潰，停不下來！故事主角十分多元且超乎想像，從人類、水獺、河童、外星人兄妹、香菇、獨角仙、沒有五官的熊，甚至是不知名生物（還是名英文教師！）……等，完全沒有極限。像這樣的四格漫畫在日本被稱為「不合理漫畫」（不条理漫画），極度無厘頭的內容，其實並非單純搞笑，許多「哏」諷刺了過於客套的人際關係、刻板的傳統習俗、考試文化、校園和職場氛圍等，不僅顛覆了當時的漫畫風格，現在看來依舊令人高度共鳴！被戳中笑點時會笑到發抖。

	吉田戰車非常擅長控制節奏和氣氛，利用突然爆發的落差感、以及同一角色持續累積的性格段子來營造笑點，可說是此領域的第一把交椅。可說是「日本無厘頭搞笑漫畫大師」，也有人以「漫畫界的卡夫卡」譽之。《傳染》連載結束已二十多年，但「傳染力」仍不容小覷，至今持續影響了日本和台灣的搞笑漫畫創作、搞笑藝人表演，甚至包括其他領域如廣告作品等的呈現。

	這次台灣繁體中文新版，特別鍥而不捨費心購得日本初版設計，取得裝幀大師祖父江慎的同意，復刻連日本都絕版難求、一樣腦洞大開的珍貴書衣，加上文庫版的全新彩色插畫，以及作者特別獻給台灣讀者的圖文。成為難得一見的珍稀版本！

好評推薦

	「要不是當年被傳染了，也不會有現在發病的我。」——插畫家A RAY
	 
	「連我這種怪人都難以參透《傳染》每篇的劇情邏輯，太出其不意，真是令人景仰的妙作。」——怪人插畫家Cherng
	 
	「如果你沒看過《傳染》，就不夠格到處跟別人說自己是個奇怪的人。」——插畫家Zzifan_z
	 
	「挑戰你對莫名其妙的容忍度，讀完它，你會發現老公不是最莫名的，《傳染》是我婚姻和諧的小祕密。」——（偏差的）婚姻教主宅女小紅
	 
	「這套書是漫畫界的夏宇《備忘錄》。每次都想去白鹿洞書院，借了，然後騙他們我弄丟了。」——作家李桐豪 "
9789865406295,"  
漫畫界卡夫卡吉田戰車腦洞大開代表作。


	來自靈魂深處的惡搞，讓你欲罷不能、笑。到。往。生。
	榮獲日本第37屆文藝春秋漫畫賞！
	復刻裝幀大師祖父江慎設計、連日本都絕版難求的初版珍貴書衣！
	所有細節、招牌、手寫字隱藏的哏，首次全揭露！
	A RAY、Cherng、Zzifan_z、宅女小紅、李桐豪　推你入坑！

無厘頭漫畫界始祖、傳說中的cult經典、不正經界的夢幻逸品莫名其妙回歸！！

	《傳染》是1989年至1994年在小學館《Big Comic Spirits》雜誌上所連載的四格漫畫，作者為吉田戰車，初連載時吉田年僅25歲，將自己在日常生活中所吸收到來自於電視節目、漫畫、小說等所有「覺得有趣的東西」，以「相當任性的手法」呈現在這部作品上，當時的責任編輯就是後來創立《月刊IKKI》的總編輯江上英樹。《傳染》問世後大獲好評，叫好又叫座，並獲得日本第37屆文藝春秋漫畫賞的榮譽。整部作品一共五冊，單行本累計發售超過300萬冊，擁有相當高的人氣，也成了吉田戰車的代表作。

	《傳染》的每一則故事雖然不長，但都是來自靈魂深處的惡搞！一旦被戳中笑點，會讓你笑到崩潰，停不下來！故事主角十分多元且超乎想像，從人類、水獺、河童、外星人兄妹、香菇、獨角仙、沒有五官的熊，甚至是不知名生物（還是名英文教師！）……等，完全沒有極限。像這樣的四格漫畫在日本被稱為「不合理漫畫」（不条理漫画），極度無厘頭的內容，其實並非單純搞笑，許多「哏」諷刺了過於客套的人際關係、刻板的傳統習俗、考試文化、校園和職場氛圍等，不僅顛覆了當時的漫畫風格，現在看來依舊令人高度共鳴！被戳中笑點時會笑到發抖。

	吉田戰車非常擅長控制節奏和氣氛，利用突然爆發的落差感、以及同一角色持續累積的性格段子來營造笑點，可說是此領域的第一把交椅。可說是「日本無厘頭搞笑漫畫大師」，也有人以「漫畫界的卡夫卡」譽之。《傳染》連載結束已二十多年，但「傳染力」仍不容小覷，至今持續影響了日本和台灣的搞笑漫畫創作、搞笑藝人表演，甚至包括其他領域如廣告作品等的呈現。

	這次台灣繁體中文新版，特別鍥而不捨費心購得日本初版設計，取得裝幀大師祖父江慎的同意，復刻連日本都絕版難求、一樣腦洞大開的珍貴書衣，加上文庫版的全新彩色插畫，以及作者特別獻給台灣讀者的圖文。成為難得一見的珍稀版本！

好評推薦

	「要不是當年被傳染了，也不會有現在發病的我。」——插畫家A RAY
	 
	「連我這種怪人都難以參透《傳染》每篇的劇情邏輯，太出其不意，真是令人景仰的妙作。」——怪人插畫家Cherng
	 
	「如果你沒看過《傳染》，就不夠格到處跟別人說自己是個奇怪的人。」——插畫家Zzifan_z
	 
	「挑戰你對莫名其妙的容忍度，讀完它，你會發現老公不是最莫名的，《傳染》是我婚姻和諧的小祕密。」——（偏差的）婚姻教主宅女小紅
	 
	「這套書是漫畫界的夏宇《備忘錄》。每次都想去白鹿洞書院，借了，然後騙他們我弄丟了。」——作家李桐豪 "
9789577432445,"  
	★日本超人氣傳奇冒險遊戲官方四格漫畫出版！
	★繼《殺戮的天使》之後又一大受好評ADV開源遊戲漫畫登場！
	★Twitter連載大受歡迎的四格漫畫集結成冊！

	在Twitter每日連載而大受歡迎的《被虐的諾艾兒》官方四格漫畫，
	收錄全新加筆，眾所期待的漫畫版終於出版！
	兩人的復仇故事……就先稍微喘口氣，敬請享受由諾艾兒與卡隆
	這對高矮搭檔編織出與本篇風格迥異的溫馨搞笑故事☆

	©Yuri TSUKUSHIRO 2017
	©kanawo 2017
	KADOKAWA CORPORATION "
9789575648725,"  
	在艦隊養成學生「鎮守府」裡，
	特型驅逐艦娘吹雪與其他驅逐艦娘一起迎接愉快校園生活！
	收錄月改二和鑑娘們為秋季秋刀魚祭出擊（捕魚）的奮鬥之姿，
	享受了秋天秋刀魚祭、冬天聖誕節、正月年節裝扮的鑑娘們，
	過著各種開心熱鬧的鎮守府生活，附帶解說及附錄漫畫喔！

本書特色

	★從頭開始展現各艦娘的魅力！
	★完整說明漫畫題材的由來！
	★隨著內容見証遊戲更新的軌跡！ "
9789575648732,"  
	在艦隊養成學生「鎮守府」裡，
	特型驅逐艦娘吹雪與其他驅逐艦娘一起迎接愉快校園生活！
	收錄鑑娘們過情人節的故事，同時也有來自法國的海外鑑赴任了！
	咦，等等！北海道海域受侵？擔心北海道海域（美食）的鑑娘們，
	為了守護北海道海域（美食）出擊！本書除了解說外，另外有
	白色情人節的附錄漫畫喔！

本書特色

	★從頭開始展現各艦娘的魅力！
	★完整說明漫畫題材的由來！
	★隨著內容見証遊戲更新的軌跡！ "
9789571376806,"  
八毛利錢莊搶案，摳門蔡捕頭迅速偵破！
苦菊艾寡婦棲居斷雲山腳下，看小師弟智破巨俑陣！

	人稱江湖第一狠的炮炮四兄弟，把歪腦筋動到八毛利錢莊金庫上，沒想到打劫不成，慘遭金庫之門擊暈，栽在烏龍院師徒與蔡捕頭的手上。
	為尋活寶，烏龍院師徒來到斷雲山腳下，遇到艾寡婦與艾飛，為攀上地勢險峻的斷雲山，小師弟、艾飛齊力「用頭腦」突破困境！

國寶漫畫大師 敖幼祥創作40週年，最新作品！
眾所期待，睽違七年，暢銷百萬冊——烏龍院「活寶」系列強勢回歸！
精彩爆笑、喜歡烏龍院大朋友、小朋友們千萬不能錯過！

	還記得烏龍院師徒：憨厚老實的大師兄、鬼靈精怪的小師弟、
	笑口常開的大頭師父與面惡心善的長眉師父嗎？
	還有等其他性格鮮明的角色：如活寶、艾飛、貓奴、葫蘆幫馬臉、沙克‧陽……
	闊別七年，這些廣受讀者歡迎的角色再度齊聚一堂，
	這次他們又會鬧出什麼笑話呢？

得獎記錄

	★國立編譯館93年優良漫畫榮譽獎
	★國立編譯館94年優良漫畫(第一名)
	★行政院新聞局 2004年度第22次推介中小學生優良課外讀物：漫畫類
	★行政院新聞局 2006年度第24次中小學生優良課外讀物推介：漫畫類
	★2003年金石堂、新學友書局漫畫類暢銷書榜書榜
	★2004-2007年，獲頒全球華語地區動漫傑出貢獻獎（共三屆）
	★2004-2007年，獲動漫榜中榜•港澳台年度最佳漫畫單行本（共三屆）
	★2005年，獲頒第七屆世界漫畫高峰會議「傑出成就獎」
	★2005年，獲第四屆台灣金像獎「最佳劇情獎」
	★2009年，獲頒中國漫神及兩岸青少年文化交流大使稱號
	★2014年，獲頒第五屆金漫獎 特別貢獻獎
	★2016年，《烏龍院動物星球套書》獲頒第七屆金漫獎 兒童漫畫獎 "
9789571376813,"  
改造鐵金剛進擊！血戰恐怖巨兔二齒魔！
烏龍師徒攜手鐵堡弟兄，巧扮兔兔潛地道臥底！

	鐵金剛迎戰巨大兔兔二齒魔，交戰之際，
	鐵盲公再度斷了左臂、深受重傷，此時，艾飛使出了活寶的力量……
	小師弟和鐵釘假扮兔兔臥底，靠色誘之術（？）取得地道圖，讓膠著的混戰出現曙光！

國寶漫畫大師 敖幼祥創作40週年，最新作品！
眾所期待，睽違七年，暢銷百萬冊——烏龍院「活寶」系列強勢回歸！
精彩爆笑、喜歡烏龍院大朋友、小朋友們千萬不能錯過！

	還記得烏龍院師徒：憨厚老實的大師兄、鬼靈精怪的小師弟、
	笑口常開的大頭師父與面惡心善的長眉師父嗎？
	還有等其他性格鮮明的角色：如活寶、艾飛、貓奴、葫蘆幫馬臉、沙克‧陽……
	闊別七年，這些廣受讀者歡迎的角色再度齊聚一堂，
	這次他們又會鬧出什麼笑話呢？

得獎記錄

	★國立編譯館93年優良漫畫榮譽獎
	★國立編譯館94年優良漫畫(第一名)
	★行政院新聞局 2004年度第22次推介中小學生優良課外讀物：漫畫類
	★行政院新聞局 2006年度第24次中小學生優良課外讀物推介：漫畫類
	★ 2003年金石堂、新學友書局漫畫類暢銷書榜書榜
	★2004-2007年，獲頒全球華語地區動漫傑出貢獻獎（共三屆）
	★2004-2007年，獲動漫榜中榜•港澳台年度最佳漫畫單行本（共三屆）
	★2005年，獲頒第七屆世界漫畫高峰會議「傑出成就獎」
	★2005年，獲第四屆台灣金像獎「最佳劇情獎」
	★2009年，獲頒中國漫神及兩岸青少年文化交流大使稱號
	★2014年，獲頒第五屆金漫獎 特別貢獻獎
	★2016年，《烏龍院動物星球套書》獲頒第七屆金漫獎 兒童漫畫獎 "
9789571376820,"  
木妖咒怨魂不散，胖師父慘中木蕊毒！
烏龍師徒真情共患難，大小師兄弟智鬥葫蘆幫！

	為尋活寶，烏龍師徒深入遭祝融吞噬、恐怖玄疑的五老林，
	沒想到胖師父誤中木蕊毒，全身「木化」，還被大師兄阿亮錯認為木妖！
	為證明身分，胖師父情急下說出阿亮不為人知的祕密，
	沒想到卻換來無情的火刑伺候！——你知道的太多了！
	葫蘆幫帶著祕密武器——
	一個穿著詭異肌甲、能任意改變型態成綿羊或蝸牛（？）的林公公，
	會帶給烏龍師徒什麼威脅呢？！

國寶漫畫大師 敖幼祥創作40週年，最新作品！
眾所期待，睽違七年，暢銷百萬冊——烏龍院「活寶」系列強勢回歸！
精彩爆笑、喜歡烏龍院大朋友、小朋友們千萬不能錯過！

	還記得烏龍院師徒：憨厚老實的大師兄、鬼靈精怪的小師弟、
	笑口常開的大頭師父與面惡心善的長眉師父嗎？
	還有等其他性格鮮明的角色：如活寶、艾飛、貓奴、葫蘆幫馬臉、沙克‧陽……
	闊別七年，這些廣受讀者歡迎的角色再度齊聚一堂，
	這次他們又會鬧出什麼笑話呢？

得獎記錄

	★國立編譯館93年優良漫畫榮譽獎
	★國立編譯館94年優良漫畫(第一名)
	★行政院新聞局 2004年度第22次推介中小學生優良課外讀物：漫畫類
	★行政院新聞局 2006年度第24次中小學生優良課外讀物推介：漫畫類
	★2003年金石堂、新學友書局漫畫類暢銷書榜書榜
	★2004-2007年，獲頒全球華語地區動漫傑出貢獻獎（共三屆）
	★2004-2007年，獲動漫榜中榜•港澳台年度最佳漫畫單行本（共三屆）
	★2005年，獲頒第七屆世界漫畫高峰會議「傑出成就獎」
	★2005年，獲第四屆台灣金像獎「最佳劇情獎」
	★2009年，獲頒中國漫神及兩岸青少年文化交流大使稱號
	★2014年，獲頒第五屆金漫獎 特別貢獻獎
	★2016年，《烏龍院動物星球套書》獲頒第七屆金漫獎 兒童漫畫獎 "
9789571376837,"  
五老林打造天斧柄，貓奴性感遞情報！
無塵、有儉強碰烏龍院，艾飛、小師弟奔放青春池！

	小師弟與艾飛接受獸區請託，搭乘出事率百分百的吊籠和一點都不可愛的驚險鴨鴨船前往帝國臥底，千辛萬苦還沾了滿身屎！
	沙克‧陽被水觀音座前四鳳抓住，怎麼逼供都不願開口，梅大姐使出一擊必中的剁骨斬，千鈞一髮之際，解救沙克‧陽的卻是香蕉皮？

國寶漫畫大師 敖幼祥創作40週年，最新作品！
眾所期待，睽違七年，暢銷百萬冊——烏龍院「活寶」系列強勢回歸！
精彩爆笑、喜歡烏龍院大朋友、小朋友們千萬不能錯過！

	還記得烏龍院師徒：憨厚老實的大師兄、鬼靈精怪的小師弟、
	笑口常開的大頭師父與面惡心善的長眉師父嗎？
	還有等其他性格鮮明的角色：如活寶、艾飛、貓奴、葫蘆幫馬臉、沙克‧陽……
	闊別七年，這些廣受讀者歡迎的角色再度齊聚一堂，
	這次他們又會鬧出什麼笑話呢？

得獎記錄

	★國立編譯館93年優良漫畫榮譽獎
	★國立編譯館94年優良漫畫(第一名)
	★行政院新聞局 2004年度第22次推介中小學生優良課外讀物：漫畫類
	★行政院新聞局 2006年度第24次中小學生優良課外讀物推介：漫畫類
	★2003年金石堂、新學友書局漫畫類暢銷書榜書榜
	★2004-2007年，獲頒全球華語地區動漫傑出貢獻獎（共三屆）
	★2004-2007年，獲動漫榜中榜•港澳台年度最佳漫畫單行本（共三屆）
	★2005年，獲頒第七屆世界漫畫高峰會議「傑出成就獎」
	★2005年，獲第四屆台灣金像獎「最佳劇情獎」
	★2009年，獲頒中國漫神及兩岸青少年文化交流大使稱號
	★2014年，獲頒第五屆金漫獎 特別貢獻獎
	★2016年，《烏龍院動物星球套書》獲頒第七屆金漫獎 兒童漫畫獎 "
9789571376844,"  
沙克．陽魅力無法擋，帥氣迷倒水觀音座下四鳳！
真假水觀音傻傻分不清，半形人大軍進攻完美帝國！

	煉丹師沙克‧陽被水觀音座下四鳳生擒，原以為會被「凌虐」，
	沒想到四鳳看到小鮮肉後竟然心軟？！——果然人帥真好！（無誤）
	水觀音建立完美帝國，從事優生種族改造，沒想到卻被艾飛識破，揪出眼前的水觀音竟是「假貨」？關鍵點竟是水觀音太過「完美」——擁有假睫毛、假髮、假胸部……？

國寶漫畫大師 敖幼祥創作40週年，最新作品！
眾所期待，睽違七年，暢銷百萬冊——烏龍院「活寶」系列強勢回歸！
精彩爆笑、喜歡烏龍院大朋友、小朋友們千萬不能錯過！

	還記得烏龍院師徒：憨厚老實的大師兄、鬼靈精怪的小師弟、
	笑口常開的大頭師父與面惡心善的長眉師父嗎？
	還有等其他性格鮮明的角色：如活寶、艾飛、貓奴、葫蘆幫馬臉、沙克‧陽……
	闊別七年，這些廣受讀者歡迎的角色再度齊聚一堂，
	這次他們又會鬧出什麼笑話呢？

得獎記錄

	★國立編譯館93年優良漫畫榮譽獎
	★國立編譯館94年優良漫畫(第一名)
	★行政院新聞局 2004年度第22次推介中小學生優良課外讀物：漫畫類
	★行政院新聞局 2006年度第24次中小學生優良課外讀物推介：漫畫類
	★2003年金石堂、新學友書局漫畫類暢銷書榜書榜
	★2004-2007年，獲頒全球華語地區動漫傑出貢獻獎（共三屆）
	★2004-2007年，獲動漫榜中榜•港澳台年度最佳漫畫單行本（共三屆）
	★2005年，獲頒第七屆世界漫畫高峰會議「傑出成就獎」
	★2005年，獲第四屆台灣金像獎「最佳劇情獎」
	★2009年，獲頒中國漫神及兩岸青少年文化交流大使稱號
	★2014年，獲頒第五屆金漫獎 特別貢獻獎
	★2016年，《烏龍院動物星球套書》獲頒第七屆金漫獎 兒童漫畫獎 "
9789571376851,"  
大師兄做香辣肉丸，沙克．陽端無心催命麵，
最終辣神誰勝出？
辣婆婆錦囊相贈指引地獄谷，尋得黃金盔甲！

	大師兄和沙克‧陽前往地獄谷尋活寶，
	不料變成一瘸一瞎，受困大漠……
	小師弟與馬臉深入沙漠尋找兩人，見大師兄暈倒在地，
	馬臉決定用深情一吻救醒大師兄？！
	水觀音搶奪活寶「右」，寄宿在肺癆張總管身上的活寶「左」現身救援！
	情急吞下「右」的大師兄居然長出胸部，成了女人？

國寶漫畫大師 敖幼祥創作40週年，最新作品！
眾所期待，睽違七年，暢銷百萬冊——烏龍院「活寶」系列強勢回歸！
精彩爆笑、喜歡烏龍院大朋友、小朋友們千萬不能錯過！

	還記得烏龍院師徒：憨厚老實的大師兄、鬼靈精怪的小師弟、
	笑口常開的大頭師父與面惡心善的長眉師父嗎？
	還有等其他性格鮮明的角色：如活寶、艾飛、貓奴、葫蘆幫馬臉、沙克．陽……
	闊別七年，這些廣受讀者歡迎的角色再度齊聚一堂，
	這次他們又會鬧出什麼笑話呢？

得獎記錄

	★國立編譯館93年優良漫畫榮譽獎
	★國立編譯館94年優良漫畫(第一名)
	★行政院新聞局 2004年度第22次推介中小學生優良課外讀物：漫畫類
	★行政院新聞局 2006年度第24次中小學生優良課外讀物推介：漫畫類
	★2003年金石堂、新學友書局漫畫類暢銷書榜書榜
	★2004-2007年，獲頒全球華語地區動漫傑出貢獻獎（共三屆）
	★2004-2007年，獲動漫榜中榜•港澳台年度最佳漫畫單行本（共三屆）
	★2005年，獲頒第七屆世界漫畫高峰會議「傑出成就獎」
	★2005年，獲第四屆台灣金像獎「最佳劇情獎」
	★2009年，獲頒中國漫神及兩岸青少年文化交流大使稱號
	★2014年，獲頒第五屆金漫獎 特別貢獻獎
	★2016年，《烏龍院動物星球套書》獲頒第七屆金漫獎 兒童漫畫獎 "
9789571084893,"  
	♔TV動畫預計2019年4月開始播放!!
	♔《三顆星彩色冒險》カツヲ老師獻上清新療癒系四格漫畫
	♔目標現充生活!!!孤零零女孩的交友大作戰──

	為了捍衛友情，只能背水一戰!!
	邊緣人波知今天也非常努力★

	超怕生的女孩．一里波知，要是不能和國中全班同學變成朋友的話，
	她唯一的朋友就宣言要和她絕交!?
	為了保衛友情，波知開始了她波瀾萬丈的交友生活。

	升上二年級之後，波知依然努力地結交新朋友，
	雖然常常因為緊張而鬧出許多笑話，
	但不知不覺間也和朋友們體驗了許多活動。
	歌唱比賽、校外教學、合宿、自由研究、話劇表演……
	不管在什麼地方都很努力交朋友的第４集登場！ "
9789864829415,"  
	在成人影片業界負責化妝師工作的伊涅絲，不只得跟魔王的女兒同居，還得每天跟半獸人男演員一邊被怪咖公主女演員耍得團團轉一邊持續奮鬥！除了Ｗｅｂ連載的７話故事以外，這次還收錄了許多特別加筆４格漫畫及插圖！ "
9789575647650,"  
	★非人×少女。描寫被巨大骷髏纏上的少女的日常生活。
	★溫馨可愛的四格漫畫！

	百重奈美被餓者骷髏纏上？
	某天在山上遇到黑色小小的神祕生物。
	骷髏先生要奈美小心，
	那東西卻不知為何跟到了家裡…

	©Asa Kuwayoshi 2017 "
4713510131947,"  
	★以《刀劍神域》的角色來演出眾多搞笑劇情。
	★符合原作插畫的畫工與以原作為基礎衍生而出的趣味橫生故事。

	 

	這雖然是遊戲，但可不是鬧著玩的…………大概啦。
	將刀劍神域中各種原作場景以搞笑方式重新呈現，此外還有各種角色個性崩壞。
	遵循原作故事（？）的正統派四格漫畫！

	©REKI KAWAHARA/MINAMIJYUJISEI 2012 "
9789575646578,"  
	「我不是BUNNY！是巴納比！」
	「我才不是那樣說的！」
	在打擊犯罪的閒暇之餘，英雄私底下的生活究竟是什麼模樣呢？
	從另一個角度來看《TIGER & BUNNY》中英雄們所鬧出來的笑料吧！

本書特色

	★爆笑四格&溫馨短篇交織而成的英雄生活！
	★有歡笑、有淚水、有苦難，還有各種脫線的英雄表演！ "
9789572602362,"  
	人氣四格漫畫WORKING!!迷糊餐廳在連載十年間作者在各處加畫的宣傳用作品，再加上最終回的番外篇Re:ORDER全部集結於本書。可以稍微看到小鳥遊和伊波，佐藤和八千代成為情侶以後的發展，還有種島白楊、相馬、山田等各個角色後來的日常生活。也不能錯過姐妹作WEB版 WORKING!!迷糊餐廳的角色上場客串。 "
9789575644550,"  
	在艦隊養成學生「鎮守府」裡，
	特型驅逐艦娘吹雪與其他驅逐艦娘一起迎接愉快校園生活！

	收錄從出擊期間限定海域！的126話，到在期間限定海域邂逅的Iowa到任的140話，以及特別繪製漫畫跟各關鍵字解說喔！

本書特色

	★從頭開始展現各艦娘的魅力！
	★完整說明漫畫題材的由來！
	★隨著內容見証遊戲更新的軌跡！ "
9789575644543,"  
	在艦隊養成學生「鎮守府」裡，
	特型驅逐艦娘吹雪與其他驅逐艦娘一起迎接愉快校園生活！

	收錄聖誕風景、能夠獨當一面的淑女等故事，還有特別繪製漫畫跟各關鍵字解說喔！

本書特色

	★從頭開始展現各艦娘的魅力！
	★完整說明漫畫題材的由來！
	★隨著內容見証遊戲更新的軌跡！ "
9789575643287,"  
	女高中生日常生活，本集邁入高中生涯重頭戲──修學旅行篇！

本書特色

	★日本NICO NICO大受好評的動畫之原作漫畫！
	★描寫高中女孩的日常生活，趣味橫生的四格作品。 "
9789575643294,"  
	感覺似乎會發生什麼事情，但卻沒發生任何事情的女高中生日常生活。
	接下來她們即將面臨思考畢業後的選擇......

本書特色

	★日本NICO NICO大受好評的動畫之原作漫畫！
	★描寫高中女孩的日常生活，趣味橫生的四格作品。 "
9789575643300,"  
	感覺似乎會發生什麼事情，但卻沒發生任何事情的女高中生日常生活。
	女孩們畢業囉──！！！

本書特色

	★日本NICO NICO大受好評的動畫之原作漫畫！
	★描寫高中女孩的日常生活，趣味橫生的四格作品。 "
9789571079721,"  
★★「傲嬌」「抖S」「妹系」等各種屬性服務生的咖啡廳等你來光臨！！★★
	☆☆ 2017年10月動畫熱烈上映，今天也要努力的「虐待」客人唷！ ☆☆


■前情提要■
	來到了有著傲嬌、妹系等各種「屬性」的咖啡廳，
	新人店員苺香被店長指派的是「虐待狂」的S屬性！？
	努力工作的同時，意外的也讓「虐待狂」才能漸漸開花……
	充滿歡樂的打工族四格漫畫！

■故事簡介■
	莓香與咖啡店「STILE」的夥伴們一同跨年、舉辦特賣活動。
	過了一年，店長的心意似乎仍然傳達不到……
	但在美雨的計策之下，事情竟然發展到兩人一起去約會！？
	莓香的天然抖S越來越熟練的第4集，登場！ "
9789571079059,"  
★《三顆星彩色冒險》カツヲ老師獻上清新療癒系四格漫畫★
★目標現充生活！！孤零零女孩的交友大作戰！？★

	極度怕生的國中女生為了交朋友而背水一戰！她孤獨的未來能有所改變嗎！？
	我到底……要怎麼樣才能交到朋友呢？
	超怕生的女孩‧一里波知，要是不能和國中全班同學變成朋友的話，
	她唯一的朋友就宣言要和她絕交！？
	為了保衛友情，波知開始了她波瀾萬丈的交友生活。

	一年級結束前，波知終於成功地交到了幾個朋友，
	但升上二年級後最大的考驗──換班，即將到來!?
	波知該如何度過這個難關呢？
	充滿個性的新角色接連登場！充滿新氣象的第3集！ "
9789578531529,"  
	不怎麼加速的世界即將減速到精彩完結篇！？
	大天使梅丹佐的開始（出場）與結束（退場）全都濃縮在這一集！
	且看黑雪公主與春雪等人最後的賣命搞笑吧！！

本書特色

	★在原作輕小說的人物，世界觀等背景設定下延伸出的搞笑四格漫畫。
	★把角色形象破壞殆盡的笑點讓人欲罷不能。 "
9789571078106,"  
★《三顆星彩色冒險》カツヲ老師獻上清新療癒系四格漫畫★
★目標現充生活！！孤零零女孩的交友大作戰！？★


	極度怕生的國中女生為了交朋友而背水一戰！她孤獨的未來能有所改變嗎！？
	我到底……要怎麼樣才能交到朋友呢？
	超怕生的女孩‧一里波知，要是不能和國中全班同學變成朋友的話，
	她唯一的朋友就宣言要和她絕交！？

	在經過一學期的努力後，波知終於交到了幾位充滿個性的新朋友！
	嘴上不饒人的不良少女‧奈子。
	令人惋惜的副班長‧亞琉。
	對忍者感興趣的外國人‧蘇朵嘉。
	但此時，波知的「全班交友計畫」卻開始停滯了...！？
	獨行俠的交友大挑戰，搞怪又輕鬆的日常，第2集登場。 "
9789864739707,"  
	百重奈美不知為何被餓者骷髏纏上了（？），
	開始家裡蹲生活，幸好現在能夠上學了。
	但是若無其事跟到學校的骷髏先生也是個問題…

本書特色

	★非人×少女。描寫被巨大骷髏纏上的少女的日常生活。
	★溫馨可愛的四格漫畫！ "
9789864739691,"  
	在艦隊養成學生「鎮守府」裡，
	特型驅逐艦娘吹雪與其他驅逐艦娘一起迎接愉快校園生活！
	在戰艦與航母的學姊帶領之下，
	眾人即將挑戰高難度的活動海域！？

本書特色

	★從頭開始展現各艦娘的魅力！
	★完整說明漫畫題材的由來！
	★隨著內容見證遊戲更新的軌跡！ "
9789571077567,"  
★目標現充的清新搞笑四格漫畫登場，孤零零的怕生少女，能夠和全班同學變成朋友嗎？★

	「我到底……要怎麼樣才能交到朋友呢？」

	極度怕生的國中女生為了交朋友而背水一戰！她孤獨的未來能有所改變嗎！？
	超怕生的女孩‧一里波知，要是不能和國中全班同學變成朋友的話，
	她唯一的朋友就宣言要和她絕交！？
	獨行俠的交友大挑戰，正式開始！！ "
9789571077109,"  
★★「傲嬌」「抖S」「妹系」等各種屬性服務生的咖啡廳等你來光臨！！★★
 ☆☆ 2017年10月動畫熱烈上映中，今天也要努力的「虐待」客人唷！ ☆☆


 來到了有著傲嬌、妹系等各種「屬性」的咖啡廳，新人店員苺香被店長指派的是「虐待狂」的S屬性！？
 努力工作的同時，意外的也讓「虐待狂」才能漸漸開花……
 充滿歡樂的打工族四格漫畫！

 季節雖然是冬天，但是咖啡店「STILE」的戀愛故事卻不斷加溫！
 夏帆與秋月，麻冬與某位男性客人意外地急速接近，
 而店長也終於為了向莓香告白，計畫了一場兩天一夜的滑雪旅行…！？

 新加入的同事是帶著全新屬性的可愛「女孩」！？
 越來越可愛的屬性調教四格漫畫，第3集登場！ "
9789864738847,"  
	這雖然是遊戲，但可不是鬧著玩的…………大概啦。
	將刀劍神域中各種原作場景以搞笑方式重新呈現，
	本集將可以看到幽靈子彈與聖母聖詠的全新詮釋！
	遵循原作故事（？）的正統派四格漫畫！

本書特色

	★以《刀劍神域》的角色來演出眾多搞笑劇情。
	★符合原作插畫的畫工與以原作為基礎衍生而出的趣味橫生故事。 "
9789864829408,"  
	孤兒院出身的少女．伊涅絲前去就職的公司居然是一家有著半獸人員工的黑心企業──！而且工作內容還是製作要給大人看的成人影片!?半獸人×ＡＶ業界的異色奇幻４格漫畫！除了Web連載的部分以外，還收錄了許多特別加筆漫畫和插圖！ "
9789570849417,"  
貓咪化身歷史人物，演繹超爆笑日本史！
	徹底顛覆你的歷史知識，史上最萌，沒有之一！

	《喵的咧～貓咪戲說日本史！》系列作在日本累計銷售突破250000冊
	日本NHK電視台每週三好評播放中！


	聖德太子興建法隆寺廣受好評，其實只是因為木造建築超適合貓咪磨爪！？
	賜給貴族貓罐頭卻只給武士魚骨頭，後醍醐天皇的新政因此引發不滿！？
	將軍綱吉頒布的「生類憐憫令」，居然要百姓愛護貓咪的天敵──狗！？
	黑船來航簽訂的不平等條約內容竟是要開更多貓咪咖啡廳！？
	──咦咦咦，這樣真的好嗎！？

	當最愛懶洋洋曬太陽、悠哉磨爪子的貓咪們化身聖德太子與小野妹子、上杉謙信與武田信玄、坂本龍馬與中村慎太郎……讓人意想不到的歷史人物擬貓化！透過知名的角色與事件，帶領你一同了解天翻地覆、風起雲湧的日本史！

	《喵的咧～貓咪戲說日本史！1》利用貓咪與歷史人物之間的「反差萌」描繪一則則搞笑逗趣的四格漫畫，不管是忠臣藏的故事也好，櫻田門外事變也罷，無厘頭的敘事手法與意想不到的「超展開」，跳脫歷史框架、揭露歷史秘辛（？），讓人捧腹大笑，也讓讀者可以用最輕鬆簡單的方式了解日本史，此外每篇漫畫最後都有獨立小專欄介紹主角的生平事蹟，兼具知識性與趣味性，絕對不容錯過！ "
9789570849424,"  
貓咪化身歷史人物，演繹超爆笑日本史！
	徹底顛覆你的歷史知識，史上最萌，沒有之一！


	《喵的咧～貓咪戲說日本史！》系列作在日累計銷售突破250000冊
	日本NHK電視台每週三好評播放中！
	平安朝第一才女紫式部竟把情書當作文批改，莫非染上了「編輯這種病」！？
	獨眼龍政宗每天早晨做的第一件事，就是挑個造型可愛的眼罩！？
	劍豪宮本武藏打遍天下無敵手，其實只是因為體型龐大！？
	新選組之所以能在池田屋事變中一舉成擒，多虧近藤勇手中的逗貓棒！？
	──喂喂喂，這樣沒問題嗎！？

	當最愛懶洋洋曬太陽、悠哉磨爪子的貓咪們化身聖德太子與小野妹子、上杉謙信與武田信玄、坂本龍馬與中村慎太郎……讓人意想不到的歷史人物擬貓化！透過知名的角色與事件，帶領你一同了解天翻地覆、風起雲湧的日本史！

	《喵的咧～貓咪戲說日本史！2》書中利用貓咪與歷史人物之間的「反差萌」描繪一則則搞笑逗趣的四格漫畫，不管是忠臣藏的故事也好，櫻田門外事變也罷，無厘頭的敘事手法與意想不到的「超展開」，跳脫歷史框架、揭露歷史秘辛（？），讓人捧腹大笑，也讓讀者可以用最輕鬆簡單的方式了解日本史，此外每篇漫畫最後都有獨立小專欄介紹主角的生平事蹟，兼具知識性與趣味性，絕對不容錯過！ "
9789864735730,"  
 在艦隊養成學生「鎮守府」裡，
 特型驅逐艦娘吹雪與其他驅逐艦娘一起迎接愉快校園生活！

 在戰艦與航母的學姊帶領之下，
 眾人即將挑戰高難度的活動海域!?

本書特色

 ★從頭開始展現各艦娘的魅力！
 ★完整說明漫畫題材的由來！
 ★隨著內容見證遊戲更新的軌跡！ "
9789864735402,"  
	★非人×少女。描寫被巨大骷髏纏上的少女的日常生活。
	★溫馨可愛的四格漫畫！

	百重奈美剛成為高中生，
	不知為何在大概一個月前被餓者骷髏纏上了（？），
	現在正熱烈地家裡蹲。
	而同班同學一咲創士來找這樣的奈美…

	©Asa Kuwayoshi 2016 "
9789864733965,"  
 親姊姊、老姊、妹妹齊聚一堂!?
 讓人臉紅心跳的家族溫泉旅行Let`s go！

 作為考試獲得好成績的獎勵，
 吾郎跟春決定來一趟曬恩愛的溫泉旅行。
 可是擔任司機的人是親姐姐楓，
 同居的葵也一起跟來，吾郎陷入意想不到的家族後宮狀態!?
 在深山裡遇難，眼前突然出現神祕的野生兒。
 楓好像有什麼企圖，而春的模樣也有點奇怪…!?
 被沒有血緣關係的姊妹包圍，
 衝擊的戀姊情節喜劇漫畫第三集！

本書特色

 ★《鬼灯家的大姊姊》最新續作。喜歡惡整沒有血緣關係的弟弟吾朗的鬼灯春回來了！
 ★美女大姊姊春加上無極限的妹妹葵，尺度比《鬼灯家的大姊姊》更加破表！
 ★被沒有血緣關係的姊妹所圍繞，有點色色的日常戀姊情結喜劇漫畫！ "
9789571067919,"  
	來到了有著傲嬌、妹系等各種「屬性」的咖啡廳，
	新人店員苺香被店長指派的是「虐待狂」的S屬性！？

	努力工作的同時，
	意外的也讓「虐待狂」才能漸漸開花……

	充滿歡樂的打工族四格漫畫！ "
9789864625543,"  
 這是一本「魔物娘」愛好者獻給「魔物娘」的漫畫短篇集。由「瞳老師的保健室」作者鮭夫負責封面插畫，內容收錄了221、クール教信者、円之怜、鳥取砂丘、黒川おとぎ、有瀬祐志、白羽まと、ステルス改行、7010、鉄巻とーます、健康クロス、U-temo、人外モドキ，以及原作者オカヤド等多名作家對於「魔物娘的同居日常」的衍生創作。此外還特別收錄了「讀者投稿４格漫畫」比賽的精選得獎作品！ "
9789863669500,"  
 在艦隊養成學生「鎮守府」裡，
 特型驅逐艦娘吹雪與其他驅逐艦娘一起迎接愉快校園生活！
 在戰艦與航母的學姊帶領之下，
 眾人即將挑戰高難度的活動海域!?

本書特色

 ★從頭開始展現各艦娘的魅力！
 ★完整說明漫畫題材的由來！
 ★隨著內容見証遊戲更新的軌跡！ "
4718016016736,"  
 小５的弟弟與高２的姊姊身高相反的日常喜劇！
 小雛的祕密武器讓淳司不再被當成可疑人物！？
 蘿莉控吉岡的哥哥闖入淳美的學校，
 竟對沙夜發表數十年後的愛的宣言！？
 活寶姊弟爆笑４格漫畫第７集囉！

本書特色

 ●三度改編動畫！

 ●外表是大人，實際卻是小學生的弟弟；外表是小孩，實際卻是高中生的姊姊，充滿反差的日常搞笑４格漫畫！ "
9789864312276," 可愛又性感的SUPER SONICO在日常生活中會是什麼樣子呢？受到父親影響而攻讀海洋生物學的SUPER SONICO，因實地勘察而遇到了一隻與眾不同的海豚，她與這隻海豚將會發生什麼驚奇又有趣的故事呢？本書描寫了Nitro+的代言人SUPER SONICO在日常生活中所遇到的各式各樣稀奇古怪的故事，其中還有與第一宇宙速度的成員們一起發生的故事喔！SUPER SONICO四格漫畫爆笑登場囉！ "
9789863668299,"  
 在艦隊養成學生「鎮守府」裡，
 剛入學的吹雪與其他驅逐艦娘一起迎接愉快校園生活！
 在戰艦與航母的學姊帶領之下，究竟會鬧出什麼樣的喜劇呢!?

本書特色

 ★從頭開始展現各艦娘的魅力！
 ★完整說明漫畫題材的由來！
 ★隨著內容見証遊戲更新的軌跡！ "
9789571063034,"  
 來到了有著傲嬌、妹系等各種「屬性」的咖啡廳，
 新人店員苺香被店長指派的是「虐待狂」的S屬性！？
 努力工作的同時，
 意外的也讓「虐待狂」才能漸漸開花……
 充滿歡樂的打工族四格漫畫！ "
9789863668213,"  
 由《加速世界》原作的角色們所展開的多采多姿，趣味橫生小故事。
 完全顛覆原作形象，大家全都努力地搞笑，吐嘈乃至耍冷。
 是會讓讀者們感到有點兒熟悉，卻又完全不同的全新系列作。

 © REKI KAWAHARA/AKARIRYURYUU 2015

本書特色

★在原作輕小說的人物，世界觀等背景設定下延伸出的搞笑四格漫畫。
★把角色形象破壞殆盡的笑點讓人欲罷不能。 "
9789863482994," 睽違已久的貓咪搞笑吐槽四格漫畫終於出第五集了！個性散漫的小桃，又把風助跟白白搞得暈頭轉向！而總是不認真寫稿的文豪老師又是給書生小弟添了什麼麻煩呢？這次還有恰吉老師幫大家解決煩惱！有趣的貓咪漫畫登場了！ "
9789863666509,"  
	在艦隊養成學生「鎮守府」裡，
	特型驅逐艦娘吹雪與其他驅逐艦娘一起迎接愉快校園生活！
	在戰艦與航母的學姊帶領之下，
	眾人即將挑戰高難度的活動海域！？

本書特色    

	★從頭開始展現各艦娘的魅力！
	★完整說明漫畫題材的由來！
	★隨著內容見証遊戲更新的軌跡！ "
4718016013629,"  
★三度改編動畫！

★外表是大人，頭腦卻是小孩！充滿反差的四格搞笑漫畫。 

  

 小5的弟弟與高2的姊姊身高相反的日常喜劇！

 被甩到沒朋友的丈哥，淳美對他來說算不算戀愛對象？

 新登場的女警讓淳司的人生更加艱難！

 活寶姊弟爆笑4格漫畫第6集囉！ "
9789863665663,"  
★從頭開始展現各艦娘的魅力！
 ★完整說明漫畫題材的由來！
 ★隨著內容見証遊戲更新的軌跡！

 在艦隊養成學生「鎮守府」裡，
 剛入學的吹雪與其他驅逐艦娘一起迎接愉快校園生活！
 在戰艦與航母的學姊帶領之下，究竟會鬧出什麼樣的喜劇呢!?
 為了支援參加大規模作戰的學姊，吹雪等人終於要迎接實戰！

 ©2015 DMM.com POWERCHORD STUDIO / C2 / KADOKAWA All Rights Reserved. "
9789863665540,"  
 文化祭和體育祭來臨！
 還有一年級生也入學了！
 即使升上二年級，
 感覺似乎不會發生什麼事情，
 卻又好像已經發生什麼事的女高中生日常生活，
 面臨全新旋風！

  

本書特色

  

 ★日本NICO NICO大受好評的動畫之原作漫畫！
 ★描寫高中女孩的日常生活，趣味橫生的四格作品。 "
9789863664383,"  
 在艦隊養成學生「鎮守府」裡，
 剛入學的吹雪與其他驅逐艦娘一起迎接愉快校園生活！
 在戰艦與航母的學姊帶領之下，
 究竟會鬧出什麼樣的喜劇呢!?

本書特色    

 ★從頭開始展現各艦娘的魅力！
 ★完整說明漫畫題材的由來！
 ★隨著內容見証遊戲更新的軌跡！ "
9789863664369,"  
 這雖然是遊戲，但可不是鬧著玩的…………大概啦。
 將刀劍神域中各種原作場景以搞笑方式重新呈現，
 本集將可以看到變態綁架犯須鄉與亞絲娜的各種陰險相聲！
 遵循原作故事（？）的正統派四格漫畫！

本書特色    

 ★以《刀劍神域》的角色來演出眾多搞笑劇情。
 ★符合原作插畫的畫工與以原作為基礎衍生而出的趣味橫生故事。 "
4715409868248," 腐女子╳BL╳人魚＝ｆ人魚!!陸地上有著魅力十足的〝BL〞世界…聖經抱著這樣的期待，只帶著一本BL本，就從深海來到陸地的腐女子人魚．梅洛，還會錯意誤以為遇到了一組〝攻〞&〝受〞所交織而成的四格搞笑漫畫!!在這完結篇的第３集裡，各形各色的〝會錯意〞會有什麼樣的發展呢!? "
9789863246039," 隨著小紅那好像逐漸明朗…又好像沒有明朗化的過去，小紅對白夜的感情漸漸產生變化？就在此時，新面孔的末續木葉，卻跑來跟小紅互爭白夜？面對突如其來的情敵，小紅究竟會做出何種行動？另外收錄真白的生物（？）觀察日記短篇。 "
9789863372639," 成為一個漫畫家後，怎樣才能畫出好的作品？怎樣才能在雜誌上的連載？分鏡要怎樣才不會被退稿？如何增加漫畫的銷售數量？沒有靈感的時候又該怎麼辦？漫畫家與編輯之間相輔相成與相互抗衡的追逐戰，讓人一窺漫畫家的生活與漫畫製作的祕辛。還有作者與愛貓之間的互動，與家人、朋友之間的交流，接連不斷的爆笑內容，全部都以四格漫畫呈現！ "
9789863372646," 漫畫家與編輯之間精彩爆笑的攻防戰又來了！合作了九年的責任編輯要換人？與新的責編又會擦撞出什麼不同的爆笑火花。總是無法取得連載的井上終於有了連載的機會，還要出單行本了？小平變得過胖還有了結石？漫畫家的精彩生活。 "
9789863661399," ★日本NICO NICO大受好評的動畫之原作漫畫！★描寫高中女孩的日常生活，趣味橫生的四格作品。順利升上二年級！除了常見的「同學們」之外，又增加了新的同學，感覺似乎會發生什麼事情，但卻沒發生任何事情的女高中生日常生活。 "
4718016009622," 小學５年級的淳司乍看之下是帥氣成年人，高中２年級的淳美卻怎麼看都像小學生。小雛和沙夜都到淳司他們家避雨，共浴令人心跳加速！丈哥離開家裡，和淳美同在一個屋簷下!?活寶姊弟爆笑4格漫畫第5集囉＊ "
9789863322696," 在東京都的偏僻鄉下，三個個性迥然不同的警察，整天都忙著處理雞鴨牛羊的意外事故。但是，偶而也有會拿著改造槍枝四處掃射歹徒，或是無惡不作的黑幫集團出來到處鬧事。『最果警察２』將繼續帶來讓人不禁捧腹大笑的警察故事！ "
9789863660972,"  
	★在原作輕小說的人物，世界觀等背景設定下延伸出的搞笑四格漫畫。
	★把角色形象破壞殆盡的笑點讓人欲罷不能。

	由《加速世界》原作的角色們所展開的多采多姿，趣味橫生小故事。
	完全顛覆原作形象，大家全都努力地搞笑，吐嘈乃至耍冷。
	是會讓讀者們感到有點兒熟悉，卻又完全不同的全新系列作。

	© REKI KAWAHARA/AKARIRYURYUU/ASCII MEDIA WORKS 2013 "
9789863660002," 《放學後PLAY》系列新作登場！這次跳脫了電玩主機的範疇，改走桌上RPG遊戲路線？由「部長」為首與其他四人參戰的「本格派」TRPG四格漫畫堂堂完成！本書特色★本書為電玩雜誌《電擊PlayStation》的別冊附錄中所連載的四格漫畫結集成書。★作品中散見以電玩相關題材來發揮的情節。★完全不貼網點及不畫背景，也成為本書的一大特徵。 "
9789863259558," AST的天才少女鳶一折紙及精靈十香互相爭奪士道！兩人使出各種招式，時而跟蹤；時而苦惱!?本書特色★以鳶一折紙為主角的《約會》首部四格漫畫！★《約會》裡的女孩們大暴走啦！滿滿的純愛少女心（？）無～力登場囉～ "
9789863259435," 輕～鬆又悠閒的四格漫畫～居然…進展到意想不到的第十集！不過依舊還是緩～慢地進行中☆特別推薦給想變開朗的人、想要放輕鬆的人、想要變幸運的人，還有會對女孩子間的談話感到有趣的您！本書特色★振興日本地區文化的超人氣作最新刊，10週年作發售！★收錄溫馨短篇故事「櫻桃一天的開始與結束＋」★收錄於各處發表的特製彩色插圖！ "
9789863244837," 未來的偶像明星們唸的學校—「天使的搖籃學園」，通稱〝偶像學園〞。在這裡，文化祭的季節即將來到！偶像追星族的小愛，把現任的偶像明星同學們都拖下水，組成了一日限定的偶像團體！究竟，這次的舞台表演能不能成功呢！？ "
4715409864677," 腐女子╳BL╳人魚＝f人魚!!陸地上有著魅力十足的〝BL〞世界…抱著這樣的期待，只帶著一本BL本，就從深海來到陸地的腐女子人魚．梅洛，還會錯意誤以為遇到了一組〝攻〞&〝受〞所交織而成的四格搞笑漫畫!!第２集陸續增加新角色!!〝會錯意〞的節奏是否變得更加迅速!? "
9789863258612," 由女主角們的Q版造型幻化而成的「聖誕之吻大人」所演出的破天荒搞笑行為，從請願、圓滿、必勝、招福、締結良緣、只要有看就一定有保佑！最歡樂的戀愛四格漫畫第二集！本書特色★人氣戀愛遊戲改編漫畫。★從角色的日常生活中發展而出的趣味四格。 "
4715409864356," 腐女子╳BL╳人魚＝f人魚!!陸地上有著魅力十足的〝BL〞世界…抱著這樣的期待，只帶著一本BL本，就從深海來到陸地的腐女子人魚．梅洛，還會錯意誤以為遇到了一組〝攻〞&〝受〞所交織而成的四格搞笑漫畫!! "
9789863482857," 媽媽總是神色匆忙地突然向橘子求助，事後才知道其實都是無關緊要的小事情，令橘子有種上當的感覺；吉岡同學對自己的喜好有一番想法，準備等別人問起時再發表，卻對橘子突來的無聊問題難以招架…本書增頁，多達３８話，呈獻給喜愛立花一家人的讀者們。 "
9789863109761," 小學５年級的淳司乍看之下是帥氣成年人，高中２年級的淳美卻怎麼看都像小學生。淳美、淳司和沙夜三人去試膽而拉近距離!?就算淳美是合法蘿莉，偷拍也是犯法的喔！活寶姐弟爆笑４格漫畫第４集囉！ "
9789863480341," 大小姐流可溜出家，來到步家路町尋找過去的回憶，究竟她能不能夠找到回憶中的那兩位少女？下雪的日子裡，小未來多了一名新的玩伴。這個長相與小未來差相彷彿，又有點害羞的小女生，身分也令人嘆為觀止……溫馨VOCALOID物語第３集登場！ "
9789863258100,"  
 這雖然是遊戲，但可不是鬧著玩的…………大概啦。
 將刀劍神域中各種原作場景以搞笑方式重新呈現，此外還有各種角色個性崩壞。
 遵循原作故事（？）的正統派四格漫畫！

本書特色

 ★以《刀劍神域》的角色來演出眾多搞笑劇情。
 ★符合原作插畫的畫工與以原作為基礎衍生而出的趣味橫生故事。 "
9789863258025," 「天谷奏香」、「岩澤彩生」、「上原步子」與「同學們」之間像是不會發生任何事，但任何事都有可能發生的女高中生日常生活。本書特色★日本NICO NICO大受好評的動畫之原作漫畫！★描寫高中女孩的日常生活，趣味橫生的四格作品。 "
9789863329954," 高一新生的須藤葵，從入學典禮當天就把學生會長麻丘搞的雞犬不寧。最愛有趣事物但行動總是無厘頭的須藤葵、喜歡可愛東西卻有點傲嬌的麻丘樹英、小葵的兒時玩伴又是大胃王的咲宮小桃、身材個性都很好但卻很寡言的神原素直、老愛有事沒事就跑來湊熱鬧的吉川老師，跟充滿謎題的由加里，將為無聊的校園生活帶來爆笑的新風貌 "
9789863256823," 「天谷奏香」、「岩澤彩生」、「上原步子」與「同學們」之間像是不會發生任何事，但任何事都有可能發生的女高中生日常生活。本書特色★	日本NICO NICO大受好評的動畫之原作漫畫！★	描寫高中女孩的日常生活，趣味橫生的四格作品。 "
9789863322689," 岡丸英雄，因為某些原因，從刑事課降職到鳥不生蛋的最果派出所。除了無法適應鄉下生活之外，最讓他頭痛的就是會把衣服曬在警局裡，而且完全無法溝通的部下‧國守正義。為了成為警界高層，不惜把自己搞到天天掛點滴的體弱小員警‧真道公平。想知道這偏僻的小鎮上，到底發生了多少讓人捧腹大笑的事件嗎？千萬別錯過『最果警察』！ "
4715409859796," 大王交給十三樓陽台最新任務，從「元祖！抓狂一族」漫畫（１～25集）中嚴選既搞笑又有趣的畫面，將那些畫面重新組合成４格漫畫，十三樓陽台能不負所託的完成一百篇嗎!?還有測試你是不是真的抓狂鐵杆粉絲的「大家來找碴」單元。盡情享受與平常有點不同的抓狂一族世界吧！ "
9789863324690," (全一冊)大學生都過著什麼樣的生活？水元兄弟究竟是一人還是兩人？一個人要怎麼生存？間諜的手札中，寫著什麼樣的內容？墨水的香味能引誘起人的何種欲望？早熟的小孩是如何看待性這件事？黑貓如何看待世界？有心酸故事，加上一點點的色情，西炯子充滿個人風格的短篇四格漫畫，你能錯過嗎？這樣的故事你真的想看嗎？若是想看，就請翻開第一頁。 "
9789863254188," 由《加速世界》原作的角色們所展開的多采多姿，趣味橫生小故事。完全顛覆原作形象，大家全都努力地搞笑，吐槽乃至耍冷。是會讓讀者們感到有點兒熟悉，卻又完全不同的全新系列作。本書特色★在第15屆電擊小說大賞〈大賞〉的加持之下，本書原作輕小說《加速世界1 黑雪公主再臨》一推出就造成日本多處銷售據點搶購一空的盛況！★本書故事背景屬於比較未來的世界，號稱人民的生活有一半都是在虛擬網路上度過。書中切割成三個世界──現實世界、校內區域網路世界，以及加速世界。★本書是在原作輕小說的人物，世界觀等背景設定下延伸出的搞笑四格漫畫。 "
9789863106593," ７月開播的動畫第３季內容搶先看！收藏原作就趁現在！小學５年級的淳司乍看之下是帥氣成年人，高中２年級的淳美卻怎麼看都像小學生。喜歡上淳司讓淳美的好友沙夜煩惱不已，而淳美身邊也出現了正港蘿莉控!?活寶姐弟爆笑４格漫畫第３集囉！ "
9789863254386," 夠蠢！夠色！才是真正的正義使者!!傻氣女孩與那嶺儀子，以及好色前輩與儀周，他們不斷與邪惡又愚蠢（？）的企鵝帝國對抗，如今終於迎向最終決戰。為了阻止企鵝帝國執行最終計畫——全世界鳥類企鵝化，他們一舉反攻至企鵝城。面對企鵝帝國最強的五人眾，他們能否靠繼續著好色+愚蠢取勝？本書特色★《健全機鬥士》作者令人捧腹大笑的機器人四格漫畫！★描述人類VS.企鵝們，毫無止盡的戰爭（搞笑）！ "
9789863254423," 「我不是BUNNY！是巴納比！」「我才不是那樣說的！」在打擊犯罪的閒暇之餘，英雄私底下的生活究竟是什麼模樣呢？從另一個角度來看《TIGER & BUNNY》中英雄們所鬧出來的笑料吧！本書特色★爆笑四格&溫馨短篇交織而成的英雄生活！★有歡笑、有淚水、有苦難，還有各種脫線的英雄表演！ "
9789863176701," 剛進公司第一年，卻業績直衝第一名的馬渡，以及進公司八年，業績老是吊車尾的來島，個性和能力相差千萬里的兩人，是業務部唯二的女性。為了達到每個月的業績，兩人衝鋒陷陣，外出訪客，成果卻大不相同，但是能力高的人，真的就比較受同事、上司歡迎嗎？能力低的人就真的如此一無是處嗎？以OL為主軸的四格漫畫，就此展開。 "
9789863253860," 既沒錢也沒肉卻有愛!?宮河日影（精明能幹的小學生）因為姊姊宮河日向的浪費習慣（御宅喜好）的關係，過著餓肚子的日子……這是有點哀傷卻又有些歡樂，描繪了溫柔姊妹的故事！本書特色★曾出現在《幸運☆星》裡頭的角色，自己出來當主角囉～★講述姊姊因宅興趣亂花錢，導致妹妹老是餓肚子的趣味四格漫畫。★雖然貧窮，但是有愛就夠了!? "
9789861097381," (完結篇)實力開始逐漸進步（？）的練，終於得到人生中第一顆專用保齡球。練原本以為自己終於又往前進了一大步，沒想到卻還有更多的考驗等著練……練究竟能否通過這些考驗呢？與練一起進入看似簡單，卻高深莫測的保齡球世界吧！ "
9789863105589," 乍看之下是帥氣成年人的淳司，其實是就讀小學５年級的學生。而怎麼看都是年幼小學生的淳美卻已經就讀高２！請看這對活寶姐弟第２集更爆笑的演出！ "
9789863175612," １６歲生日那天莫名多了一個未婚夫，小紅就在這樣奇妙的展開下和未婚夫白夜，外加一名小姨子真白同居。正當小紅想了解遺忘的過去到底發生什麼事時，想不到白夜和真白的母親跑來拜訪。但想不到更驚人的事實就在這後頭… "
9789863105657," 天然女孩們今天也在鄉間自由奔馳！在節分灑豆儀式COSPLAY，去森林學校時講鬼故事……還有瑪莉的棉花糖，暴風雨那一夜……平常總是嚴加取締風紀，一板一眼的學生會副會長滝巳晴，竟然也被豐富的大自然軟化了態度!? "
9789863251927," 夠蠢！夠色！才是真正的正義使者!!傻氣女孩與那嶺儀子，以及好色前輩與儀周，他們不斷與邪惡又愚蠢（？）的企鵝帝國對抗。隨著一次次的勝利，企鵝皇帝終於受不了而發動反攻，派出了帝國最強的五人眾！面對如此威脅，接下來的大戰是否依然——好色+愚蠢？本書特色★《健全機鬥士》作者令人捧腹大笑的機器人四格漫畫！★描述人類VS.企鵝們，毫無止盡的戰爭（搞笑）！ "
4715409856771," 出過一本單行本後就苦無連載機會的不紅的漫畫家廣樹，某天在超紅漫畫家坂本的邀約下，住進了坂本的豪宅裡當起一名助手 !!然而周遭的人全是大怪胎，廣樹不僅被耍得團團轉，還有出櫃危機等著他 !?妙語如珠的爆笑四格漫畫，錯過可惜喔！ "
9789863175605," 夜之森小紅，今天迎接了１６歲生日。想不到在如此特別的一天，媽媽竟然告訴小紅一件驚人的禮物。家裡不僅住進了一個陌生男人和陌生女孩，甚至，那名陌生男人就是小紅的未婚夫？最後，他甚至還轉到小紅班上，跟小紅一起唸書。面對突如其來的發展，小紅的人生會掀起何種波瀾？充滿甜蜜（？）、不可思議的爆笑校園四格漫畫豋場！ "
9789863250500," 夠蠢！夠色！才是真正的正義使者!!對手是由長壽的企鵝皇帝所領導的，邪惡又猥褻的企鵝們，以及迷戀企鵝的金髮美少女……面對如此強大的對手，傻氣女孩——與那嶺儀子，將在好色前輩的帶領下，駕駛火星機器人對抗企鵝帝國！本書特色★《健全機鬥士》作者令人捧腹大笑的機器人四格漫畫！★描述人類VS.企鵝們，毫無止盡的戰爭（搞笑）！ "
9789863174219," 由有點不可靠的年輕爸爸跟五歲的雙胞胎姊妹所經營的「舊金山咖啡店」。代替因病過世的媽媽，成熟能幹負責吐槽的姊姊筑紫跟迷糊冒失的妹妹美緒，成為了咖啡店的超可愛服務生。店裡的常客是媽媽的大學同學──在廣告公司上班的葉月（單身）以及重考生宮嶋。以咖啡店為舞台描繪出一段段有著滿滿親情與友情的溫馨四格漫畫作品。 "
9789863177593," (全一冊)這裡是由白雪公主和小矮人們所共同經營的咖啡館。裡頭的客人可能是來自於各個童話故事的登場人物，如王子、小紅帽、人魚、三隻小豬、賣火柴的少女……與原本的童話中不同，擁有豐富性格的人們，今天又會在這間咖啡館中掀起什麼樣的風暴呢？蒼月ユズ的搞笑四格漫畫，邀讀者進入小矮人咖啡館「冷凍蘋果」的溫馨世界。 "
9789863251095," 像媽媽一樣的伊卡洛斯，傲嬌的寧芙，以及像老么的愛吃鬼阿斯特蕾亞，三名人造天使的日常生活，發生了許多好氣又好笑的可愛故事。伊卡洛斯的最愛──西瓜，在故事中也占了很大的比重喔～本書特色★由漫畫家ms所描繪的天降之物，柔和的筆觸，帶給大家耳目一新的感覺。★以天降之物中的伊卡洛斯、寧芙、阿斯特蕾亞三名人造天使為主角。★用四格漫畫的方式，描繪人造天使的日常生活。 "
9789863103691," 可愛寵物出租中第２集終於登場！這集有波奇與店長的過去，也有新出場的客人與寵物！出租店越來越熱鬧，讓店長頭痛不已！科幻（？）妄想四格漫畫！CUTE上市!! "
9789863104193," 淳司乍看之下是帥氣的成年人，但他其實正就讀小學５年級生。而怎麼看都是年幼小學生的淳美卻已經就讀高２！請看這對活寶姐弟幽默爆笑的４格漫畫＊ "
9789861073705," (完結篇)來到野賀家幫傭的春風，因為一封家書而暴露了自己的行蹤！被家人找的春風，被迫得回家接受策略聯姻？典典會有何反應？春風真能斬斷對典典的愛意嗎？千繪理由於母親的再婚，將回去法國？惠惠的反應會是？悲喜交加的最後一集！ "
9789862518298,  在廣大網友與讀者的聲聲催促下，最能反應時事、傳達小市民心聲的RIVER終於推出暢銷之作《543》系列第十集！！沒錯！River’s 543終於堂堂邁入兩位數的第十集！River在創作了兩千多篇543漫畫後依然爆笑的靈感不斷，諷刺時事的角度更犀利、角色的惡搞度更破表！在網路上Follow過543漫畫的你，一定要把本書買回去再次回味；之前已經擁有543漫畫1到9集的你，更是不用懷疑，馬上把本書加進你的第十本543漫畫收藏列表裡吧！ 
9789862877616," 由《加速世界》原作的角色們所展開的多采多姿，趣味橫生小故事。完全顛覆原作形象，大家全都努力地搞笑，吐槽乃至耍冷。是會讓讀者們感到有點兒熟悉，卻又完全不同的全新系列作。本書特色在第15屆電擊小說大賞〈大賞〉的加持之下，本書原作輕小說《加速世界1 黑雪公主再臨》一推出就造成日本多處銷售據點搶購一空的盛況！本書故事背景屬於比較未來的世界，號稱人民的生活有一半都是在虛擬網路上度過。書中切割成三個世界──現實世界、校內區域網路世界，以及加速世界。本書是在原作輕小說的人物，世界觀等背景設定下延伸出的搞笑四格漫畫。關連閱讀：《加速世界》1-9《Sword Art Online刀劍神域》1-8 "
9789862878224," 聖誕之吻迷期待已久的四格漫畫終於推出單行本！除了刊載於《アマガミ -Various Artists-》系列與《マジキュー4コマ アマガミ》系列之外，還增畫了許多單行本才有收錄的故事。 大人氣的戀愛遊戲改編漫畫。除了從角色的日常生活中發展而出的趣味四格之外，還有女主角們的Q版造型幻化而成的「アマガミサマ」所演出的破天荒搞笑行為，從請願、圓滿、必勝、招福、締結良緣、只要有讀這一本就一定有保庇！  "
9789861097374," 星野練，是隸屬軟網社的運動少女。某天，她約了好朋友桃瀨凜去打保齡球，卻因為保齡球社長意外的挑釁，練決定跟社員兼好友的凜比賽。結果因此加入保齡球社，甚至愛上保齡球？由４個不同風格的美少女所組成的保齡球社，到底會激發出何種火花？不可不錯過的保齡球爆笑四格漫畫‧ＬＵＣＫＹ滾球美眉第一集豋場！ "
9789861087924," (完結篇)第二階段考試中，謎般的男子阻擋了魯卡一行人的去路。對神鋼族的弱點瞭若指掌的這號人物，究竟是敵是友！？本書同時收錄連載中所沒有的原創番外篇，以及刊載於赤丸ＪＵＭＰ的特別短篇，兩大精彩附錄千萬不能錯過！ "
9789862877388," 想變開朗的人、想要放輕鬆的人、想要變幸運的人。都不可錯過《幸運☆星》第九集！一樣笑料滿點，帶給你歡樂一整天！本書特色在漫畫人氣不斷高升後，《幸運星》在日本改編成動畫，成為紅透半邊天的作品啦！本書是由多位高中生及老師所共織而成的校園喜劇漫畫。作者以四格漫畫的形式作畫，生動地表現出起、承、轉、合的奧妙之處，讀者看得簡單輕鬆，卻能會心一笑。劇中角色單純而率真，讓人越看越投入，引領讀者共織活潑的校園生活。本書是適合全年齡讀者閱讀，能夠消減壓力的最佳補品，生活緊張的讀者們快來藉此放鬆一下吧!! "
9789861095622," 姊姊日和，外表可愛個性天真迷糊，但實際上卻是不折不扣22歲的社會人士。因為日和可愛的外表，不僅悶騷弟弟、喜歡18禁書刊的妹妹、遠赴印度出差的母親愛她，就連公司同事、弟弟班上的變態同學也迷戀她。到底日和會和周璇在身邊的親弟妹，以及變態們交織出何種爆笑故事呢？充滿妄想、變態、萌萌風的爆笑四格第一集豋場！ "
9789862877296," 由VOCALOID組成的大家族－－海斗哥哥、芽衣子姊姊、鏡音姊弟，以及巡音，在VOCALOID莊的日子即將結束!?究竟他們將何去何從呢？本書特色當今最歡迎的歌姬．初音未來終於在漫畫上現身囉！咦？怎麼變成SD版了？沒錯，這就是官方公認的SD角色，小初音未來！她將要帶著親愛的VOCALOID夥伴為大家獻上最歡樂的四格漫畫！不只如此，本書還附有收錄初音未來的新曲、Flash動畫、四格漫畫、手機桌布的CD-ROM喔。 "
9789862877340," 老姊畢業了，然後──鬼灯家的春和吾朗，是一對同住在一個屋簷下卻沒有血緣關係的姊弟。畢業之後的春，決定離開家裡獨自生活……一想到在家裡和學校都見不到春……吾朗便再也無法忍耐！想要有這樣的姊姊嗎!?居住在同一個屋簷下的姊弟所獻上，有點刺激、平凡日常的戀姊情結喜劇漫畫完結篇!!本書特色以可愛美女大姊姊春，惡整沒有血緣關係的弟弟吾朗為主軸的極致戀姊情結喜劇漫畫。除了畫面引人遐思之外，魅力指數百分百的超乎尺度對話與互動，更是層出不窮。到底春對吾朗的惡整是出自對家人的愛？還是對戀人的愛？ "
9789861082219," 培育未來偶像明星的「偶像學園」，今天也是熱力四射。有偶像明星的泳裝大亮相；有學校食堂的歐巴桑為每個人量身訂做的料理；還有偶像明星的豪宅首次曝光；以及跟偶像（？）一起銬上手銬的拘留遊戲。小愛今天的學園生活依然是興奮滿點。 "
9789861096971," (完結篇)接續上集，威瑟和蘇祖伊繼續旅程。想不到路上遭逢怪物偷襲時，威瑟隱瞞多時的秘密就這樣被揭穿了。在威瑟敞開心胸，說出痛苦過去後，威瑟和蘇祖伊好不容易拉近彼此距離。然而，此時卻換蘇祖伊丟下威瑟，跑去和別人搭檔？ "
9789862568910," 諸君，我最喜歡殿下了。我喜歡對眼罩有著莫名執著的殿下。←伊達政宗;我喜歡心情不好就放火燒光的殿下。←織田信長:喜歡以搞笑與茶道問鼎天下的殿下。←豐臣秀吉;喜歡以堅強忍耐力一統天下的殿下。　←德川家康。來吧諸君！各式各樣的可愛（讀音：欠人吐槽）殿下正等著與諸君見面！ "
9789863100140," 「這樣的殿下，絕對很奇怪的啊！」面對個性古怪、我行我素到極點的殿下們，各國家臣無不傷透腦筋，費盡心思希望殿下能專於國事。這時候，自稱來自東北的、戴著眼帶的神祕人物出現了！「已經沒什麼好怕的了－－」「戴上這個眼帶，成為激動武士眼帶糕答吧!!」 "
9789862875650," 小初音未來在VOCALOID莊的生活再升級！由VOCALOID大家族．海斗哥哥、芽衣子姊姊、鏡音姊弟，以及新加入的巡音，究竟他們會搞出多麼誇張的笑話？千萬不可錯這群人的歡樂日常生活喔。本書特色當今最歡迎的歌姬．初音未來終於在漫畫上現身囉！咦？怎麼變成SD版了？沒錯，這就是官方公認的SD角色，小初音未來！她將要帶著親愛的VOCALOID夥伴為大家獻上最歡樂的四格漫畫！不只如此，本書還附有收錄初音未來的新曲、Flash動畫、桌布的CD-ROM喔。 "
9789862875162," 你喜歡溫柔卻強勢的大姊姊嗎？鬼灯家的春和吾朗，是一對同住在一個屋簷下卻沒有血緣關係的姊弟。老是放心不下，卻又喜歡對吾朗惡作劇的春，看見朋友與兄妹間的相處後也有了些許的想法……？想要有這樣的姊姊嗎!?居住在同一個屋簷下的姊弟所獻上，有點刺激的平凡系戀姊情結喜劇漫畫☆本書特色以可愛美女大姊姊春，惡整沒有血緣關係的弟弟吾朗為主軸的極致戀姊情結喜劇漫畫。除了畫面引人遐思之外，魅力指數百分百的超乎尺度對話與互動，更是層出不窮。到底春對吾朗的惡整是出自對家人的愛？還是對戀人的愛？ "
9789862874769," 本書是えれっと創作的四格搞笑漫畫，以涼宮春日系列中的鶴屋學姊為原型創作的，一開始在えれっと的個人網站上進行不定期連載。為節約時間，えれっと改變了以往的畫風，採用非常簡單的線條進行創作，沒想到竟成網路的話題之作。本作品有改編成動畫及發行DVD。小鶴屋學姊的口頭禪「妞攏」，算是這本漫畫的新創字眼，頻繁出現於整本內容中，只可意會不可言傳。本書特色★ 以涼宮春日系列的登場人物：「鶴屋學姊」為主角的趣味惡搞彩色四格漫畫！★ 高度只到阿虛膝蓋的三頭身小鶴屋～可愛登場！「世界上家家戶戶都配置一位小鶴屋學姊的話，只要犧牲少量的煙燻乳酪，就能消弭世上的所有紛爭了吧！」輕小說《涼宮春日》系列作者谷川流 熱情推薦！ "
9789862569580," 一群就讀於高天原學園的學生，每個人的單相思之環！圓滿完結!!時光飛逝，下一個春天又到來，如沐春風般的四格漫畫，堂堂完結！ "
9789862569436," 對眼罩有莫名執著的政宗殿下，動不動就放火燒光的信長殿下，對笨蛋兒子頭痛莫名的義元殿下，各個可愛又有個性的殿下，完全顛覆你對戰國時代的印象!! "
9789862872994," 快來瞧瞧小初音未來在VOCALOID莊的生活！裡面有海斗哥哥、芽衣子姊姊，還有鏡音姊弟，最近還有許多好夥伴也加入了。千萬不可錯他們的歡樂日常生活全記錄喔。本書特色當今最歡迎的歌姬．初音未來終於在漫畫上現身囉！咦？怎麼變成SD版了？沒錯，這就是官方公認的SD角色，小初音未來！她將要帶著親愛的VOCALOID夥伴為大家獻上最歡樂的四格漫畫！不只如此，本書還附有收錄初音未來的新曲、Flash動畫、桌布、陞官圖的CD-ROM喔。 "
9789862872505," 本集仍與前集一樣，以一名少年與少女（但兩人姓名均不詳）為主角。但並非前兩本的延續，仍以「第3部」來定位，但本集中也有前兩集的番外篇形態內容穿插。延續前作的風格，各單元場景多從室內發展，外出的場景極度罕見。各單元中也引用了不少電玩相關的題材。本書特色本書為電玩雜誌《電擊PlayStation》的別冊附錄中所連載的四格漫畫結集成書，作品中散見以電玩相關題材來發揮的情節。而完全不貼網點及不畫背景，也成為本書的一大特徵。 "
9789862873526," 喜歡和愛惡作劇的姊姊共度平凡的每一天嗎？同住在一個屋簷下的鬼(燈)家春與吾朗，其實是一對沒有血緣關係的姊弟。老是被可愛的姊姊春耍得團團轉的弟弟吾朗，同時被個性豐富的同班女同學、姊姊的朋友、甚至是親姊姊所環繞，每天過著令人羨慕不已的幸福生活!?想要這樣的姊姊嗎？同住一個屋簷下的姊弟為各位帶來平凡的戀姊情結喜劇漫畫☆本書特色以可愛美女大姊姊春，惡整沒有血緣關係的弟弟吾朗為主軸的極致戀姊情結喜劇漫畫。除了畫面引人遐思之外，魅力指數百分百的超乎尺度對話與互動，更是層出不窮。到底春對吾朗的惡整是出自對家人的愛？還是對戀人的愛？ "
9789862515372," 舊作部分：2006-2009年之間於【HERE！】雜誌連載之起司棒──約55則【HERE！PLUS】台中號中的食玩單元──8頁電腦玩家月刊裡面連載的電玩漫畫RiverOnline──約28則以及River與外界異業合作的發表作品──設計家128則、景點家22則、其他工商11則新繪部分：設定各種趣味主題,以經典人物為主軸,所繪製而成的插畫。 "
9789861077499," 尊重學生自主性、培養學生自立自強，是聖開心果學園的校風。在這所奇特的學校內，有著演講到一半會奪籠而出的十姊妹校長（假的）、上課總是嚴肅認真的教職員（假的）、心態健全學習態度積極的學生（假的）、以及諸多族繁不及備載的低級及社會議題笑點（真的）。惡趣味的四格＆多格連環漫畫，「人魚又上鉤」作者的另一部經典笑料之作！ "
9789862872673," 你喜歡長相可愛卻老是愛惡作劇的大姊姊嗎？鬼灯家的春和吾朗，是一對同住在一個屋簷下卻沒有血緣關係的姊弟。私底下有戀姊情結，又有些許變態的弟弟吾朗，對於姊姊春的惡作劇雖然有些不甘心，卻有怦然心動的感覺？想要有這樣的姊姊嗎!?居住在同一個屋簷下的姊弟所獻上，有點色彩的戀姊情結喜劇漫畫。本書特色以可愛美女大姊姊春，惡整沒有血緣關係的弟弟吾朗為主軸的極致戀姊情結喜劇漫畫。除了畫面引人遐思之外，魅力指數百分百的超乎尺度對話與互動，更是層出不窮。到底春對吾朗的惡整是出自對家人的愛？還是對戀人的愛？ "
9789862871386," 大家好！小初音未來帶著蔥一起來到了VOCALOID莊！裡面有海斗哥哥、芽衣子姊姊，還有鏡音姊弟喔。快來瞧瞧他們的歡樂日常生活吧。本書特色當今最後歡迎的歌姬．初音未來終於在漫畫上現身囉！咦？怎麼變成SD版了？沒錯，這就是官方公認的SD角色，小初音未來！她將要帶著親愛的VOCALOID了為大家獻上最歡樂的四格漫畫！不只如此，本書還附有收錄初音未來的新曲、Flash動畫、桌布的CD-ROM喔。 "
9789861073699," 無依無靠的春風來到父母出國不在家的野賀家幫傭，可是野賀家長男典典卻有著只要一碰觸到年輕女生就會嘔吐的體質？而妹妹惠惠則有嚴重的戀兄情結？在日漸相處之下，春風發現自己喜歡上年紀比自己小的典典，她會有什麼樣的舉動呢？某日，有個瘋狂喜歡惠惠的小女生出現，典典開始擔心惠惠會因而走向一般世人所無法接受的路？不可錯過的溫馨？搞笑的四格漫畫！ "
9789862514849," 校外教學竟然是去海邊!!女高中生們和它瑪桑將在海邊進行大冒險！同行的班導是個喜好動物，但是兇神惡煞的人－如月圭人，和插畫家如月老師的關係是……?!本期它瑪桑又會發掘出許多不可思議的生物，想要看它瑪桑可愛逗趣的模樣嗎？請密切鎖定本集！ 本書特色滿口關西腔的肥貓－它瑪桑，在日常生活中，令人莞爾的不可思議事件，以四格漫畫的方式來呈現。除了它瑪桑之外，其他的角色也都充滿個性，是一本十分治癒人心的輕鬆小品。 "
9789862567760," 一群就讀於高天原學園的學生，每天過著悠閒自在的生活。雖然不需要拯救世界，但如此安逸的生活又有何不可呢？有朋友的陪伴、有暗戀的對象－－這才是高中生該有的生活啊！由小島あきら為你送上微風和煦的單戀四格漫畫。 "
9789862871126," 振興日本地區文化的超人氣作！悠哉的笑料，讓你會心一笑～奈那子老師要結婚了!?就算成為大學生，此方等人的生活依舊悠～閒到不行。學妹們的生活也變得更加熱鬧，全新展開的劇情，超歡樂登場!!本書特色在漫畫人氣不斷高升後，《幸運星》在日本改編成動畫，成為紅透半邊天的作品啦！本書是由多位高中生及老師所共織而成的校園喜劇漫畫。作者以四格漫畫的形式作畫，生動地表現出起、承、轉、合的奧妙之處，讀者看得簡單輕鬆，卻能會心一笑。劇中角色單純而率真，讓人越看越投入，引領讀者共織活潑的校園生活。本書是適合全年齡讀者閱讀，能夠消減壓力的最佳補品，生活緊張的讀者們快來藉此放鬆一下吧!! "
9789861069203," 自由奔放且貪杯的女冒險家威瑟，離開家門、想讓自己更上層樓的魔法使蘇祖伊，以及嬌小可愛又純真的盜賊見習生奈奈可，這三人偶然一同組團冒險，在旅途中遇見偽裝成一般人類的妖精、法力半調子而被掃地出門的月亮女神、對月亮女神窮追不捨的跟蹤狂等等……三個人的冒險固然緊張刺激，卻也吐嘈笑料滿點！搞笑勇者系四格漫畫登場 "
9789862379431," 本集仍與前集一樣，以一名少年與少女（但兩人姓名均不詳）為主角。但並非前作的延續，而是以「第2部」來定位，前作的男女主角僅在最初數頁中登場。延續前作的風格，各單元場景多從室內發展，外出的場景極度罕見。各單元中也引用了不少電玩相關的題材。本書特色本書為電玩雜誌《電擊PlayStation》的別冊附錄中所連載的四格漫畫結集成書，作品中散見以電玩相關題材來發揮的情節。而完全不貼網點及不畫背景，也成為本書的一大特徵。 "
9789862564936," 科技發達的時代，科學家為了造福人類社會發明出人與動物的合成生物－－「人型寵物」。你看起來沒什麼精神呢！太努力的話，身心會很疲勞的，那種時候不妨到我們店裡－－「可愛出租店」，來療癒一下你的身心吧？ "
9789862513095," 某天，突然被拉到公仔同好會的一般人──二階堂紗里奈（國中女生），她來到的地方是一個有♀×♀、有想把學生培育成模型師的老師、有喜愛怪獸的少女…的異次元社團教室。紗里奈和世人的健全判斷力到底會變得如何呢？本書特色四格漫畫。 "
9789861057897," 培育未來偶像明星的「偶像學園」，依然在打打鬧鬧中度過開心又平凡的每一天。本集有同學們彼此設計服裝的發表會、搞笑小苫的戀愛緋聞、還有一年級的轉學生糸子女王新登場等等。歡迎大家來跟這群活力充沛的女孩們共同分享她們的故事唷！ "
9789862375600," 令人期待已久的歡樂校園生活物語堂堂邁向第七集！本期的笑料依舊歡樂無比。自上集登場的小神晶與其朋友們將活力全開！ 另外還有收錄小優、小南、日和的溫馨故事，是絕對會讓讀者會心一笑的一集！喜歡遊戲或動畫的人千萬不能錯過，尤其正在思考振興地區的人更要注意！本書特色在漫畫人氣不斷高升後，《幸運星》在日本改編成動畫，成為紅透半邊天的作品啦！本書是由多位高中生及老師所共織而成的校園喜劇漫畫。作者以四格漫畫的形式作畫，生動地表現出起、承、轉、合的奧妙之處，讀者看得簡單輕鬆，卻能會心一笑。劇中角色單純而率真，讓人越看越投入，引領讀者共織活潑的校園生活。本書是適合全年齡讀者閱讀，能夠消減壓力的最佳補品，生活緊張的讀者們快來藉此放鬆一下吧!! "
9789861030425," 第１５集有特別篇「川島，戀愛的開始」，敘述川島喜歡柚柚的開端，始於男同學藤野找柚柚，加上川島及山下一起去泳池，但藤野和山下當天都臨時身體不適，川島只好跟柚柚前往泳池。柚柚吃午餐的樣子，還有道別時的笑容，令川島著迷，自此川島與山下開始一起注意柚柚的一舉一動… "
9789861050812," (全一冊)在現今日本亦擁有眾多書迷的中國爭天下磅礡巨作「三國志」，活躍於此的眾多武將── 劉備、關羽、張飛、孔明、曹操、周瑜、諸葛瑾等展開了充滿時事題材、令人捧腹大笑的每一天。在白井式的解釋下呈現的爆笑四格漫畫世界，無論是熟悉三國志的讀者，亦或不熟悉的讀者，只要一看就會捧腹大笑！ "
9789862373453," 本書為曾於電玩雜誌《電擊PlayStation》的別冊附錄中所連載的四格漫畫。以一名獨居（？）少年與一名長髮＋黑絲襪＋傲嬌少女（但兩人姓名均不詳）之間展開，少女雖然對男友熱愛電玩的個性相當感冒，但有時卻是她自己玩遊戲玩到一頭熱，因此發展出許多故事… "
9789571350974,  解悶，救人生！日本原裝特笑藥，每則都讓你大噴！經濟不景氣，上班悶到爆！終結苦悶，解放壓力！爆笑四格漫畫，解悶登場！《動物大悶鍋》為日本知名插畫暨漫畫家FUJIMOTO MASARU的作品，由兩大部分的四格漫畫和一篇短篇連環漫畫組成，FUJIMOTO觀察細微，以兔子、貓熊、獅子、企鵝、狼等動物為書中角色，並其用涼涼的冷靜筆法描繪日常生活的吊詭之處，有些讓人發笑，有些則令人窘困。FUJIMOTO的插畫作品廣見於各式平面廣告和《雜貨目錄》、《母之友》、《小說新潮》等雜誌，並曾幫宮澤賢治等人繪製書籍封面插畫，其連環和四格漫畫也長期在講談社等網站上連載。另外值得一提的是本書的裝幀設計是由與FUJIMOTO多次合作的名久井直子小姐，配合書中無厘頭的黑色幽默風格和FUJIMOTO先生的畫，在書眉和編輯頁上做了許多節奏特殊的破格設計。書衣與封面也有相互呼應的劇情，非常有趣。 
9789861037486," 未來偶像明星搖籃的「偶像學園」，今天依然是熱鬧非凡、歡笑聲不斷。有普通組鈴木同學的改造計畫、秋澤老師的戀愛記、搞笑小苫過去的歷史，還有暑假的別墅小旅行等等，請大家一起來跟這群另類又可愛的高中女孩們共享青春唷！ "
9789861768878," 它瑪桑是一隻會說大阪腔的神奇小肥貓。牠是插畫家如月夕人所飼養的貓，品種大概是蘇格蘭折耳貓吧!?雙倍好用的兩條尾巴是特色所在。29歲的如月有一個就 讀幼稚園中班的女兒芙露露，她跟它瑪桑感情很好，也看得到那些不可思議的生物。它們常常擾亂它瑪桑的生活，其生態完全是個謎。充滿幽默樂趣與爆笑情節的四 格漫畫，第1集喵喵上市！ "
9789862370155," 樂趣滿點的校園生活堂堂邁向第六集！本期的笑料依舊歡樂無比，除此之外，小神晶與其朋友們也將活躍登場。另外還有收錄作者前往台灣角川簽名會時的現場實錄喔！是絕對會讓台灣讀者心滿意足的一集！ "
9789861034140," 大野大輔從東京轉到鄉下來。沒想到學校裡竟然出現一位大美女？不對！大輔轉過去的是一間男校，怎麼會有女生呢？那這個大美女又是從哪裡來的？大輔會過著什麼樣的高中生活呢？絕妙的四格漫畫，讓人捧腹大笑。 "
9789861767475," 使上最無俚頭的爆笑OL又來了！這次蔡桃桂又將使出什麼拿手搞笑絕活！？就讓我們拭目以待吧！！本次還特別收錄了RIVER與台北市政府合作的新企劃～～精彩可期，錯過可惜！！想知道台灣OL們到底在想些什麼，鎖定蔡桃桂(3)就對啦！！ "
9789861021119," (完結篇)超完美女佣第７集是最後一集，沿續一貫的搞笑四格漫畫風格，有老哏新哏爛哏難哏難笑的哏，有同音字搞笑，純日式搞笑。還出現一個新角色女佣機器人艾斯佩兒‧金美德Ｚ。女佣巧可，小霙、冰雨、卡娜特、蕾歐、老媽在最後一集仍然努力搞笑！ "
9789861017556," 無業遊貓第三集推出啦！同樣還是以四格為主，看看小桃和風助這次又搞出了什麼烏龍？本集的短篇漫畫是『地球消防自警團』各地產生的怪異現象，讓自警團頭領發現到不對，而這實在千葉縣的外海發現了巨大怪獸的蹤跡……自警團能成功解決這次的危機嗎？ "
9789861198972," 文化祭、游泳課、身體測量、暑假去海邊玩耍…令小愛這個超級追星族垂涎不止的美味校園生活，仍然熱鬧地持續著。三個國中部小學妹們也來加入，嫉妒學姐一心想脫離萬年第２名臭名的理紗，竟向天借膽，想去陷害天使… "
9789861745992," TV動畫化，超人氣最新刊登場！本期除了知名聲優平野綾客串登場外，還彙集了曾在日本角川Hot Line上刊登的逗趣宣傳內容，另外更附上16頁豪華彩頁。更多的互動，更強的笑點，收一本讓你心滿意足的第五集，享受一段悠哉的時光！ "
9789861006000," 超完美女佣第６集沿續一貫的搞笑四格漫畫風格，有一看就了的笑點，有純日式詼諧。可愛伸縮自如的女佣巧可，人見人愛；有好色的保健老師，中年男人式的開黃腔威力不減；本書是女佣萌、妹妹萌、傲驕萌、姊姊萌都能各取所需的漫畫。 "
9789861198965," 許多未來的偶像明星唸的「天使的搖籃學園」，通稱〝偶像學園〞。超級追星族少女‧暮巳愛，轉學來到這所盡是美少女的樂園。在這間放眼望去到處都是最愛的美少女的教室裡，展開了一連串迷糊、吐槽、百合少女、野蠻女友以及怪胎充斥的校園生活！ "
9789861744414," 繼日本動畫化造成超人氣之後，樂趣滿點的校園生活堂堂邁向第四集！此方與同人誌漫畫家田村日和志同道合，展開一連串超宅對話！企圖再次減肥的小鏡感受到自己只能獨自奮戰!?萌系女孩小早川優將治癒田村日和疲憊的心靈!? 更多的互動、更強的笑點，讓這段青春高中生活注入更精彩的校園樂趣！讓你更加開懷大笑！另外，本集每一回的標題都有各角色的動物造型插圖，可愛度100％！ "
9789861764092," RIVER’S漫迷請注意!!風靡世界的第八集堂堂登場囉！本集集結超爆笑時事四格，不管是嚴肅的、機車的還是熱情的、浪漫的…一切都在本寶典裡!!另外收錄CALL專欄─手機進化論單元，讓你在炎炎夏日再次感受RIVER式的爆笑威力!! "
9789861191720," 爆笑無厘頭四格漫，超完美女佣出第五集嘍！這次比暴力女卡娜特還要暴力的卡娜特媽登場，威力無人能敵！大家將能看到卡娜特家的生活百態。重裝火力的女佣漫畫第五集！大家絕對不能錯過！ "
9789861743264," 在第一、二集等眾多無厘頭角色登場後，校園生活變得更加熱鬧啦！治癒系的超萌女孩小早川優、狀似冷漠卻古道心腸的岩崎南，以及同人誌漫畫家田村日和、樂天過頭的日下部美紗緒等新角色出現，更多的互動，更強的笑點，讓這段青春高中生活注入更精彩的校園樂趣！讓你更加開懷大笑！ "
9789861742755," 繼第一集登場的眾多無厘頭角色——運動萬能，卻瘋狂熱愛動漫畫、電玩等事物的泉此方。天性純真而糊塗的小司，以及凡事精明的雙胞胎姊姊小鏡。品行優秀、容貌端正的萌系美少女美幸。還有少根筋的黑井老師與小早川唯後，本集出現更多逗趣人物！小早川優、岩崎南、田村日和、日下部美紗緒…這些人的出現，將讓這段青春高中生活注入更精彩的校園樂趣！讓你更加開懷大笑！ "
9789861742229," 本書是由四位高中生及老師所共織而成的校園喜劇漫畫。作者以四格漫畫的形式作畫，生動地表現出起、承、轉、合的奧妙之處，讀者看得簡單輕鬆，卻能會心一笑。劇中角色單純而率真，讓人越看越投入，引領讀者共織活潑的校園生活。本書是適合全年齡讀者閱讀，能夠消減壓力的最佳補品，生活緊張的讀者們快來藉此放鬆一下吧!! "
9789861761503," 連載於奇摩網站，上班女郎大爆笑漫畫第二冊燒燙燙上市！蔡桃桂打頭陣，艾鈺冰、張榆梢，以及增加的有趣新角色繼續發威惡搞辦公室。此外，還有票選辦公室美女的企劃，經由網路和街頭讀者的投票，選出了OL蔡桃桂中的人氣NO.1。四格漫畫外，RIVER還在這本最新單行本中加入了八頁連環漫畫，讀者千萬別錯過！！ "
9789861181929," 本集雪男冰雨大出風頭！過著怪異生活的美少女們（？）又鬧出了更多的笑料！還有久違的黑幫老大登場，搞怪不斷，笑料連連。嶄新的校園美少女加女佣漫畫，邁向令人噴飯的第四集 "
9789574739981," 新年新賀禮，眾多讀者引頸期盼許久的RIVER’S 543終於要出第七集了！內容有市井小民最愛的豬頭政客系列；而學生族群津津樂道的不衛生老闆在第六集封面大戰中奪得勝利榮登最佳主角後功力大增，發展出多角化經營；此外，還收錄了曾經在街頭流行雜誌BANG上大搞KUSO的「他奶奶的熊」、讀者人氣度滿點，RIVER桑家中愛貓Cheese的全頁寫真。絕無僅有，讓你永遠百厭不看的四格漫畫就是《RIVER’S 543》啦！初版第1刷隨書附贈史上最惡犬小白的貼紙。 "
9789861173368," 第三集，又出現了令人瞠目結舌的新人物！小霙的弟弟，雪男冰雨登場！他有比女孩子更可愛的容貌，又擁有強大的能力，不過也隨即拜倒在巧可之下，拜巧可為師！這下子，一場胡搞瞎搞的奇妙喜劇又將展開。 "
9789861173351," 超完美女佣這次多了冷酷的雙槍少女蕾歐，還有色情保健老師，以及超神秘新人物，西村！在這群天兵的胡鬧之下，又會有什麼趣事發生呢？ "
9789574737949," 網路上最受歡迎四格漫畫第6集！收錄新浪網2004年3月至12月精采四格漫畫！ "
9789574737727," 四格天王RIVER最新力作！　　業界初！非正規惡搞系辦公室上班女郎大爆笑漫畫。　　奇摩網站高人氣連載，第一冊燒燙燙上市囉！　　奇摩高校結束後，RIVER開拓新疆土，以廣大的OL族群為取材對象，再度震爆你的笑神經；且看蔡桃桂、朱寫高、艾鈺冰、張榆梢、言舒姬……等等這些名字令人垂涎三尺的活力角色們如何演繹現代上班族！ "
9789861126494," 游泳俱樂部現在試游期間免費，所以水島太太邀請媽媽一起去游泳俱樂部。但媽媽因小時候曾經溺水而婉拒，在水島太太強力的推薦之下媽媽決定試試。但沒想到媽媽竟然在穿了泳衣之後還穿了內褲…。日常生活發生的小趣事帶給你笑料與歡樂。本集收錄特別篇「橘子5歲‧柚仔2歲」喔！ "
9789574735716," 網路上最受歡迎四格漫畫第5集！　　收錄新浪網2003年3月至12月精采四格漫畫！　　附贈賀年卡兩張 "
9789861130484," （完結篇）充滿活力與朝氣的大阪高中女生天生寺阿部乃帶點歐巴桑特質與有著忍者血統利用忍術返老還童的奶奶還有其它同伴帶給您歡笑與樂趣！短篇四格漫畫，幽默、喜劇、爆笑讓您在單調的生活多一點歡笑與色彩。 "
9789574735228," 台灣最大入口網站奇摩站連載作品，校園四格彩色爆笑漫畫第3部！　　作者：RIVER，網路漫畫家，作品有RIVER`S 543’、奇摩高校。 "
9789574734412," 網路上最受歡迎四格漫畫第4集！　　收錄新浪網2002年7月至12月180則精采四格漫畫！　　另收錄在手機雜誌CALL的四格漫畫20餘則。 "
9789570824667," 《劉興欽漫畫精選集》本週上市，共分成四個系列，蒐錄劉興欽長銷不輟的二十八種漫畫，將分三個月陸續出版，讀者熟知的《阿三哥大嬸婆遊台灣》、《小聰明》、《發明大師》、《機器人》等系列，都將以嶄新的編排、精美的印刷重現江湖。
在日本漫畫大量侵台的今天，劉興欽漫畫並沒有受到太大影響，且是許多父母的最愛，主要是這些父母在童年時都曾看過劉興詼諧有趣的漫畫，認為劉興欽的漫畫不會汙染孩子的心靈。推薦給您！ "
9789861104843,"  
	充滿活力與朝氣的大阪高中女生天生寺阿部乃帶點歐巴桑特質與有著忍者血統利用忍術返老還童的奶奶還有其它同伴帶給您歡笑與樂趣！短篇四格漫畫，幽默、喜劇、爆笑讓您在單調的生活多一點歡笑與色彩。 "
9789574732302," 本書為River在奇摩站上，首次以校園為主題的四格漫畫創作，回憶青春無知的年少時代，結合目前現時的社會觀點，創造虛擬的人構出的搞笑短劇，所繪製出的一則則故事，鎖定網路上的年輕階層，造成廣大的回響。 "
9789570822533," 漫畫家劉興欽堪稱台灣出版種類最豐富、數量最多，榮獲獎項最多的漫畫家，不僅深受孩子的喜愛，也是家長所認同的漫畫家。《劉興欽漫畫精選集》共分成四個系列，蒐錄劉興欽長銷不輟的二十八種漫畫，讀者熟知的《阿三哥大嬸婆》、《小聰明》、《快樂童年》、《小村故事》等系列，都將以嶄新的編排、精美的印刷重現江湖。在日本漫畫大量侵台的今天，劉興欽漫畫並沒有受到太大影響，且是許多父母的最愛；推薦給您！  　   "
9789574731886," RIVER是目前網路四格漫畫的第一把交椅，在新浪網和奇摩站皆有作品每日連載，RIVER\'S 543是新浪網連載的作品，頗受大眾的好評。本集為第2集，挾著第1集亮眼的銷售數字，於春節前出擊。
本集的內容更加辛辣有趣，有著許多意想不到的笑料。尤其是關於時事方面的漫畫，像是賓拉登、選舉花招、捷運大淹水等等，保證笑破肚皮！ "
9789573475941,"  
	阿部乃是個平凡的高中生，但她的周圍卻充滿了不平凡的朋友，會變身的阿媽與吉本；目標為專業理髮師的小魚；以及愛上阿部乃的話劇社社長－藤井學長........ "
9789573490890,"  
	(全3集)兩個性感的美麗萬人迷馬理惠與都︱帶領大家體會風光明媚的校園，和無拘無束的獨身生活，及在眾多男友間殺進殺出的元氣大阪女郎！ "
9789573468707,"  

		唉，什麼人不好交，偏交個頂頭上司當女朋友，上班時要恭恭敬敬，下班後才能恩恩愛愛，真是幸福得有點累！全新題材、四格甜蜜物語！


	  "
9789573475934,"  
阿部乃是個平凡的高中生，但她的周圍卻充滿了不平凡的朋友，會變身的阿媽與吉本；目標為專業理髮師的小魚；以及愛上阿部乃的話劇社社長－藤井學長… "
9789570811537," 擁有「發明大王」及「漫畫大師」頭銜的劉興欽博士，透過機器人系列漫畫，表彰「勇敢、善良、清純並且勤學向上是我們青少年的本性」。描述機器人幫忙破了豹人案的經過。  　   "
9789570802115," 阿欽從鄉下轉學到都市的小學唸書，一開始，他身上帶著青蛙和蛇，嚇壞了老師和同學，後來經過了許多事件，大家才慢慢了解阿欽，進而接受他喜歡他。 "
9789570804010," 劉興欽的漫畫在台灣出版種類最豐富、數量最多，榮獲獎項也最多，不僅深受孩子的喜愛，也是家長所認同的漫畫家。本書描述鄉下人老財福跟著兒子搬到台北生活的故事。  　   "
9789571381435,"  
國寶漫畫大師 敖幼祥創作40週年，典藏版四格漫畫 強勢回歸！
	最熟悉的角色、最懷念的幽默逗趣、最值得收藏的烏龍院漫畫！

	 

	漫畫大師敖幼祥是臺灣重要的漫畫家之一。
	從小喜愛畫圖的他，17歲到中華卡通當學徒，當完兵後做動畫代工七年左右，之後改走原創。1980年開始於《民生報》連載《超級狗皮皮》，從此敲開創作大門；1983年於《中國時報》連載搞笑武俠漫畫《烏龍院》，風靡華人世界。
	《烏龍院》全球發行量高達1.2億冊，曾多次被改編成動畫、真人電影，帶動臺灣漫畫產業，自此奠定敖幼祥在華人漫畫圈大師兄的地位。
	2020年．敖幼祥老師踏入漫畫創作屆滿40年，他是現役漫畫家中創作歷程最長、創作作品最多、且仍在持續創作的漫畫家。讀者更橫跨五、六、七、八年級四個世代。
	這套典藏版四格漫畫，曾在2004年至2006年分次出版，出版後旋即引起讀者好評。如今，重新包裝更換新封面，並以更親近讀者的32開本重現在讀者面前，期盼能找回所有熱愛烏龍院讀者最深層的記憶！

	 

【商品特色】
	★暢銷絕版重啟！新封面改版上市！
	★精緻書盒收納，典藏送禮兩相宜！
	★限量套書加贈「敖幼祥創作40週年原稿藏書票」（一套十張）
	★限量套書加贈「敖幼祥老師親簽扉頁」

	 

獲獎記錄
	1991、1994《漫畫中國成語》獲國立編譯館 優良漫畫獎
	1996《漫畫圖書館世界動物》獲國立編譯館 優良漫畫獎
	1999榮獲時報文化出版公司「白金暢銷作家獎」
	2002 獲「時報白金作家獎」和「台灣小太陽獎」
	2005《烏龍院四格：花花木蘭》獲國立編譯館 優良漫畫獎
	2006《烏龍院四格：奧林霹客》獲國立編譯館 優良漫畫獎
	2007《烏龍院精彩大長篇活寶1～5》獲國立編譯館 優良漫畫獎
	2008《烏龍校園 酷頭＆哈妹 精彩四格》獲國立編譯館 優良漫畫獎
	2009《爆笑烏龍院》獲國立編譯館 優良漫畫獎
	2014 獲得文化部第5屆金漫獎「特別貢獻獎」
	2016《烏龍院動物星球套書》榮獲文化部第7屆金漫獎「兒童漫畫獎」
	2017獲得花蓮縣文化藝術類「薪傳獎」得主
	2019《吉利狗與怪怪貓》獲得文化部第10屆金漫獎「單元漫畫獎」 "
9789572601228," 原本是孤兒的伊涅絲，現在跟擔任成人影片男演員小有名氣的半獸人們（瀕臨絕種生物）一起工作。這次將會被派去參與成人展，還被捲入前魔王軍的父子吵架，忙得不得了。除了Ｗｅｂ所刊登的７話故事之外，本集還新收錄了許多特別加筆的４格漫畫和插圖！ "
9789572628843," 為了被半獸人侵犯而遭到放遂的變態精靈，在森林裡遇見於50年的戰爭中唯一倖存的半獸人，就在這變態精靈心想終於要實現願望的時候。這位半獸人卻表示自己為了自戒，而貫徹「不侵犯」的誓言…只想被半獸人侵犯的精靈VS貫徹不侵犯誓言的半獸人，這樣矛盾的組合，究竟會發生多少令人傻眼或噴飯的情節？大受網路好評的四格漫畫單行本！ "
9789579652681,"  
	古埃及的神祇，竟然西裝筆挺來到了現代的日本！擅長做木乃伊的阿努比斯、筆記魔人托特、喜歡跳舞的芭絲特、雙眼動不動就射出破壞光束的梅傑德、還有總因神祇（下屬）而心靈受傷的法老⋯⋯超荒謬又超爆笑的日常四格漫畫，就此展開。 "
9789571076614,"  
☆『能住在學校裡真幸福♥』
	☆軟萌少女的悠閒生活宣言！！！！
	一部少女們想在學校裡打造出悠閒渡假村的療癒４格漫畫！


	「好想去飯店哦～」
	──一切都是從這句話開始的。

	為了實現一位少女的願望，
	性格鮮明的四位女孩著手進行學園度假村改造計畫！？

	金谷寢子——
	最喜歡睡覺，擁有能瞬間睡著的能力。

	椿山蒼——
	最愛寢子，愛的程度已經進入相當糟糕的領域。

	滿田凜——
	理事長的孫女。可能是因為家境富裕，所以價值觀跟一般人有相當大的落差。

	大谷丹生——
	最先住在值班室的人，是個難得一見、十分擅於吐槽的女生。

	四位女孩成立了「學園度假社」！
	她們希望創造出來的理想飯店又會是什麼模樣呢！？

	らくほのえりか老師的第一本商業漫畫，
	第１集終於登場！ "
9782011562807,0
9789864624171,"  
	在日本的讀賣新聞連載長達２１年的漫畫「我們這一家」已經完結了！為感謝大家２１年來的支持，最後一集２１集多達１５０頁！除了連載的部份，還加了作者全新繪製「最近的我們這一家」，適合所有年齡層閱讀！ "
9789861054599," 被稱為「世界工廠」的英國在面對擅長大量生產的美國與產品時髦的義大利時逐漸地落後。因此英國為了強化產品的造型設計，而請了日本來當他們的教練…！？快活無比的“國家”擬人化喜劇漫畫第３集！！ "
9789864310722," 自稱本大爺ｘ傲嬌ｘ菁英ｘ幼稚園老師＝不動忍！成績優秀頂尖大學畢業的菁英不動忍，因面試頻頻失敗，最後只能到唯一錄取他的江戶川幼稚園任職。在那裡他遇上了打工的毒舌高中生保育員江戶川平次，以及愛惡作劇的邪惡小鬼們。被活埋、被水蛭襲擊、被放生在野熊出沒的野外…傲嬌優等生不動忍和小朋友們會編織出怎樣的故事呢！ "
9789863824695,"  
 位於北海道某處的家族餐廳「瓦古娜利亞」。
 歷經許多歡笑、許多淚水、許多憤怒、
 以及和大家一起渡過的時間。
 讓人心頭小鹿亂撞的家族餐廳四格漫畫！
 今後也要永遠在一起！完結篇登場！ "
9789863655701," 這次步家路一家在大小姐流可的招待下來到南國度假了，當然在快樂之中，不意外的還是意外連連！另一方面，小未來邂逅了同年紀的Gumi，也因此決定參加小朋友歌唱大賽，想不到這也讓未來姊姊想起了自己與Gakupo的兒時回憶…… "
9789863247791," 黑菜和奶奶還有大輝等人約好參加祭典，但是兩邊約定的時間地點卻都一樣！找來貍貓假扮自己的黑菜，原本以為可以分別吃到奶奶和大輝他們買給自己的食物，卻在種種陰錯陽差之下便宜了貍貓…另外，平靜的澀垣市突然出現了把垃圾擺成奇怪形狀的詭異機器人？！ "
9789863823483," 媽媽是個家庭主婦，張羅全家食衣住行大小事，忙到連剛才撞到頭都不記得了。柚仔吃過紅肉哈蜜瓜，對甜美滋味大為驚豔，但是家裡很少買哈蜜瓜，柚子就自己去超市買了一顆，在半夜偷偷獨享，然後把廚餘處理掉，達成「完全犯罪」… "
9789863374053," 萬年基層的搞笑上班族西瓜皮先生，好心牽老奶奶過馬路，卻被嫌手有魚腥味？買東西忘記帶集點卡，竟然要店員把集點章蓋在臉上？你想知道他為什麼跟電車吊環打勾勾嗎？那就千萬不能錯過依舊爆笑的西瓜皮先生第53集！ "
9789863480327," 位於北海道某處的家族餐廳「瓦古娜利亞」。已經等了好久了吧？已經等到海枯石爛了吧？所以已經差不多了吧…？讓人小鹿亂撞（？）的家族餐廳四格漫畫！現在終於來到這裡→第12集！ "
9789863249665," 搞笑32年的萬年基層上班族西瓜皮先生還要繼續給你帶來歡笑！貧窮的西瓜皮居然能夠告訴女同事用壓力鍋能做哪些菜？家裡居然有已經放了20年的茶點？而且還比較喜歡電吉他？這到底是怎麼一回事？千萬別錯過！ "
9789863329961," (完結篇)校慶結束後，聖誕節、新年、、賞櫻花、夏季廟會等活動接踵而來，除了校園生活外，平時也忙於各項活動的小葵等人，最後竟然有意想不到的事情等著她們？小葵她們的命運最後究竟會是…？充滿萌萌風格的放課後的靈感第二集登場。 "
9789863243823," 位於北海道某處的家族餐廳「瓦古娜利亞」。迷失了許久所抵達的終點，一定會有期待已久的日常生活…但其是否為終點，又是另外一回事。閃亮亮的家族餐廳四格漫畫！故事還在不斷發光喔！第11集登場！ "
9789863310716," 貓奴們凍未條的肥胖邪惡家貓重返各位家中書櫃的日子到囉~~~~這次是承接第２集的回憶篇，遙想芙露露的媽媽烏拉拉和如月老師的浪漫新婚生活之中……從中作梗的大叔肥貓和惡劣小姨子（因為某個事件而跑去跟姊姊住，烏拉拉妹妹克拉拉）每天創造的驚人笑料，絕不可錯過溫馨又感人，時而脫線時而出現不可思議生物的大叔肥貓治癒系漫畫！睽瞪已久的第3集來囉~~~~本書特色滿口關西腔的肥貓－它瑪桑，在日常生活中，令人莞爾的不可思議事件，以四格漫畫的方式來呈現。除了它瑪桑之外，其他的角色也都充滿個性，是一本十分治癒人心的輕鬆小品。 "
9789863249085," 超可愛的日常系四格漫畫 第2彈！更多VOCALOID的人物登場了打油！ "
9789863249078," 在和平的小城鎮步家路町，有個少女叫做未來妹妹。雖然姊姊初音未來總是因為工作不在家，在愛打電動的大姊姊鏡音鈴、個性敦厚的大哥哥鏡音連照顧之下，再加上兩個好朋友亞北與重音，以及街角零食店的老闆弱音等人，再加上小狗狗咬咬的陪伴，讓未來妹妹還是每天都充滿元氣地四處冒險！一起來欣賞未來妹妹與大家的日常生活吧！ "
9789863249030," 媽媽收到朋友送的松露巧克力，想起橘子曾試做松露巧克力的往事，懷疑自己毀了橘子的初戀告白，但是橘子提起這件事不但不難過反而還很開心，究竟是怎麼一回事呢？另外，媽媽其實拙於言辭？沒辦法將心中感受到的東西用貼切的譬喻傳達…… "
4717702254223," 漫畫編輯經驗是零的女孩子們，居然創辦了漫畫雜誌！？原本以為是描寫日本第一可愛漫畫編輯部的日常生活，萌味十足的悠閒4格漫畫！沒想到卻充滿了連爆●王都無法畫出來的秘辛！讀了這本書之後，或許就能了解漫畫編輯部內部，以及裡面所發生的趣事…吧？ "
4717702251581," 充斥著天然呆、遊戲廢人與無口屬性的萌中學日常！?久葉買電腦的任務依舊進行中……然而隨著資金減少，先成長的不是電腦知識而是小肉肉!?鬆弛到不行的少女們，今天也騎著單車朝中二病之路邁進！ "
4717702250744," 人氣超旺的「零之使魔」主角們，怎麼都變成幼稚園小朋友了！？這群小小的魔法師們為了戀愛和冒險，正吵成一團呢！以托里斯汀魔法幼稚園為舞台的4格漫畫劇場開幕啦…！！ "
9789861094069," 西瓜皮先生進入第51集，但還是繼續維持無厘頭搞笑本色。看到有同事出遊暈車時，居然拿出接尿用的塑膠袋給同事當嘔吐袋。用吸管喝飲料時，居然不是把飲料喝下去，而是把吸管喝下去。他還是不改他的搞笑本色！ "
4717702248284," 與日本大人氣模型原形師--金谷裕樹氏的『Pinky：st.』系列合作，《夜櫻四重奏》作者ヤスダスズヒト的出道作品天然系超脫力四格漫畫登場!! "
9789861091358," (完結篇)永遠亭的生活一如往常，兔子們玩玩鬧鬧，優曇華依舊受到大家的擺佈。不過！這次永遠亭將要舉辦一場大型展覽「月都萬象展」…但是…最辛苦的依舊只有優曇華一人？究竟這次的展覽能否順利舉行呢？最後，公主將以暢銷作家身分出道？ "
9789861097169," 爸爸做事情總是一意孤行，不先跟家人商量，有一次擅自訂了披薩，吃完後，一聲不響地出門。第二天，家裡突然出現新電視！橘子外向大膽，柚仔內向謹慎，據媽媽推測，橘子可能本來是男生，但是出生時忘了帶蛋蛋，而由第二胎柚子撿起來，小心保存… "
9789861088402," 位於北海道某處的家族餐廳「瓦古娜利亞」。會覺得比平常更為熱情，這一定是和你的距離改變了的證據。團團轉的家族餐廳四格漫畫！故事還在不斷繼續喔！第10集登場！ "
4717702248253," 讓少女成長的是成熟男人。父親死於交通事故已經八年。某一天，母親帶了一個不可靠的”豆芽男”回家。和任性妄為的母親、以及總是無法坦承以對的我，3人虛幻又奇妙的同居生活就此展開……同名作之外，另外收錄3篇作品。 "
9789861087900," 「貴重神鋼」是一群珍貴並且擁有各種特殊性質的神奇金屬。它們往往難以採集，而「鋼探索士」正是不畏艱難、活用智慧與力量採集神鋼的職業英雄。少年魯卡為了追尋父親的腳步，立志成為鋼探索士而踏上冒險之旅。面對途中種種的危機挑戰，魯卡必須運用他的特殊能力，並活用各種神鋼的特性。異想天開的奇幻冒險就此展開！ "
9789861087917," 因為金屬管理協會會長的一句話，魯卡得以參加鋼探索士選拔考試。在協會中，魯卡得知了更多有關於父親巴爾克的情報，因此他想當上鋼探索士的決心也更堅決。本書同時收錄連載中看不到的原創番外篇，以及刊載於赤丸ＪＵＭＰ的特別短篇，兩大精彩附錄千萬不能錯過！ "
9789861091341," 本書以幻想鄉為舞台，以可愛的畫風及詼諧的四格漫畫來描繪鈴仙等人充滿笑料的日常生活。我行我素的公主．輝夜，嚴肅中又帶點慈愛（？）的師傅．永琳，以及愛惡作劇的妖怪度．帝。個性認真又容易受欺負的鈴仙在她們熱情的關愛（？）下，每天的生活都充滿了無限樂趣與歡笑！書中出現其他充滿個人特色的配角們也相當有可看之處！ "
9789861075075," 位於北海道某處的家族餐廳「瓦古娜利亞」。你身邊也越來越寂寞MAX了吧！難過MAX?？那就偶爾也來參與一下，這樣的打工生活吧。輕飄飄的家族餐廳四格漫畫！故事還在繼續喔！第9集登場！ "
9789861074597," 在千呼萬喚之下，最受歡迎的貓咪搞笑四格漫畫又出第四集了！本集中小桃跟風助，還有在小桃家白吃白住的白白，會有什麼樣的爆笑生活呢？文豪老師又要使出什麼怪招拖稿？此外更有角落居星人準備入侵地球！請別錯過囉！ "
4717702240769," 如果『托里斯汀魔法學院』是一間幼稚園的話，會是什麼樣子呢——！？超人氣輕小說『零之使魔』的角色們，這下全變成調皮搗蛋的幼稚園小朋友了！別看魔法師露易絲個頭小，闖出來的禍可是會嚇死人呢！超級可愛又鬧翻天的四格漫畫第1集……讓大家久等嚕！ "
9789862568255," 一群就讀於高天原學園的學生，無法將自己的情感傳達給對方的單相思，動搖的單相思之環，到底會有什麼變化呢？延續第一集的超人氣，第二集的《WA！當我們同在一起》寬螢幕上市！ "
9789861060743," 位於北海道某處的家族餐廳「瓦古娜利亞」。一邊轉換成變質又變態的狀態，一邊試著前進2步退後3步……。在這種情況下，讓我們繼續溝通吧。熱鬧非凡的家族餐廳四格漫畫！故事還在繼續喔！第8集登場！ "
4717702219314," 在進入縣立雲田場高校的第一天，主角下北澤伸吾與一個宇宙人有了命運般的相遇!!如謎般的這個宇宙人冠上地球人之名西園寺君輝，並以「我要調查地球的生態系統」的理由，在雲田場高校捲起一陣大混亂！然而西園寺這樣的目的地，卻總是被伸吾及他的青梅竹馬玉希奮力斥喝！……「地球侵略部」在此誕生！爆笑的新精髓再度登場!!! "
9789866393808,"  老夫子想吃、愛吃、好吃、能吃、那怕是自討苦吃，也要吃到底。　　吃到底是什麼？吃是幸福，吃是天堂，吃是享受，吃是福氣，管它是生猛海鮮，還是楊州炒飯、馬來沙爹、蒜羊肉、艇仔粥、花生、榴槤，照單全吃。老夫子什麼都吃，就是不吃──虧！想看他到底吃出什麼問題？請翻開本書,跟著老夫子一路吃到底，保證讓你大吃一驚！ "
9789868646919," 老夫子的人生目的就是玩到底，想看他到底玩出什麼況味，快翻開本書，跟著老夫子一路玩到底。 "
9789861054988," 位於北海道某處的家族餐廳「瓦古娜利亞」。越來越Ｓ的劇情、越來越會摸摸的小鳥遊、還有煩人的山田，今天和今天也在對決中？活力十足的家族餐廳四格漫畫！故事還在繼續喔！第７集登場！ "
9789861071923," 媽媽在好友水島太太的慫恿之下，開始使用「推特」，媽媽寫了第一則留言後，十天沒有回應，一問之下才知道，媽媽都是在心裡「碎碎唸」，來不及用手機紀錄當下的心情。媽媽和爸爸開車出遊，為了振奮爸爸的精神，媽媽拚命看別的車子的號碼講笑話… "
9789575950613,0
9789866393549," 愛到底是什麼？老夫子求愛花招千百款，甜言蜜語不夠看，有求必應不奇怪。這種愛，根本就是愛~~到~~底~~呀~~不懂愛的，不會愛的，正在愛的，快快相招排隊，老夫子傳授的戀愛終極魔法，保證讓您愛火永不熄，決定愛~~到~~底~~！ "
9789861056456," 搞笑大王西瓜皮先生又要繼續搞笑！這次他要靠放屁來測風向、在只飛機上裝上針頭當做飛鏢來射、外出郊遊的時候還戴著頭盔讓大家來打破水煮蛋的蛋殼、還把提神口香糖泡在泡菜裡增加清涼度、用暖暖包來幫老舊的影印機暖機、在給客戶的公司地圖上畫甜點店的位置，暗示客戶買甜點…總之就是繼續搞笑啦！ "
9789862510698," 廣大的RIVER迷們久等了!!RIVER’S COMIC 543第九集經過三年的漫長等待，即將在2010漫畫博覽會隆重首賣!!在經過多年的漫畫經歷，RIVER的畫工以及搞笑點子皆已達到純熟高峰，而本集也足以列入543系列中最經典的代表作，喜愛RIVER的粉絲絕對不能錯囉!! "
4717702228866," 鬆懈再鬆懈，從那個地方的防禦到時間的流逝，從頭到尾都鬆懈到不行，本四格漫畫描寫青澀的現代國中女生毫無防備的日常生活。股票啦，網路遊戲啦，諸如此類專業的世界在她們眼中都是那麼酷炫，「中二病」這個詞就是為她們量身打造的啦！ "
9782009509500," 本套書包含：《我們這一家 1》眼明手快，買蔥送菜，我家的老媽最厲害！要看日本歐巴桑活力四射的噴飯演出，就不可錯過《我們這一家》。日本讀賣新聞人氣連載爆笑漫畫登場，全彩精印值得珍藏喔！《我們這一家 2》要與朋友去吃法國料理的媽媽，因為不習慣用刀叉來吃東西，竟然異想天開用刀叉來練習吃飯？看看『我們這一家』又會發生那一些令人噴飯的趣事呢。日本讀賣新聞人氣連載爆笑漫畫，全彩精印值得珍藏喔！《我們這一家 3》我們這一家的成員有爸爸、媽媽、姐姐和我。在這個家中發生許多不同的笑料與歡樂，來到這裡你一定能發現更多過去不曾注意的事情喔！日本讀賣新聞人氣連載爆笑漫畫，全彩精印值得珍藏喔！《我們這一家 4》媽媽為了省電費不吹冷氣，我們只能利用開冰箱來消暑。但沒想到卻被媽媽發現，口中喃喃自語地說一直開關冰箱裡的食物會壞掉而且很浪費電！日常生活發生的小趣事，讓你重新認識家中大大小小的事，帶給你笑料與歡樂。本集收錄特別篇「橘子7歲．迷路篇」喔！《我們這一家 5》您曾有過小時候時媽媽為了省錢在買衣服都會買大一號，還有媽媽每次與三姑六婆開菜市場時，都會聊一些有的沒有的。那些點點滴滴的回憶都是我們曾經擁有的！日常生活發生的小趣事帶給你笑料與歡樂。本集收錄特別篇「橘子唸小學前後的趣事」喔！ "
9782009509609," 本套書包含：《我們這一家 6》游泳俱樂部現在試游期間免費，所以水島太太邀請媽媽一起去游泳俱樂部。但媽媽因小時候曾經溺水而婉拒，在水島太太強力的推薦之下媽媽決定試試。但沒想到媽媽竟然在穿了泳衣之後還穿了內褲…。日常生活發生的小趣事帶給你笑料與歡樂。本集收錄特別篇「橘子5歲‧柚仔2歲」喔！《我們這一家 7》在小時我們曾經都有過將玩具、衣服襪子之類的東西隨便亂丟，而媽媽每一次都會跟在後面念東念西的說：把東西放好、將物品歸回原位…。日常生活發生的小趣事帶給你會心的一笑。本集收錄特別篇「柚仔剛出生的那一陣子！」喔！《我們這一家 8》家家有難念的經，每次都會因為一些日常瑣碎之事在吵架。但是吵歸吵之後又都會馬上和好如初，因為這就是家人會彼此的包容。「我們這一家」日常生活發生的小趣事帶給你會心的一笑。本集收錄特別篇「當媽媽遇見河童」喔！《我們這一家 9》令人噴飯的一家人！我是橘子，是個普通的高中生。上有父母、下有一個國中生弟弟。不過，我的阿母可不普通喔！看到我家的阿母，你們可別嚇到喔！本集收錄特別篇「爸．媽新婚那一陣子！」喔！《我們這一家 10》令人噴飯的一家人！我是橘子，是個普通的高中生。上有父母、下有一個國中生弟弟。不過，我的阿母可不普通喔！看到我家的阿母，你們可別嚇到喔！本集收錄特別篇「媽媽，告訴我」喔！ "
9782009509708," 本套書包含：《我們這一家 11》延續一貫的溫馨風格，把柴米油鹽醬醋茶的生活瑣事，以詼諧方式描述，令人會心一笑。番外篇：敘述柚仔小時候的朋友阿聰，在柚仔要搬家前，以秀出蹲馬桶大號的方式，做為餞別禮。卷末還有花媽黏土人偶的瑜珈姿勢。《我們這一家 12》柚仔畫了同學川島的人像，川島看了大哭？可是柚仔說「我覺得自己畫得很可愛」，川島馬上開心地飛上天…番外篇「爸爸的眼淚」是媽媽回憶婆婆從病危到去世的期間，爸爸傷心難過，卻忍到母親去世後才掉淚的故事…《我們這一家 13》睽違一年，13集終於出版，這次出現的新人物－隔壁鄰居媽媽漫畫家，好奇的花媽藉著漫畫家想採訪高中女生，催橘子去拜訪漫畫家，其實是想知道漫畫家的生活…橘子吃過了同學煮的意大利麵後，要媽媽照食譜做，意外發現媽媽料理難吃的原因。《我們這一家 14》橘子暗戀的男生岩木，其實對橘子有好感？小染聽到岩木愛吃橘子的發言，很想趕快告訴橘子，但是…小染一直以為橘子喜歡的人是吉岡，因為，每次橘子在跟吉岡講話時都會臉紅（其實是氣得臉紅，因為橘子每次出糗時，岩木都在場）…本集本除了加筆特別篇（午後的物體Ｘ）還有單行本獨有的黏土人物劇。 "
9789861049601," (全一冊)德奇異拉，是森林深處的城堡德奇異拉城的城主、附近居民所害怕的吸血鬼。但萬萬想不到他的真實面貌，竟是一隻奇異鳥！只要一吸血就會變回真面目，德奇異拉真的吸得到血嗎！他的妻子，則是每逢滿月，頭髮就會無限伸長的多髮女！兩人之間有了愛的結晶……他究竟會是什麼模樣？德奇異拉一家與他的有趣同伴們，獻給你前所未有的吸血鬼笑譚！ "
9789862066249," ──文具的世界，有無限的可能性──你的鉛筆盒裡，其實藏著一個未知的世界！藍筆是大哥，紅筆是小弟，螢光筆是木頭男，彩虹筆是魔法少年，鉛筆穿著小天使的復古外衣，自來水筆則是中國風的酷哥。在《笨蛋文具王》之中，文具們自成一個又歡樂又笨蛋的社會，在兩位作者奇妙爆笑的靈感當中，帶點危險又性感的「新．文具關係」，徹底顛覆這個世界對文具的刻板印象！ "
9789861044248," 西瓜皮先生又來搞笑了！這次保證又要讓你笑到肚子痛！他要怎麼讓失望的社長振作起來？去爬山的時候要怎麼避免帶去的行李被偷？又要怎麼紓解壓力？撿到廢棄的微波爐會怎麼用？冬天的時候要怎麼避開被流氓找麻煩？且看他怎麼用有趣的方法來解決這些事情吧！ "
4717702228262," 在美國長大的主人翁櫻澤杏是「畫廊‧櫻櫻」的管理員。他在父親的安排下跟三位和風美人一起生活，並學習所謂的 「大和之心」。但是他與生俱來的猛禽系花花公子性格，老是妨礙他學習「大和之心」。就在此時，常常送新鮮蔬菜來的常盤奶奶，她不為人知的祕密也逐漸明朗 化…圍繞著所有畫廊相關成員的祕密到底是什麼！滿載大和之心外加一點點情色的四格漫畫，終於邁向完結篇!! "
9789861035178," 人際關係複雜的家族餐廳「瓦古娜利亞」在本集中出現了不少新的登場人物。包括杏子傳說中的小弟們、堅持普通的謎樣麻耶、還有疑似山田哥哥的人物也將登場。另外小鳥遊似乎發現自己對伊波有種特殊情感，本集他們又將掀起什麼波瀾呢？ "
4717702226657," 櫻澤杏是個性格跟外表完全相反，在美國長大的猛禽系花花公子！！杏的父親為了讓他了解「大和」的精神，特別讓他回國擔任「畫廊‧櫻櫻」的管理員。在那裡等著他的，是與三位和風美人一起度過的甜蜜生活！！以懷舊氣氛及新鮮感共同醞釀出來的「和風味四格漫畫」戀愛喜劇第1集！！ "
9789861030418," 橘子暗戀的男生岩木，其實對橘子有好感？小染聽到岩木愛吃橘子的發言，很想趕快告訴橘子，但是…小染一直以為橘子喜歡的人是吉岡，因為，每次橘子在跟吉岡講話時都會臉紅（其實是氣得臉紅，因為橘子每次出糗時，岩木都在場）…本集本除了加筆特別篇（午後的物體Ｘ）還有單行本獨有的黏土人物劇。 "
4717702221836," 一派平和的瓜生道場，來了一個號稱是除魔專家的食客！偏偏瓜生家的大小姐和佳又是個全無靈感的天然女？少根筋的瓜生老爹、老被欺壓的史上最衰妖貓寅吉…以昭和時代為舞台的爆笑四格漫畫，且看這場人魔大鬥法如何將道場搞得天翻地覆！ "
9789861028293," 西瓜皮先生又要來搞笑兼惡作劇囉！公司的同事、股長、課長甚至是社長，還有路上的路人、鄰居、一同工作的夥伴，全都還是被他耍得團團轉！這次他又要做出什麼樣的惡作劇呢？就讓我們來看一看，並且盡情的笑一笑吧！ "
4717702221843," 打算買新電腦、騎腳踏車騎到迷路、捲入擁擠的通勤電車、姊妹吵架…日常生活中會發生的事，透過作者獨特的想法呈現在四格漫畫中！ "
9789861029214," (全一冊)我們這一家的成員有爸爸、媽媽、姐姐和我。在這個家中發生許多不同的笑料與歡樂，來到這裡你一定能發現更多過去不曾注意的事情喔！ "
9782008506401," 眼明手快，買蔥送菜，我家的老媽最厲害！要看日本歐巴桑活力四射的噴飯演出，就不可錯過《我們這一家》。日本讀賣新聞人氣連載爆笑漫畫登場，全彩精印，值得珍藏喔！ "
9789861020464," 西瓜皮先生又來了！他的惡作劇能夠在寒冬讓你禦寒，讓你笑到身體發熱！這次他又要做什麼惡作劇呢？惡作劇的對象又是誰？是社長？課長？還是胖嘟嘟的股長？讓我們一起來看看這次他又要耍什麼寶了吧！ "
9789861017389," 位於北海道某處的家族餐廳「瓦古娜利亞」。這回，傳聞中的那個人的太太一會兒出現，一會兒消失的，是有新的狀況發生了嗎…？狀況百出的家族餐廳四格漫畫！故事還在繼續哦！第５集秀逗登場！ "
9789571348865," 童年經典重出江湖，30週年爆笑復刻新裝上市！特典雙重送！「烏龍院復古卡」第一彈！（共計四張）「尋寶拼圖集集樂」再送祕藏贈品！為什麼大師父從來不吃豆腐？為什麼胖師父一吃豆腐就嘆氣？連大師兄和小師弟都不知道的「烏龍前傳」大公開！話說這一切都得回溯到很久很久以前的一段「豆腐羅曼史」…… 蔡捕頭的老爸也傚法「孟母三遷」？這還得從「草草族」與「祭祭族」的一場大戰講起！想知道年輕氣盛的大師父和溫和忍讓的胖師父是怎麼認識的嗎？想知道蔡捕頭小時候長什麼樣子嗎？「爆笑烏龍院系列」收錄了敖幼祥最膾炙人口的經典連環漫畫故事。無論你是從小看敖幼祥漫畫長大的大朋友，還是第一次看敖幼祥漫畫的新朋友，都千萬不可錯過既復古又新奇、讓你笑中帶淚的爆笑烏龍院！ "
9789861011615," 西瓜皮先生又來了！他的惡作劇能夠在寒冬讓你禦寒，讓你笑到身體發熱！這次他又要做什麼惡作劇呢？惡作劇的對象又是誰？是社長？課長？還是胖嘟嘟的股長？讓我們一起來看看這次他又要耍什麼寶了吧！ "
9789861008943," 位於北海道某處的家庭餐廳「瓦古娜利亞」。各具獨特個性的店員們之間所產生的美好（？）戀情，將會如何發展呢？勉強算是在家庭餐廳打工的四格漫畫，持續連載中！第四集，搞笑登場！ "
9789861765891," 一艘載著要去畢業旅行的私立掘高學園學生的遊輪正航行在太平洋上。船裡的十五名學生因為不守秩序而被美麗的優子老師關在貨櫃裡，卻一個不小心滾出遊輪掉到大海裡，漂流到一個無人島上！而這十五名學生的共同點都是“童貞”!? 在不知名的孤島上，這十五個童貞男會發生什麼令人噴飯且低級的事呢!? "
4717702216061," 在進入縣立雲田場高校的第一天，主角下北澤伸吾與一個宇宙人有了命運般的相遇!!如謎般的這個宇宙人冠上地球人之名西園寺君輝，並以「我要調查地球的生態系統」的理由，在雲田場高校捲起一陣大混亂！……『地球侵略部』就在此誕生!?以校園為舞台，「什麼都有可能發生」的宇宙級搞笑四格歡樂登場！ "
9789861192871," 睽違一年，１３集終於出版，這次出現的新人物－隔壁鄰居媽媽漫畫家，好奇的花媽藉著漫畫家想採訪高中女生，催橘子去拜訪漫畫家，其實是想知道漫畫家的生活…橘子吃過了同學煮的意大利麵後，要媽媽照食譜做，意外發現媽媽料理難吃的原因。 "
9789574733798," 完整收錄2002年1月至6月，新浪網上的精采四格漫畫！不論是發燒全台的樂透彩還是沸騰全球的世界盃，River提供您另一種有趣的觀點！全書180則爆笑內容，百看不厭。另收錄早期作品「黃色漫畫」。 "
9789861764160," 年輕又有活力的女老師們將上演各種令人捧腹大笑，又讓人意想不到的行為＆言行。嚴禁學生進入的教職員室裡，充滿搞怪的四格漫畫故事。 "
9789861003009," 西瓜皮先生又來了！在這個酷熱的盛夏，他又要做出什麼樣的惡作劇呢？讓他的惡作劇來替我們消暑吧！當西瓜皮先生說他要開始存錢時，到底是為了什麼呢？原來並不是為了什麼，而是因為他買了一台飯店用的電視機，要看電視就必須投幣才看得到！ "
9789861195605," 位於北海道某處的家族餐廳「瓦古娜利亞」。可疑的新工讀生加入了陣容，今天也要充滿朝氣，互動微妙的工作了！身世成謎，疑點重重的新人讓小鳥遊傷透腦筋。再加上小鳥遊家的四姊妹和伊波的父親，全都跑來湊熱鬧！原本就已經風波不斷的「瓦古娜利亞」，將發生什麼新鮮事呢？ (2007年7月2日上市) "
9789861194677," 愛惡作劇的西瓜皮先生又來了！這次他又會做出什麼可笑的事情呢？ "
9789861193878," 在北海道某處的家族餐廳「瓦古娜利亞」工作，過度充滿個性的店員們，所編織的四格漫畫！今天的犧牲者會是誰呢？ "
9789861193885," 位於北海道某處的家族餐廳「瓦古娜利亞」。大家都畏懼的新的打工人員，以及小鳥遊家令人震撼的四姊妹登場！動態微妙的家族餐廳打工四格漫畫第２集。 "
9789861184791," 無業遊貓出第二集了！你怎麼能錯過這麼無厘頭的貓咪漫畫呢！北道正幸的可愛貓咪底下隱藏著對世道尖銳的諷刺。本集收錄裝袋少女、明智小五郎等等。生活苦悶嗎？壓力太大嗎？只要看了無業遊貓，包你壓力全消樂開懷！ "
9789861192864," 柚仔畫了同學川島的人像，川島看了大哭？可是柚仔說「我覺得自己畫得很可愛」，川島馬上開心地飛上天…番外篇「爸爸的眼淚」是媽媽回憶婆婆從病危到去世的期間，爸爸傷心難過，卻忍到母親去世後才掉淚的故事… "
9789861187822," 即使認為「他能夠消失多好」，但是他一消失，卻又讓大家覺得很寂寞。日本的不負責任上班族代表?西瓜皮先生，他的惡作劇已經沒有人能夠阻止了！ "
9789573425984,"  
	鄭重、隆重的推薦您：這本惡作劇的天才、無厘頭的英雄──「西瓜皮先生」四格漫畫！保證看過後令你微笑、狂笑、大爆笑，讓自己揚眉吐氣！ "
4717702206949," 劍士小都，今天開始加入大藏城的騎士團，終於穿上嚮往已久的王宮騎士團鎧甲。她要和傳說中的君主面對面了！君主到底是何方神聖呢？ "
9780000000101,0
9789861177526," 延續一貫的溫馨風格，把柴米油鹽醬醋茶的生活瑣事，以詼諧方式描述，令人會心一笑。番外篇：敘述柚仔小時候的朋友阿聰，在柚仔要搬家前，以秀出蹲馬桶大號的方式，做為餞別禮。卷末還有花媽黏土人偶的瑜珈姿勢。 "
9789861180359," 跟工作比起來，惡作劇絕對不輸人！跟幹勁比起來，強詞奪理更有自信不輸給別人！天下無敵的樂天上班族．西瓜皮今天的狀況也很好喔！ "
9789861179940,"  
	北道正幸的可愛貓咪底下隱藏著對世道尖銳的諷刺。本集收錄裝袋少女、明智小五郎等等。生活苦悶嗎？壓力太大嗎？只要看了無業遊貓，包你壓力全消樂開懷！ "
9789861177519," 令人噴飯的一家人！我是橘子，是個普通的高中生。上有父母、下有一個國中生弟弟。不過，我的阿母可不普通喔！看到我家的阿母，你們可別嚇到喔！本集收錄特別篇「媽媽，告訴我」喔！ "
9789577458254," 延續童話短路系列風格，蕭言中的瘋狂童話又來了！一幅又一幅諧趣十足的圖畫，完全顛覆你對童話的想像。你的生活緊繃嗎？需要一些笑料調劑一下嗎？童話短路三部曲給你天馬行空的加料童話，想像力沒有規則可循。地獄苦海其實是溫泉勝地、醜小鴨會敷美容面膜……這些無厘頭的童話人物，正熱情地邀請你放開胸懷和它們一起搞笑作怪。 "
9789861162157," 上班族的酸甜苦辣！上班族的心情寫照！今年的花朵也盛開了！輕浮的西瓜皮先生，也要努力惡作劇了！萬年小職員．西瓜皮先生爆笑登場。 "
9789861173344," 超完美女佣巧可出現！以她可愛的樣子(？)替人們服務，還有巧可的宿敵兼死黨的烏賊女、怕冷的雪女、一直講不出名字的無名女跟熱愛巧可的不良少女一一出現，四處做亂搗蛋，充滿黑色幽默及可愛美少女的漫畫第一彈登場！ "
9789574738366," 轉學到某縣T高中的金子麗喜歡上了漫研社的部長。面對麗的熱烈追求，部長十分阿莎力的答應交往。從此之後，他們就在無人干擾的兩人世界中，開始相親相愛的甜蜜（？）生活。而圍繞在這對情侶四周的是一些怪傢伙，一群怪傢伙加上兩個怪情侶，以「人一生只能年輕一次，所以一定要讓青春的熱力徹底爆發來過每一天」為宗旨，開始了他們的生活，一直持續到今天…… "
," 葉姝的漫畫不僅俏皮幽默，更具顛覆性格，道出人人內心的意識。葉姝漫畫人人喜歡，最近更獲國立編譯館優良漫畫首獎。機靈古怪的小小，終於又在大家痴痴等待的眼神中，再度與大家見面！小小是葉姝漫畫《憂等生》的靈魂人物，他的願望就是讓大家每天開懷大笑！葉姝的漫畫，佳評如潮，豐富精緻的鉅作，連續榮獲國家級大賞，包括：《憂等生》榮獲87年國立編譯館優良漫畫第一名；《我不是壞小孩》榮獲88年國立編譯館優良漫畫第一名；《林芬妹妹》榮獲89年國立編譯館優良漫畫第二名等。 "
9789861150512," 「持續的支付年金，卻不被任何人稱讚。」，「玩摔角，有時候可以對上司使出逆蝦子固定法。」萬年小職員．西瓜皮先生爆笑登場。 "
9789574738359," 轉學到某縣T高中的金子麗喜歡上了漫研社的部長。面對麗的熱烈追求，部長十分阿莎力的答應交往。從此之後，他們就在無人干擾的兩人世界中，開始相親相愛的甜蜜（？）生活。　　而圍繞在這對情侶四周的是一些怪傢伙，一群怪傢伙加上兩個怪情侶，以「人一生只能年輕一次，所以一定要讓青春的熱力徹底爆發來過每一天」為宗旨，開始了他們的生活，一直持續到今天…… "
9789861152882," 令人噴飯的一家人！我是橘子，是個普通的高中生。上有父母、下有一個國中生弟弟。不過，我的阿母可不普通喔！看到我家的阿母，你們可別嚇到喔！本集收錄特別篇「爸．媽新婚那一陣子！」喔！2004年12月已經上市。 "
9789577457462," 童話，不管是東方還是西方童話，都伴隨著我們、給與我們童年的最美好時光。仙度拉公主之所以如此真愛玻璃鞋的原因竟然是為了美酒？白素貞和小青如果是響尾蛇的話，不是早就露餡了嗎？小飛俠的影子到處亂飛的下場真慘！你知道身長不到五呎的拿破崙原來是靠撐竿跳上馬的嗎？白雪公主的後母無法成為是上最美的女人原來是因為她實在太重視口腔衛生了！而哈姆雷特報不了父仇，於是開始了吞劍的副業。或許你對童話早已了然於心，但是你熟讀童話的番外篇了嗎？ "
9789861140063,"  
	家家有難念的經，每次都會因為一些日常瑣碎之事在吵架。但是吵歸吵之後又都會馬上和好如初，因為這就是家人會彼此的包容。「我們這一家」日常生活發生的小趣事帶給你會心的一笑。本集收錄特別篇「當媽媽遇見河童」喔！2004年4月已經上市。 "
9789861132907," 在小時我們曾經都有過將玩具、衣服襪子之類的東西隨便亂丟，而媽媽每一次都會跟在後面念東念西的說：把東西放好、將物品歸回原位…。日常生活發生的小趣事帶給你會心的一笑。本集收錄特別篇「柚仔剛出生的那一陣子！」喔！ "
9789861132709," 今年將結束，迎接新的一年的到來，「西瓜皮先生」繼續帶給你歡笑。這一集的西瓜皮先生還是一樣充滿搞笑與幽默讓您快樂的迎接新的一年。 "
9789861134529," 開春第一炮短篇四格漫畫！「西瓜皮先生」今年一樣會帶給你歡笑。本集的西瓜皮先生又會有什麼新點子呢？內容幽默、風趣、爆笑讓您在新的一年充滿歡笑。 "
9789861126487," 您曾有過小時候時媽媽為了省錢在買衣服都會買大一號，還有媽媽每次與三姑六婆開菜市場時，都會聊一些有的沒有的。那些點點滴滴的回憶都是我們曾經擁有的！日常生活發生的小趣事帶給你笑料與歡樂。本集收錄特別篇「橘子唸小學前後的趣事」喔！ "
9789571339580," 在漫畫迷的期待下，烏龍院終於推出大長篇連環漫畫囉！在一個超級炎熱的夏天，烏龍院的師徒在海邊戲水時遇到了七鮮魚丸店裡的魚丸嫂和她的七位美麗女兒們，但是臭魚島上的海盜確愛上了魚丸嫂的二女兒，在幾次提親不成，海盜只好趁月黑風高來搶親，烏龍院一竿師徒怎能袖手旁觀，決定連同魚丸嫂母女及一位烏龍海防司令官一同前往臭魚島搶救魚丸嫂的二女兒……過程精彩刺激、臭魚島更是機關重重、更有從未出現過的海盜大戰……等，千萬別錯過囉！這篇作品完成在夏天。泳技、魚丸、海盜、淺挺、小島……都和大海有些關係。這可能是和長久悶在屋裡的心有著強烈嚮往海洋的反射傾向。看《西遊記》時才知道東海龍王也姓敖，名叫敖廣，還有南海、西海、北海龍王也都姓敖。所以我可能是從海裡移民上來的。高中考進一所海事學校，唸的是撈魚科，心中期望在陸地上無法圓的畫家之夢，或許能在汪洋之中尋得寄託……幻想每天睜開眼就是碧海藍天、浪花朵朵、晚霞七彩、月色如銀，在搖晃的船身裡搖晃著筆搖晃著作畫，飄到哪兒就畫到哪兒，非洲、美洲、亞洲、歐洲、北極…… 噢！多麼浪漫的七海畫家呀！可惜討海的本是沒學會，先學會了海盜的本領，因為打架事件被學校退學，感受到了人生的大海才是真的波濤洶湧。★ 國立編譯館 93 年優良漫畫榮譽獎★行政院新聞局 2004年度第二十二次推介中小學生優良課外讀物：漫畫類★ 2003 年金石堂、新學友書局漫畫類暢銷書榜書榜 "
9789861121345," 媽媽為了省電費不吹冷氣，我們只能利用開冰箱來消暑。但沒想到卻被媽媽發現，口中喃喃自語地說一直開關冰箱裡的食物會壞掉而且很浪費電！日常生活發生的小趣事，讓你重新認識家中大大小小的事，帶給你笑料與歡樂。本集收錄特別篇「橘子7歲．迷路篇」喔！ "
9789867664198," 而以藝人身份推出個人創作全彩漫畫繪本「the story of KUBI」的古巨基，應是這一波圖文書風潮中，最特殊的一個例子。從小就喜歡畫畫的他，終於推出了第一部自己的漫畫作品。藝人的生活如此忙碌，問他為什麼會想自己創作，「這是我的心願。」基仔說。「小時候就想要從事繪畫的工作，長大之後便一直想完成一部自己的作品。」在構思了一年，不斷與朋友討論劇情之後，基仔終於創造出一個可愛極了的角色「KUBI」。
　但基仔口中的KUBI，卻是一個「次貨」！這是怎麼回事呢？「靈感是來自日本的烤焦麵包，因為KUBI同樣是出生時有缺陷，而被丟到地球上的。我想要表達每個人不管外表如何，都是有其價值的。」果然不錯，外表雖然和他的族人不同，KUBI來到地球後，聰明又懂得體諒別人的他立刻交了許多好朋友，反而成為最受矚目的人。
　 　雖然這是古巨基首次創作，但其繪畫技巧及說故事的手法都相當成熟，看不出是個生手。書中沒有深奧的道理，有的只是感動人心的溫馨角色及故事。「這是我的處女作，雖是由興趣出發，但我盡了最大的努力，希望大家能樂在其中。」不管是漫畫、畫冊，或是結合散文的圖文書，圖片精美、易讀易懂是其共同的特徵與魅力。你不妨也來感受一下其特殊的圖像吸引力吧！  "
9789861121338," 我們這一家的成員有爸爸、媽媽、姐姐和我。在這個家中發生許多不同的笑料與歡樂，來到這裡你一定能發現更多過去不曾注意的事情喔！日本讀賣新聞人氣連載爆笑漫畫，全彩精印值得珍藏喔！ "
9789861119199," 要與朋友去吃法國料理的媽媽，因為不習慣用刀叉來吃東西，竟然異想天開用刀叉來練習吃飯？看看『我們這一家』又會發生那一些令人噴飯的趣事呢。日本讀賣新聞人氣連載爆笑漫畫，全彩精印值得珍藏喔！ "
9789575957681,0
9789861119182," 眼明手快，買蔥送菜，我家的老媽最厲害！要看日本歐巴桑活力四射的噴飯演出，就不可錯過《我們這一家》。日本讀賣新聞人氣連載爆笑漫畫登場，全彩精印，值得珍藏喔！ "
9789861112664," 總是慢半拍的大阪、十歲的天才兒童知世、外冷內熱的神同學、充滿幹勁的小智……聯手打造笑園新喜劇！漫畫‧動畫‧商品紅遍全日本的搞笑代表作終於出現中文版！ "
9789861107950,"  
	鄭重、隆重的推薦您：這本惡作劇的天才、無厘頭的英雄──「西瓜皮先生」四格漫畫！保證看過後令你微笑、狂笑、大爆笑，讓自己揚眉吐氣！ "
9789576999154,"  
	鄭重、隆重的推薦您：這本惡作劇的天才、無厘頭的英雄──「西瓜皮先生」四格漫畫！保證看過後令你微笑、狂笑、大爆笑，讓自己揚眉吐氣！ "
9789576994524,"  
	鄭重、隆重的推薦您：這本惡作劇的天才、無厘頭的英雄──「西瓜皮先生」四格漫畫！保證看過後令你微笑、狂笑、大爆笑，讓自己揚眉吐氣！ "
9789575955274,0
9789571335667," 時報出版特別為漫畫迷們出版這本全新的烏龍院 20 年四格精選。不僅老烏龍院迷可重新回味他的魅力，新生代更可感受烏龍院的搞笑本領喔。不可錯過！ "
9789574732869," 也許您不認識他，但只要您的電腦能上網或收發郵件，就一定看過他的作品！在新浪網上連載兩年多，人氣度NO‧1，轉寄率最高的爆笑四格漫畫 「RIVER`S 543」單行本化了！RIVER的幽默辛辣充滿奇趣，內容包羅萬象，「543」書名乃是採台語諧音，意指一些有的沒的之事。不但小朋友、青少年、歐巴桑愛看，黑道老大和警察看了會笑成一團，政客看後更有自省效果！RIVER的趣味皆在生活中取材，營造出一股詭譎的笑料。對於時事更是一針見血，社論洋洋灑灑數千字還不如他的四格漫畫！ "
9789576994517,"  
鄭重、隆重的推薦您：這本惡作劇的天才、無厘頭的英雄──「西瓜皮先生」四格漫畫！保證看過後令你微笑、狂笑、大爆笑，讓自己揚眉吐氣！ "
9789575398873,0
9789576990342,"  
	鄭重、隆重的推薦您：這本惡作劇的天才、無厘頭的英雄──「西瓜皮先生」四格漫畫！保證看過後令你微笑、狂笑、大爆笑，讓自己揚眉吐氣！ "
9789575950514,0
9789570822540," 漫畫家劉興欽堪稱台灣出版種類最豐富、數量最多，榮獲獎項最多的漫畫家，不僅深受孩子的喜愛，也是家長所認同的漫畫家。《劉興欽漫畫精選集》共分成四個系列，蒐錄劉興欽長銷不輟的二十八種漫畫，讀者熟知的《阿三哥大嬸婆》、《小聰明》、《快樂童年》、《小村故事》等系列，都將以嶄新的編排、精美的印刷重現江湖。在日本漫畫大量侵台的今天，劉興欽漫畫並沒有受到太大影響，且是許多父母的最愛；推薦給您！  　   "
9789570822557," 漫畫家劉興欽堪稱台灣出版種類最豐富、數量最多，榮獲獎項最多的漫畫家，不僅深受孩子的喜愛，也是家長所認同的漫畫家。《劉興欽漫畫精選集》共分成四個系列，蒐錄劉興欽長銷不輟的二十八種漫畫，讀者熟知的《阿三哥大嬸婆》、《小聰明》、《快樂童年》、《小村故事》等系列，都將以嶄新的編排、精美的印刷重現江湖。在日本漫畫大量侵台的今天，劉興欽漫畫並沒有受到太大影響，且是許多父母的最愛；推薦給您！  　   "
9789573440345,"  
	愈翻愈迷惑、愈看愈不安，不要懷疑，這是作者立下的閱書秘笈︱潑墨山水般的恬靜之美算什麼？既印象又野獸的視覺暫留才刺激！傳染要你好看！ "
9789573442356,"  
	愈翻愈迷惑、愈看愈不安，不要懷疑，這是作者立下的閱書秘笈︱潑墨山水般的恬靜之美算什麼？既印象又野獸的視覺暫留才刺激！傳染要你好看！ "
9789573453345," 愈翻愈迷惑、愈看愈不安，不要懷疑，這是作者立下的閱書秘笈─潑墨山水般的恬靜之美算什麼？既印象又野獸的視覺暫留才刺激！無厘頭閃邊涼快，傳染要你好看！ "
9789573453338,"  


			愈翻愈迷惑、愈看愈不安，不要懷疑，這是作者立下的閱書秘笈︱潑墨山水般的恬靜之美算什麼？既印象又野獸的視覺暫留才刺激！傳染要你好看！

 "
9789576990335,"  
	鄭重、隆重的推薦您：這本惡作劇的天才、無厘頭的英雄──「西瓜皮先生」四格漫畫！保證看過後令你微笑、狂笑、大爆笑，讓自己揚眉吐氣！ "
9789577454270," 史上最帶電的單幅漫畫。
午夜的鐘聲敲響了十二下，灰姑娘匆匆的離開皇宮，只留下一隻玻璃鞋，王子誓言要找到灰姑娘，因為那隻玻璃鞋害他摔成重傷……。
嫦娥吃下了長生不死之藥，身體輕飄飄的飛了起來，在飄盪搖晃的過程中，難免失了方向感，竟誤將太陽當作月亮……。
這不是遺忘已久的童話，也不是遺留在童年的故事，這裡都是令你會心一笑的短路。
這是一段你我心中共同的童年記憶，是我們最熟悉不過的語言。作者以豐富的想像力一筆一劃勾勒出另類童話的幽默風趣，讓你我會心一笑。 "
9789573485834,0
9789573485827,"  
鄭重、隆重地推薦給您：這本惡作劇天才、無厘頭英雄─「西瓜皮先生」四格漫畫！保證看過後令你微笑、狂笑、捧腹大笑！ "
9789575950606,0
9789573435501," 不是動物圖鑑，不是武功秘笈，而是現代社會變態搞笑大百科。解放您全身的笑感神經，讓您達到成人幽默的頂級功力！ "
9789573438854," 工作但求輕輕鬆鬆，凡事可以馬馬虎虎，但是，這麼一來，沒錢、沒房子、沒土地，唉……為什麼阮的命運那麼歹！ "
9789573468714,0
9789573435518,0
9789573439615,"  
工作但求輕輕鬆鬆，凡事可以馬馬虎虎，但是，這麼一來，沒錢、沒房子、沒土地，唉…為什麼阮的命運那麼歹！ "
9789573429548,"  
鄭重、隆重地推薦給您：這本惡作劇天才、無厘頭英雄─「西瓜皮先生」四格漫畫！保證看過後令你微笑、狂笑、捧腹大笑！ "
9789573429555,"  
鄭重、隆重地推薦給您：這本惡作劇天才、無厘頭英雄─「西瓜皮先生」四格漫畫！保證看過後令你微笑、狂笑、捧腹大笑！ "
9789573429562,"  
鄭重、隆重地推薦給您：這本惡作劇天才、無厘頭英雄─「西瓜皮先生」四格漫畫！保證看過後令你微笑、狂笑、捧腹大笑！ "
9789573429579,"  
鄭重、隆重地推薦給您：這本惡作劇天才、無厘頭英雄─「西瓜皮先生」四格漫畫！保證看過後令你微笑、狂笑、捧腹大笑！ "
9789573467120,"  
鄭重、隆重地推薦給您：這本惡作劇天才、無厘頭英雄─「西瓜皮先生」四格漫畫！保證看過後令你微笑、狂笑、捧腹大笑！ "
9789573467137,"  
鄭重、隆重地推薦給您：這本惡作劇天才、無厘頭英雄─「西瓜皮先生」四格漫畫！保證看過後令你微笑、狂笑、捧腹大笑！ "
9789573429531,"  
鄭重、隆重地推薦給您：這本惡作劇天才、無厘頭英雄─「西瓜皮先生」四格漫畫！保證看過後令你微笑、狂笑、捧腹大笑！ "
9789573467151," 鄭重、隆重地推薦給您：這本惡作劇天才、無厘頭英雄─「西瓜皮先生」四格漫畫！保證看過後令你微笑、狂笑、捧腹大笑！ "
9789573425991,"  
鄭重、隆重地推薦給您：這本惡作劇天才、無厘頭英雄─「西瓜皮先生」四格漫畫！保證看過後令你微笑、狂笑、捧腹大笑！ "
9789573426004,"  
鄭重、隆重地推薦給您：這本惡作劇天才、無厘頭英雄─「西瓜皮先生」四格漫畫！保證看過後令你微笑、狂笑、捧腹大笑！ "
9789573426011,"  
鄭重、隆重地推薦給您：這本惡作劇天才、無厘頭英雄─「西瓜皮先生」四格漫畫！保證看過後令你微笑、狂笑、捧腹大笑！ "
9789573426028,"  
鄭重、隆重地推薦給您：這本惡作劇天才、無厘頭英雄─「西瓜皮先生」四格漫畫！保證看過後令你微笑、狂笑、捧腹大笑！ "
9789573426035,"  
鄭重、隆重地推薦給您：這本惡作劇天才、無厘頭英雄─「西瓜皮先生」四格漫畫！保證看過後令你微笑、狂笑、捧腹大笑！ "
9789573426042,"  
鄭重、隆重地推薦給您：這本惡作劇天才、無厘頭英雄─「西瓜皮先生」四格漫畫！保證看過後令你微笑、狂笑、捧腹大笑！ "
9789573426059,"  
鄭重、隆重地推薦給您：這本惡作劇天才、無厘頭英雄─「西瓜皮先生」四格漫畫！保證看過後令你微笑、狂笑、捧腹大笑！ "
9789573426066,"  
鄭重、隆重地推薦給您：這本惡作劇天才、無厘頭英雄─「西瓜皮先生」四格漫畫！保證看過後令你微笑、狂笑、捧腹大笑！ "
9789573426073,"  
鄭重、隆重地推薦給您：這本惡作劇天才、無厘頭英雄─「西瓜皮先生」四格漫畫！保證看過後令你微笑、狂笑、捧腹大笑！ "
9789573429487,"  
鄭重、隆重地推薦給您：這本惡作劇天才、無厘頭英雄─「西瓜皮先生」四格漫畫！保證看過後令你微笑、狂笑、捧腹大笑！ "
9789573429494,"  
鄭重、隆重地推薦給您：這本惡作劇天才、無厘頭英雄─「西瓜皮先生」四格漫畫！保證看過後令你微笑、狂笑、捧腹大笑！ "
9789573429500,"  
鄭重、隆重地推薦給您：這本惡作劇天才、無厘頭英雄─「西瓜皮先生」四格漫畫！保證看過後令你微笑、狂笑、捧腹大笑！ "
9789573429517,"  
鄭重、隆重地推薦給您：這本惡作劇天才、無厘頭英雄─「西瓜皮先生」四格漫畫！保證看過後令你微笑、狂笑、捧腹大笑！ "
9789573429524,"  
鄭重、隆重地推薦給您：這本惡作劇天才、無厘頭英雄─「西瓜皮先生」四格漫畫！保證看過後令你微笑、狂笑、捧腹大笑！ "
9789575399481,0
9789575399542,0
9789573462217,0
9789573468622,0
9789571014852,0
9789571010298,0
9789571010281,0
,0
,0
9789570815733," 劉興欽的漫畫在台灣出版種類最豐富、數量最多，榮獲獎項也最多，不僅深受孩子的喜愛，也是家長所認同的漫畫家。本書描述孝順女孩小莉的感人故事。 "
,0
9789573431268,"  
西風東漸的時代洪流裏，他是唯一逃過滅頂噩運的人類；他年紀很小口氣很大，逼得周圍的大人不得不脫下虛偽的面具！在媽媽的眼裏他叫做小穗，但他無疑是「人小鬼大」的時代英 "
9789573431275,"  

		西風東漸的時代洪流裏，他是唯一逃過滅頂噩運的人類；他年紀很小口氣很大，逼得周圍的大人不得不脫下虛偽的面具！在媽媽的眼裏他叫做小穗，但他無疑是「人小鬼大」的時代英


	  "
9789573431237," 西風東漸的時代洪流裏，他是唯一逃過滅頂噩運的人類；他年紀很小、口氣很大，逼得周圍的大人不得不脫下虛偽的面具！ "
9789573431244,"  
西風東漸的時代洪流裏，他是唯一逃過滅頂噩運的人類；他年紀很小口氣很大，逼得周圍的大人不得不脫下虛偽的面具！在媽媽的眼裏他叫做小穗，但他無疑是「人小鬼大」的時代英 "
9789573431251,"  
西風東漸的時代洪流裏，他是唯一逃過滅頂噩運的人類；他年紀很小口氣很大，逼得周圍的大人不得不脫下虛偽的面具！在媽媽的眼裏他叫做小穗，但他無疑是「人小鬼大」的時代英 "
,0
9789573467144,0
,0
,0
,0
,0
,0
,0
,0
,0
,0
9789570808193,0
9789570808131,0
9789571304373,"  
	辣手摧毀童話王國的瘋狂殺手，逃出瘋人院後，履行他落網前的誓言── "" I""ll be back "" ，悄悄展開另一波顛覆計畫。這次，連電影王國也遭殃了，童話主人翁和電影男女主角，受到邪惡的蕭言中捉弄，會變成何種面目？幽默、爆笑、時髦的話題。 "
9789570807042,0
,0
,0
9789570804027," 一群熱愛棒球的小學生，組成了一支棒球隊，天天練習打球，發生了許多有趣的故事。 "
9789570803891," 漫畫家劉興欽堪稱台灣出版種類最豐富、數量最多，榮獲獎項最多的漫畫家，不僅深受孩子的喜愛，也是家長所認同的漫畫家。《劉興欽漫畫精選集》共分成四個系列，蒐錄劉興欽長銷不輟的二十八種漫畫，讀者熟知的《阿三哥大嬸婆》、《小聰明》、《快樂童年》、《小村故事》等系列，都將以嶄新的編排、精美的印刷重現江湖。在日本漫畫大量侵台的今天，劉興欽漫畫並沒有受到太大影響，且是許多父母的最愛；推薦給您！ "
,0
,0
,0
,0
,0
,0
,0
,0
,0
,0
,0
,0
,0
,0
,0
,0
9789570801613,"  
	【適讀年齡：低年級】 

	丁老師是一位師範學校剛畢業的老師，志願到鄉村學校去服務，深深體悟鄉下人的善良與親切。農忙時，丁老師成立托兒所幫忙他們照顧孩子，並希望每位孩子都能平等受教育。丁老師在鄉村學校發生一連串有趣的故事，溫馨感人。  "
9789570801637," 小博士是個聰明的小學生，他帶著兩位同學到野外郊遊露營，教他們運用了許多有用的常識。常識豐富的小博士，隨地取材，機會教育，發揮童子軍的精神，告訴同伴如何找食物、蓋帳棚，在野外那些東西可以吃、那些不能吃，可以學習以顏色與氣味分辨……，看完全書，你也可以野外求生實戰一番。 "
9789570801842," 劉興欽的漫畫在台灣出版種類最豐富、數量最多，榮獲獎項也最多，不僅深受孩子的喜愛，也是家長所認同的漫畫家。本書敘述大家跟隨海博士到海底探險，在驚險刺激的故事中，一起來了解大海的奧秘。 "
9789570804096," 劉興欽的漫畫在台灣出版種類最豐富、數量最多，榮獲獎項也最多，不僅深受孩子的喜愛，也是家長所認同的漫畫家。本書描述小番薯發生的有趣故事。 "
9789571322537," 作者簡介
【蕭言中小檔案】

法文名：Loic
1965 年生
巨蟹座 O 型
畢業於復興商工美工科

作品：
1985《童話短路 Ⅰ》、《Rocky弱雞》

1986「1812 某種演出」（戲劇演出）

1987《童話短路 Ⅱ》
　　成立糖果屋默劇團
　　「魔鏡的蒼蠅日記」（編導）
　　「白雪壞公主」（編導）
　　「聖誕老公公浩劫餘生記」（編導）

1988《舊情綿綿Ⅰ》

1989《神經界線》、《動物畸談》
　　「三人行不行2．城市之荒」（演出）
　　「巫婆不在家」（演導）
　　「彼得與狼」（戲劇指導）

1990《瘋狂日記Ⅰ》、《瘋狂日記Ⅱ》

1991《舊情綿綿Ⅱ》
　　「三國歷險記」（編導）

1992《童話短路Ⅲ+電影短路Ⅰ》
　　《短路共和國（精選集）》
　　《烏魯木齊大夫說（侯文詠／文）》
　　「回到魔奇屋」（戲劇指導）

1993《笨賊一籮筐》、《電影短路Ⅱ》
　　《黑白獎Ⅰ+Ⅱ》
　　「徵婚啟示」（演出），「非關男女」（演出）
　　「神奇的玩具屋」（戲劇指導）
　　「長角的暴龍」（戲劇指導）

1994《Jungle Heart叢林赤子心》
　　「卡通明星到台灣」（戲劇指導）
　　「太陽王國歷險記」（戲劇指導）
　　「Last Order」（歌唱演出，收錄於陳昇「風箏」專輯）

1995委託張慰慈工作室為經紀人
「 Jungle Heart 叢林赤子心」首開漫畫商品之先例
Swatch手錶「睡眠」系列
輕鬆小品「第一次」系列
柯一正作品「溫泉故鄉」（演出）
音樂劇「聖誕節的奇遇」（編導）
參加陳昇跨年演唱會

1996「海豚阿德」
　　（歌唱演出，收錄於陳昇「Summer.夏」專輯）
　　參與陳昇澎湖跨年演唱會
　　參與陳昇跨年演唱會

1997《黑綿羊俱樂部》、《整形BAR》
　　有聲書《短路發電廠》問市
於自由時報連載文字專欄「巷子裡的塗鴉牆」
與吳淡如何著《有人問我關於愛情的事》
超級旅行家外景主持人
中都卡通台總監 "
,0
,0
,0
,0
,0
,0
,0
,0
9789571322520," 作者簡介
【蕭言中小檔案】

法文名：Loic
1965 年生
巨蟹座 O 型
畢業於復興商工美工科

作品：
1985《童話短路 Ⅰ》、《Rocky弱雞》

1986「1812 某種演出」（戲劇演出）

1987《童話短路 Ⅱ》
　　成立糖果屋默劇團
　　「魔鏡的蒼蠅日記」（編導）
　　「白雪壞公主」（編導）
　　「聖誕老公公浩劫餘生記」（編導）

1988《舊情綿綿Ⅰ》

1989《神經界線》、《動物畸談》
　　「三人行不行2．城市之荒」（演出）
　　「巫婆不在家」（演導）
　　「彼得與狼」（戲劇指導）

1990《瘋狂日記Ⅰ》、《瘋狂日記Ⅱ》

1991《舊情綿綿Ⅱ》
　　「三國歷險記」（編導）

1992《童話短路Ⅲ+電影短路Ⅰ》
　　《短路共和國（精選集）》
　　《烏魯木齊大夫說（侯文詠／文）》
　　「回到魔奇屋」（戲劇指導）

1993《笨賊一籮筐》、《電影短路Ⅱ》
　　《黑白獎Ⅰ+Ⅱ》
　　「徵婚啟示」（演出），「非關男女」（演出）
　　「神奇的玩具屋」（戲劇指導）
　　「長角的暴龍」（戲劇指導）

1994《Jungle Heart叢林赤子心》
　　「卡通明星到台灣」（戲劇指導）
　　「太陽王國歷險記」（戲劇指導）
　　「Last Order」（歌唱演出，收錄於陳昇「風箏」專輯）

1995委託張慰慈工作室為經紀人
「 Jungle Heart 叢林赤子心」首開漫畫商品之先例
Swatch手錶「睡眠」系列
輕鬆小品「第一次」系列
柯一正作品「溫泉故鄉」（演出）
音樂劇「聖誕節的奇遇」（編導）
參加陳昇跨年演唱會

1996「海豚阿德」
　　（歌唱演出，收錄於陳昇「Summer.夏」專輯）
　　參與陳昇澎湖跨年演唱會
　　參與陳昇跨年演唱會

1997《黑綿羊俱樂部》、《整形BAR》
　　有聲書《短路發電廠》問市
於自由時報連載文字專欄「巷子裡的塗鴉牆」
與吳淡如何著《有人問我關於愛情的事》
超級旅行家外景主持人
中都卡通台總監 "
