ISBN,書籍簡介
9789865957841,"

精緻接合的連續圖樣、無歪斜的高品質紋路質感素材本書刊載了各種我們生活周遭中，常見的圖樣及紋路質感檔案。書中附贈的DVD中，收錄了總數900個高品質、高解析度、高像素的數位檔案。有JPEG格式&PAT格式提供給各位使用者。無接痕圖樣檔案是將方磚般的檔案連續配置後，即呈現如其名般沒有接縫、且能無限填滿的便利檔案；紋路質感檔案則能夠填滿、重疊及鑲入圖像底部，輕鬆呈現各種質感。本書特色適用於專業設計工作收錄高品質、高解析度、高像素的檔案，大大提升了設計的範圍。也可廣泛應用於商業用途。適用於漫畫．同人誌等插畫製作在繪製CG插畫時，可用製作插圖背景或人物的衣服花紋。適用於3D CG遊戲背景可將無接痕檔案用於遊戲的背景、建築透視圖等各種3DCG模式，製造擬真的質感。電腦初學者也會用！適用於以Word裝飾文書，或是自製明信片等。並附有初學者也看得懂的解說。※分成3種檔案▼紋理檔案（JPEG格式）便利的大尺寸（B5尺寸+天地左右各3mm）！專業人士或一般使用者皆方便！▼無接痕檔案（JPEG格式）將大小或顏色等隨心所欲加工後儲存，就能做出原創的圖樣檔案（PAT格式）。▼圖樣檔案（PAT格式）由無接痕檔案（JPEG格式）轉存的圖樣檔案，使用時只要直接填滿即可。
                    
"
9789865957872,"

商業漫畫、同人誌，不侵權使用！以學校為舞台來創作吧！實用度超高，最貼心的背景助手！附DVD-ROM，Win & Mac都可以使用不論是與同學嬉鬧的走廊、裝病睡午覺的保健室，或是度過青澀歲月的教室……各種與校園相關的場景全收錄！讀者可因應創作方式，套用於漫畫、插畫、動畫之中。不論是畫同人誌或是商業作品都可以使用！本書內容包括線描圖及照片JPEG圖檔約800張，此外還以PSD格式，收錄可自由編輯的多圖層背景圖，活用度更高。不論是描線或點陣處理都可以，讀者可依照個人風格自由創作。 本書特色70張包含小道具和人物角色的『多圖層線描圖』，以PSD檔收錄，方便讀者自由編輯。超過800張『校園全景、細節照片』，光影實景提供參考！廣泛收錄，教室、走廊、校舍、圖書館……小學?國高中?大學等各種景觀。
                    
"
9789865783051,"

~收錄咖啡館常見的美味輕食與可愛雜貨~高解析度素材檔案多達1600張！分為JPEG格式(附剪裁路徑)、PNG格式(背景透明)、一部分EPS格式，全部素材圖片皆為實物拍攝，檔案皆可用於商業設計。本素材集的主題是「樸質手感&優雅風情的咖啡館常見物品」：．既時髦又可愛的食物和食材、飲料、餐具、花草盆栽、雜貨、布料和木頭的紋路…．多種精美素材能讓您的作品更有質感、更吸引人。．平面設計、網頁編輯和製作雜貨小物時都能派上用場，素材相當實用。．為了讓設計的作品更有氣氛和特色，您可以翻閱本書自在地欣賞、選擇素材，就像坐在咖啡館裡，翻著菜單點菜一樣。本書特色＊實物拍攝精緻去背圖像全書圖片皆是實物拍攝後去背而成，不論是一根根義大利麵條、細長的櫻桃梗、胡蘿蔔鬚、還是盆栽植物的每一片小葉子，全都完美精細的去背了，圖像邊緣極度自然，重疊至其他畫像時不用擔心圖片邊緣不規則，也不用擔心會有白邊，用於平面設計時絕對能讓您得心應手。＊JPEG圖檔附有剪裁路徑全部的白色背景JPEG檔案都已附有剪裁路徑，當您不想使用圖片的白色背景，可直接利用檔案內的剪裁路徑，截取需要的物品圖片，不須自己重頭拉一遍路徑，幫使用者省下許多時間。＊書末附素材活用範例不限定專業設計人士才能使用本書的素材，一般人也可以發揮巧思，將可愛的素材圖片運用在日常生活中，書末示範利用素材製作包裝小標籤、信封袋、廚房冰箱上的磁鐵，範例說明既清楚又簡單，且DVD-ROM內附有紙型檔案，幾個步驟就能完成專屬於您的可愛小物。＊種類豐富的輕食與雜貨素材食物種類非常豐富，從常見的各式簡餐，到充滿鄉村風味的辛香料、果醬、罐裝醃漬食物，還有新鮮的蔬菜水果，每種類型的圖片還有不同角度拍攝、不同食材配置的變化，配合本書後半部分的雜貨、花草盆栽素材，更加大了發揮創意的空間。
                    
"
4717702104047,"


	藝術法則×實作技法

	 

	針對裝飾性圖樣的形式與表達，無論是被世人譽為英國美術工藝運動時期的先鋒鉅作《紋飾法則》，或是做為一本向歐文‧瓊斯、拉西涅（Auguste Racinet）、艾雪（M.C. Escher）等名家致敬的技法教學書《Pattern Design 圖解圖樣設計》，都是藝術創作者不可錯過的經典好書。前者引領讀者深入觀摩東、西方幾千年文化脈絡底下最具代表性的紋樣範例和裝飾應用方法，並循著本書作者、19 世紀美學理論先鋒歐文‧瓊斯（Owen Jones）梳理的設計原則，打通一條清晰的設計思路；後者為日本設計家藤田伸多年研究成果，採用17種平面對稱群組的國際共通標記（包括平移、鏡射、旋轉、分割的變化式），透過重複和拼合手法拆解圖樣規律，引發讀者一步步嘗試的樂趣、進而重組出極具現代感的迷人作品。

	皮革工藝領域變化無窮，透過手作，無論是縫製或剪裁，飽含了溫潤心意及獨一無二的創作力。一雙高級手工訂製鞋，其精緻與講究，說是邁入藝術領域也不為過。對於皮革用料的精選、鞋頭蓋上的裝飾雕孔的別出心裁等每一道環節的極致追求，除了一刀一線長年的經驗累積與精進，更需要美感創作力不斷的深化刺激。透過三澤則行《高級手工訂製紳士鞋》，能一窺製鞋專家暨藝術家針對製鞋七大步驟的每一道工序爐火純青的實做手法，及品味其追求極致藝術的美感展現。

	三本著作內涵豐富，各自擁有無與倫比的獨特魅力。透過應用藝術之間規律與變奏之間交互激盪，產出難以言喻相乘效果，造就獨特風格。在如今生產工具不斷升級的趨勢下，掌握一套歷經千錘百鍊的設計方法，是設計在市場中能不斷推陳出新、屹立不搖的根本之道。

	 

	書籍介紹

第1本：《紋飾法則：奠定當代設計思維的37條造型與色彩基本原則》

	 

	英國美術工藝運動 先鋒鉅作

	◆ 150 年經典重現——重洗時代美學、震撼設計名家觀念

	◆ 19 種世界紋飾風格——橫亙東西方歷史長河的文物大觀

	◆ 100 幀彩色圖版——透視令人嘆為觀止的精湛細節

	 

	【專業推薦】

	國立成功大學建築系 吳光庭教授

	國立台灣工藝研究發展中心主任 許耿修

	 

	【專文導讀】

	國立台灣大學藝術史研究所 施靜菲教授

	英國紋飾研究學者 查捷克（Iain Zaczek）

	 

	【裝幀說明】

	霧面書衣圖片為V&A Museum 授權之莫里斯經典石榴壁紙

	硬殼方背精裝封面使用咖啡色布紋紙

	英文書名採高質感造型打凹

	內頁以雪銅紙印刷，完美呈現高解析精美復刻彩圖

	——值得細細品味、永恆典藏

	 

	1856年於倫敦初版的《紋飾法則》是史上第一本蒐羅東西方不同地域、不同時代各民族設計方法的紋飾集成。英國美術工藝運動（Arts & Crafts Movement）先鋒、水晶宮設計總監歐文瓊斯為了端正當代設計中脈絡紊亂的浮濫抄襲風氣，於本書開宗明義提出建築暨裝飾藝術的37條造形與色彩基本原則，分別探討造形元素的協調、構圖和適當比例，以及如何從色彩的平衡和對比中找出強化造形的用色方法，倡導從過往作品中研擬恰當的創作之道——開創了現代設計和色彩理論之先河，影響遍及十九世紀以降的設計名家如工藝運動領袖莫里斯（William Morris）、建築師萊特（Frank Lloyd Wright）、蘇利文（Louis Sullivan）、柯比意（Le Corbusier）等人，立論一百五十年至今屹立不搖。

	 

	書中大量圖文來自瓊斯的異國踏查及其對大量古籍專著的爬梳，他從包羅萬象的歷史文物中粹選出經典之作，編撰成19篇風格獨特的世界紋飾介紹，不僅詳述其整體特色和演繹手法，亦歸納箇中法則並給予優劣評價，藉由文末共100幀匠心獨具的彩色圖版，串起一段清晰具體的裝飾設計史，使讀者更宛如踏上全世界文化遺產的深度之旅。

	 

	 

第2本：《Pattern Design圖解圖樣設計：迷戀古今壁畫、織品、鋪磚中的裝飾圖樣，解開版畫藝術家艾雪、數學家潘洛斯的「重複性」技法》

	 

	「最初只是簡單的圖案，透過重複，

	完成後竟是如此瑰麗絢爛，讓人無法別開視線。」

	打開世界藝術史，裝飾圖樣必然是人類文明史上的璀璨篇章。無需華麗的構成要件，單純的圖案即能有秩序地重複成美麗的裝飾圖樣，有如精密宇宙，深深吸引藝術家與科學家的投入，最具代表性的便是艾雪（M.C. Escher）和潘洛斯（Roger Penrose），留下許多豐富珍貴的作品。本書作者長期研究、創作、教學裝飾圖樣，以簡單的幾何學知識為線索，拆解重複性圖樣成形的軌跡，如何造型、鑲嵌、平鋪成面，一步步引領讀者發現裝飾圖樣的秩序與萬千變化。

	 

	【圖樣創作的三大法則】

	1.移動規則與重複手法

	‧平移、鏡射、旋轉、位移鏡射4種基本移動

	‧鋪磚對稱群組的國際共通標記

	‧「重複」的2種基本方式

	 

	2.艾雪鋪磚法的拼合規則

	‧紙+剪刀練習7種變形移動入門

	‧線條類型與箭頭記號

	‧等面鋪磚的5種主要拼合法

	 

	3.潘洛斯鋪磚法的魅力世界

	‧從五角形到特定多角形組成非週期性圖樣

	‧有著黃金比例的「潘洛斯鋪磚法①」

	‧科學家熱愛的「潘洛斯鋪磚法②」

	 

	 

第3本：《高級手工訂製紳士鞋：世界第一流製鞋專家技術×藝術實做示範》

	 

	★2010年德國國際製鞋師大賽金牌及榮譽獎雙料獲獎

	★2014年東京銀座個展

	★2015年日本皮革工藝展日本文部科學大臣獎

	★2017年紐約「FOGUE SPACE CHELSEA」畫廊個展、法國坎城電影節展示會

	★2018年東京、北海道個展；榮獲日本皇室宮內廳肯定，締結商業契約

	 

	日本東京手工鞋工坊 MISAWA & WORKSHOP 經營者三澤則行，同時以手工製鞋家、藝術家及講師等多重身分活躍國際舞台。師事製鞋界大師磨練手藝，憑藉製鞋天分及藝術品味，讓他在德國國際製鞋師大賽金牌及榮譽獎雙料獲獎，更是以製鞋類榮獲日本皮革工藝展文部科學大臣獎的第一人。奧地利維也納的學藝經驗，讓他全方位獨立製鞋的技術更加扎實。後將製鞋工藝融入藝術美學，並鑽研皮革工藝，擴增創作底蘊，讓作品不僅是深具機能性的工藝品，更因發揮材料表現力，融入日本美學的造型風格，成為獨特的藝術品。於紐約開個展，受各方矚目，並在法國坎城電影節舉辦展示會，將手工製鞋引領至前人未到的藝術領域。他的手工訂製鞋即使一雙要價30萬日圓，客戶仍是絡繹不絕。奧斯卡史上最年輕的影帝安德林‧布洛迪、美國導演史派克‧李等多位國際知名演員、導演，都是他的忠實客戶。因其在專業上的成就，目前也在新加坡名門設計學校「TaF.tc」擔任特別講師。2018年更是榮獲日本皇室宮內廳肯定，締結商業契約。

	 

	愈是頂級手工訂製鞋，工序愈精緻講究。本書由製鞋專家兼藝術家三澤則行實做示範牛津鞋及德比鞋製程，用2200幀全彩照片詳實記錄製鞋七大步驟的每一道工序，從鞋楦的專屬量製、不同部位皮革用料的精心挑選、拉幫力道的線條弧度、縫線捻合粗細和上脂度等，彰顯每一處小細節都不妥協的講究和堅持。完成品鞋身的線條美感、底邊的流線度，更可體現藝術家的卓越手藝及品味。本書可謂濃縮了三澤則行手工製鞋20年純熟技術和藝術精華。

	 

	本書特色：

	★第一本手縫沿條製鞋法實做書

	★建構手工製鞋完整專業知識：從打版製作、製作鞋面、拉幫、沿條縫合、貼合大底、裝上鞋根、修整完成共七大步驟，徹底分析手工製鞋所有工序和要點。

	★呈現世界第一流專家的技術和美學：全彩印刷，用2200幀照片捕捉每一道細節、手藝和品味。

	★工欲善其事必先利其器：收錄七大製程中畫線、裁切、敲打拉扯、黏著縫製、削整、固定、修整共69種輔助工具及其功能說明。

"
9789865112202,"


	簡單上手！
	使用CLIP STUDIO PAINT軟件，
	3D插圖背景素材集！

	除了可用於漫畫和插圖的室內室外素材外，
	還包含3D插圖素材的集合，
	例如整棟房屋、室內，和室內內部配件等等。
	收錄3D建模共125品項，紋路素材共44項等等。

	擁有高度通用的fbx格式外，還包括CLIP STUDIO 3D對象格式cs3o格式。
	可以輕鬆地創建與您的作品形狀相匹配的材料。

	隨附DVD-ROM上記錄的3D素材數據和紋理素材數據，
	不論是個人或者公司使用，只有這本書的購買者才能免費將其免費用於商業和同人誌。


	第1章使用記錄的數據
	・如何使用3D模型數據（如何在CLIP STUDIO PAINT中使用）
	第二章室內
	第三章廚房用餐
	第四章廁所/浴室
	第五章家居裝飾
	第六章房屋外觀
	第7章EXTRA（人3D數據/紋理），漫畫藝術家的示例集

	3D素材檔案的使用方式

	本書附錄的DVD中，收錄了從個別的家飾到房子的內裝、外觀等各式各樣的3D素材檔案。在這裡就先來介紹在「CLIP STUDIO PAINT」中，素材管理的基本操作方式。

"
9789864800858,"


中國紋飾法則

"
9789577107466,"


 ●精選425條吉祥成語、近600幅吉祥圖案，

 並詳細解說其由來、圖案結構及含意……等

 ●全彩印刷呈現傳統中國色彩搭配美感，深度賞析吉祥圖案之美。

 ●將吉祥成語之首字按筆畫順序排列，卷末並附「畫材索引」，

  

 方便查閱吉祥圖案不同題材之應用。

 中國人從小在日常生活裡，不管是節慶、衣物、用品、建築、雕刻、擺飾…等，都常常會接觸到「吉祥圖案」，它融合在我們的生活中，並已成為一門藝術。例如：「連年有餘」就有象徵性之圖案代表，「連」即以「蓮花」來表示，「餘」 即以「魚」來代表。

  

 類似之吉祥寓意圖案，不勝枚舉，並隨時代潮流轉變，相容在現今藝術及生活層面上，但很少人會去探究其由來及其中的含意。

  

 因此，本社特地編集此書，精選425條吉祥成語，近600幅吉祥圖案，並詳細解說其由來、圖案結構及含意，使大家能進一步了解這些只存在於中國社會中，非常獨特且具巧思的吉祥圖案。

  

 在製作過程中，本社委託「天津楊柳青畫社」繪製圖案、撰寫解說，歷經數次討論、篩選，經過年餘編輯，終於擬定大致內容，在此要感謝「天津楊柳青畫社」的大力協助。

  

 本書並不包含歷來所有之吉祥圖案，只精選其中較具代表性之圖案。在目次、章節編排上也幾經考量，最後決定以吉祥成語首字之筆劃順序編排，在卷末並附畫材索引以利讀者應用、查閱。

 另外，一般坊間有關吉祥圖案之書籍皆以黑白印刷，為讓讀者能欣賞到傳統中國色彩搭配之美，特以彩色精印，呈現原圖之真實色彩，期盼使整本書能更加賞心悅目。

  

"
9789863232735,"


	「只要把自己歸零，就能創造無限。」

	 

	我們每天都在找尋可能，虛心學習這些事：

	如何丟棄已有，如何歸零，如何使「人」沒有障礙，如何找到快樂。

	 

	「透過藝術，人們密切聯接，人們更放心、更自由。
	我們期待，年輕一代可以回到最初的創作之心；不但發展人與藝術的無限可能，
	終有一天可以做到：在藝術世界中，沒有障礙，沒有界限，不分階級，不談條件。
	所謂的弱能者都在本書中或書以外的世界對所有人證明了：
	他們在看似不可能的困境中揮灑，
	把藝術的美慷慨送給曾經漠然對待他們的社會，

	而且鼓舞著我們，注視未來，迎接改變。」——汪其楣

	 

	史文漢、溫慧玟、張蒼松身上所累積如「語言與文化學習」及「災變重建經驗」等深耕本土的參與；王婉容、楊璧瑩與盲人創作戲劇的扎實經驗，聾人演員輕鬆自如的表演；顏翠珍和「鳥與水」舞集、王滿玉和「小可樂果劇團」釋放綿遠的震撼力。黃聲遠倡導空間與人的互相呵護，于善祿主張「不分」美學觀，林絲緞以藝術統合為身心發展解鎖。

	 

	新版除了擴充領域和視野，更重要的是證明了未來並非遙不可及。我們需要更多內觀與外在的描述，丁立芬正好提示從心胸視野的無限，到科技未來發展的不可侷限。鄭黛瓊記述《我帶你遊山玩水》如何以聾人手語劇形式，讓盲人、聾人、輪椅演員及劇場演員一起合作而熠熠含光。謝鴻文探索兒童文學裡的身心障礙者書寫，帶領讀者進入這個影響孩童一生的領域。紀大偉開展「身心障礙與文學研究」新領域，希望藉由文學的力量，讓藝術無障礙更為深化和普及。

	 

"
9789864591367,"


【重點特色】

	20款可免授權無償使用花紋

	10種印花技巧

	6種DIY印花工具

	5位印花設計師專訪

	以親手設計的印花，應用在各式物件上

	設計自己專屬的印花，再以手工印製在各種物品上，既有趣又有成就感。無論是想要擁有個人化的托特包，或是商品包裝，這本容易理解、一看就懂的書，提供了許多有用的建議、詳盡的示範教學與靈感，讓我們得以在短時間內跨過印花設計的門檻，進入繽紛的花樣世界。
	第一篇首先介紹基本的設計知識，學習開發創意想法，從這些想法來繪畫、選擇色彩，以及建立配色盤。接著我們學會不同類型的印花紋樣與布局，像是幾何、花卉、邊飾，以及數種重複排列的方法，並且規劃印花紋樣最終呈現的樣貌，比如花紋的大小尺寸、間距大小，接下來就可以樂趣十足地開始動手製作了。示範教學單元會讓我們了解製作印花的不同技巧（從雕刻橡皮章到切割型版），以及如何利用花紋製作成3種不同的重複印花紋樣。雖然本書的重點在於手工創作印花，不過，若想嘗試創作數位印花，＜印花數位化＞單元同樣能為我們打下堅實的基礎。
	本書的第二篇進一步以前面教授的技巧，創作出各種不同類型的作品：托特包、筆記本、卡片信封組、盒子或袋子、印花牆、印花地磚，還有禮品包裝紙等。＜設計師專訪＞單元中有與設計師們的訪談，以及設計師特色作品展示，希望能帶給讀者印花設計的靈感與啟發。最後，＜設計資源＞單元提供了20款免費的花紋圖案，讀者可以依照各自的需求去變化或修改，自由應用在作品中。
	想必你已經躍躍欲試，快來動手玩印花設計吧！

"
4717702903916,"


從東、西方無數藝術名作中提煉的創作技法
紋樣和印花創作領域
必不可少的理論和實務著作


1856倫敦萬國博覽會後隆重出版的《紋飾法則》，被世人譽為英國美術工藝運動時期的先鋒鉅作。書中展示100幀精美的彩色圖版，旨在引領讀者深入觀摩東、西方幾千年文化脈絡底下最具代表性的紋樣範例和裝飾應用方法，並循著本書作者、19世紀美學理論先鋒歐文‧瓊斯（OwenJones）梳理的設計原則，打通一條清晰的設計思路。

《PatternDesign圖解圖樣設計》為日本設計家藤田伸（FujitaShin）的多年研究成果。做為一本向歐文‧瓊斯、拉西涅（AugusteRacinet）、艾雪（M.C.Escher）等名家致敬的技法教學書，作者採用17種平面對稱群組的國際共通標記（包括平移、鏡射、旋轉、分割的變化式），透過重複和拼合手法拆解圖樣規律，引發讀者一步步嘗試的樂趣、進而重組出極具現代感的迷人作品。

兩本著作內涵豐富、各自擁有無與倫比的獨特魅力，每一頁的細節詳盡，讓人驚嘆連連。在如今人人都有生產工具且工具不斷升級的趨勢下，掌握一套歷經千錘百鍊的設計方法，是設計者在市場中能不斷推陳出新、屹立不搖的根本之道。

	 

書籍特色

《紋飾法則：奠定當代設計思維的37條造型與色彩基本原則》

	150年經典重現——重洗時代美學、震撼設計名家觀念

	19種世界紋飾風格——橫亙東西方歷史長河的文物大觀

	100幀彩色圖版——透視令人嘆為觀止的精湛細節

	1856年於倫敦初版的《紋飾法則》是史上第一本蒐羅東西方不同地域、不同時代各民族設計方法的紋飾集成。英國美術工藝運動（Arts&CraftsMovement）先鋒、水晶宮設計總監歐文瓊斯為了端正當代設計中脈絡紊亂的浮濫抄襲風氣，於本書開宗明義提出建築暨裝飾藝術的37條造形與色彩基本原則，分別探討造形元素的協調、構圖和適當比例，以及如何從色彩的平衡和對比中找出強化造形的用色方法，倡導從過往作品中研擬恰當的創作之道——開創了現代設計和色彩理論之先河，影響遍及十九世紀以降的設計名家如工藝運動領袖莫里斯（WilliamMorris）、建築師萊特（FrankLloydWright）、蘇利文（LouisSullivan）、柯比意（LeCorbusier）等人，立論一百五十年至今屹立不搖。

	書中大量圖文來自瓊斯的異國踏查及其對大量古籍專著的爬梳，他從包羅萬象的歷史文物中粹選出經典之作，編撰成19篇風格獨特的世界紋飾介紹，不僅詳述其整體特色和演繹手法，亦歸納箇中法則並給予優劣評價，藉由100幀匠心獨具的彩色圖版，串起一段清晰具體的裝飾設計史，使讀者更宛如踏上全世界文化遺產的深度之旅。

【裝幀說明】

	霧面書衣圖片為V&AMuseum授權之莫里斯經典石榴壁紙

	硬殼方背精裝封面使用咖啡色布紋紙

	英文書名採高質感造型打凹

	內頁以雪銅紙印刷，完美呈現高解析精美復刻彩圖——值得細細品味、永恆典藏


	**

	《PatternDesign圖解圖樣設計》：迷戀古今壁畫、織品、鋪磚中的裝飾圖樣，解開版畫藝術家艾雪、數學家潘洛斯的「重複性」技法

	 

「最初只是簡單的圖案，透過重複，完成後竟是如此瑰麗絢爛，讓人無法別開視線。」

	 

	打開世界藝術史，裝飾圖樣必然是人類文明史上的璀璨篇章。無需華麗的構成要件，單純的圖案即能有秩序地重複成美麗的裝飾圖樣，有如精密宇宙，深深吸引藝術家與科學家的投入，最具代表性的便是艾雪（M.C.Escher）和潘洛斯（RogerPenrose），留下許多豐富珍貴的作品。本書作者長期研究、創作、教學裝飾圖樣，以簡單的幾何學知識為線索，拆解重複性圖樣成形的軌跡，如何造型、鑲嵌、平鋪成面，一步步引領讀者發現裝飾圖樣的秩序與萬千變化。

	 

【圖樣創作的三大法則】

	1.移動規則與重複手法

	平移、鏡射、旋轉、位移鏡射4種基本移動

	鋪磚對稱群組的國際共通標記

	「重複」的2種基本方式


	2.艾雪鋪磚法的拼合規則

	紙+剪刀練習7種變形移動入門

	線條類型與箭頭記號

	等面鋪磚的5種主要拼合法


	3.潘洛斯鋪磚法的魅力世界

	從五角形到特定多角形組成非週期性圖樣

	有著黃金比例的「潘洛斯鋪磚法①」

	科學家熱愛的「潘洛斯鋪磚法②」

"
9789864800193,"


	21世紀裝飾圖樣技法書
	解讀古今重複性圖樣的迷人姿態

	「一個圖案單位，透過重複，也能發展出魅力十足的視覺效果！」

	舉凡我們身上穿的印花服飾、用的風格小物，走在街上常見的鋪磚地板、建築物外牆，不難發現重複性圖樣如何廣泛地被應用在日常生活中。看似簡單的結構其實蘊含著精密的幾何學意義。自古以來，東西方世界的藝術家、工藝師們僅僅以簡樸的技法，創作出許多連數學家都驚嘆不已的優異裝飾圖樣。

	本書闡明織物印花或是鑲嵌結構等重複性圖樣的原理原則；透過拆解圖樣成形的步驟，讓藝術創作除了「靠感覺」之外，更能有一套方法依循。不論是專業的從業人員，或是裝飾設計的愛好者，皆可藉由閱讀本書認識重複性圖樣的秩序與萬千變化，是智識上的啟發，也是一次美學上的體驗。


	透過本書，你將認識：

	1.國際通用的17項裝飾圖樣標記方式，及其分別代表的重複法則。

	2.將重複性構圖拼接組合起來的方法。

	3.荷蘭版畫大師艾雪，如何利用多邊形造型出各種動物圖樣的原理原則。

	4.如何以英國數學家潘洛斯的幾何學知識為基礎，設計出非週期性排列的圖樣。

"
9789866399213,"

一本「工欲善其事，必先利其器」的靜物繪畫工具書「工欲善其事，必先利其器」在我們學習繪畫和從事美術教學的過程中，經常會遇到繪畫資料圖片太小、解析度太低或構圖不好表現或題材組合起來不順眼不美等的冏境，而導致教學者和學習者都無法全心全力地投入發揮的無奈，既然都願意花時間苦練精進自己的功力，為何就不能選擇高品質的資料練習?這是筆者們多年從事美術教學的心聲，亦是這本靜物繪畫工具書誕生的初衷。本書內容分為三個部份和四種使用方法:分解步驟圖片、個體圖片、二種光源角度的完整構圖圖片；示範詮釋、個體練習、整組操演、模擬組合；依據靜物繪畫學習的四個階段將本書的資料圖片分類為簡單幾何造形構成、複雜幾何造形延伸、不規則幾何造形應用、特殊質感綜合表現四個單元，使用者可以此分類進度由淺入深逐一練習；考慮到使用的便利性採用環扣式裝訂讓每一頁圖片都能平放，不會有圖片因書的弧度而變形。這是一本讓教授靜物畫的素描、水彩、油畫、粉彩、色鉛筆等的老師、想加強練習的同學或自學的繪畫興趣者，能輕鬆便利地使用高品質資料練功的靜物繪畫工具書。<臨摹詮釋>本書的初衷是以基礎美術教學教育出發，臨摹詮釋上以素描和水彩為主軸，當然所有圖片內容用來練習油畫、粉彩、色鉛筆等繪畫媒材亦可。靜物個體和小組另有分解步驟示範，提供給初學者和練習者一個技法步驟可以臨摹的練習方法，另有素描水彩作品的完整詮釋讓使用者有一個畫面風格完整呈現的參照，更希望使用本書的繪畫愛好者都能創造出屬於自己的畫面風格魅力。<個體練習>剛開始接觸繪畫的人多從靜物個體入門，從練習物體的造形、固有色、光線、立體感、質感最後再整體統合的學習步驟，本書共有約230種個體物件有個別入鏡亦有一至三個靜物擺放成小品構圖，能讓使用者依照個人不同程度的需求，紮實加強訓練基本功。<整組操演>本書依據靜物繪畫學習進度分成簡單幾何造形構成、複雜幾何造形延伸、不規則幾何造形應用、特殊質感綜合表現四個單元，共有38組完整靜物每組分別有二個光源角度共76張圖片，其中30組適合描繪四開大小的紙張，8組是適合八開，可以自由選擇練習。一張好的構圖畫面是需要經過思考設計的，整組操演的擺放位置是筆者們共同討論的成果，其中包含了我們對靜物的選擇搭配、對畫面取捨的經驗、對視覺藝術的美感品味，也希望使用者在觀賞或實踐的過程中能潛移默化地建立自我的美感思維。<模擬組合>本書的編排是從臨摹詮釋到個體練習再到整張操演，是希望練習者先從作者設定好的各組個體進行思考練習各種擺放位置的構圖，熟練如何擺放出好構圖後，亦可將每一組的靜物個體圖片打散後再交叉重構，組合成全新思維的構成，以此類推其排列組合的變化多元，讓老師們和學習者能發揮本書最大的使用效益。在靜物繪畫技法書的範疇中，已有許多前輩老師的書籍成為經典灌溉著我們，為美術的教育留下深遠的影響，而筆者們從事美術教育教學多年，有感時代光速地轉變，科技和繪畫工具不斷汰換提升，唯有下苦工才有收穫的原則不變，這次我們也在成書的過程中親身感受到自己的功力精進，期望用另一種符合現代便利學習的繪畫工具書，增加使用者的練習效率，能為美術教育盡一分力，讓更多人能夠使用本書增加自我的基礎功力，追求屬於自己的畫作經典。本書提供之圖片資料，歡迎美術老師們能當成教科書地編教學進度或給予學生作業練習，如要參展比賽需再重新組合加入創作元素較為妥當。感謝旭采美術、芃亞美術、永碩美術和桔果藝術工作室(按組數排)的支持並協助拍攝，讓本書的靜物內容題材和場景呈現多元而豐富。
                    
"
9789865724221,"


◆◆共計2634款俏皮可愛的標籤素材！◆◆
◆◆隨書附贈DVD-ROM for Win&Mac◆◆

	為了可以充分活用素材集，本書依顏色、類型分為兩大章節，
	在每個主題頁皆有推薦使用素材的可愛範例！
	可依自己的喜好，自由地使用在日常生活中作俏皮的小點綴，
	禮物包裝、信紙、小卡、標籤貼紙、紙膠帶……
	加上您的巧思與設計，隨心所欲地靈活運用這些可愛的標籤素材吧！

"
9789865724009,"


★推薦給使用PC電腦的你。
 ★想要嘗試玩設計的入門者。
 ★狂愛法國經典＆代表性元素的法國控。
 ★法式經典圖集911款：紙張．書本．布料．皮革．字型．邊框．花．植物．鐵器．木材．羽毛．蕾絲拼貼．珠寶．水晶……

 花材、羽毛、水晶、古董書等的小素材
 小樹枝、藤蔓等的植物類的素材、字型等…
 滿載古董時尚魅力的，給大人專屬的素材集

 這是一本要送給覺得光是可愛是不夠的人，再適合不過的老舊時尚風素材集！

 古典又帶著奢華感的花材、羽毛、水晶、古董書等的小物，可以作為設計上的小重點的小樹枝以及藤蔓等的植物類素材，就像是那些老舊時尚感的設計一樣，適合喜歡不造作設計，但是卻要營造出品味十足搭配感的人。

 彷若是在法國鄉下可以聽見的美妙鐘聲般的，傳頌著寧靜的美好的圖像照片素材。用法文來表現出可愛嬌媚趕時可以使用上的法文諺語的字形體等，在DVD-ROM共收錄了911種實用素材。此內容由花、植物、古董雜貨的專家以及深愛法國無法自拔的平面設計師所用心共同制作的一本豐富素材集。

"
9789865783082,"


可愛素材從玩具箱蹦出來了，全員集合！

  

 本書集結了洋溢著溫暖氣息的純手工人偶、娃娃屋、玩具車、機器人、積木、飛機、色彩繽紛的小珠子和許多動物玩偶！不論男孩女孩，只要是小孩子一定會十分熱愛。每樣素材都使用布料、羊毛氈、珠子、毛線、水彩等材料手工製作，讓使用者能夠感受到作品的溫暖。不只可以運用在商業設計和部落格網站設計，也可以裝飾姓名貼，或是做成熨斗貼，印在提袋和T恤上，很適合用來製作小朋友身邊的日常用品。振奮精神又色彩明亮的素材組合在一起，彷彿是玩具都從翻倒的箱子跑出來一樣，快把他們都帶回家，一起進入這充滿童趣的可愛世界吧！

本書特色

 ＊大量純手工製作的小物、人偶和動物
 平面美工圖案只占了本書一小部分，其他許多素材都是作者用雙手細心製作的可愛小物。以毛線、羊毛氈、棉麻布為主軸，有毛線編織的女孩人偶、布料縫製的人偶衣物、木頭製作的小火車、羊毛氈做成的恐龍和獨角獸、珠子一顆顆串成的首飾、水彩手繪的背景房屋…每個作品精緻又可愛，在其他地方絕對找不到，完全是本書作者獨創的設計！且每件作品手工精細，毫無粗製濫造的感覺，再加上明亮溫暖的配色，精緻細心的去背，用於設計裝飾都能讓畫面更活潑、更有精神，也能讓看到的人心情愉悅。

 ＊充滿童真且治癒人心的素材圖片
 本書素材以小孩子的視角為出發點，收錄許多小巧可愛的裝飾品、人偶和玩具。雖然沒有華麗的珠寶吊飾或精美的雕花蕾絲、但是帶點懷舊質感的汽車、帆船、直升機、火箭、潛水艇、機器人、積木，布料縫製的小包包、洋裝、鞋子、帽子、髮飾、珠子和毛線編織而成的花朵、七彩小鳥、圓滾滾的綿羊、蹦跳的小兔子、懶洋洋的小貓咪、以及各種造型的糖果餅乾，一定能讓看到的人回想起過去那段天真又無憂無慮的時光。

 ＊附素材活用範例和製作說明
 本書開頭為實際運用素材製作日常物品的範例照片，雖說是童趣主題素材，圖片可一點也不幼稚，不限定只能裝飾小孩子的東西，成人當然也行！溫馨可愛的人偶及動物印製在帆布包、信紙和信封上，立刻就成為您親手製作的獨一無二日常用品！提著包包上街也不用擔心撞包！寫信給朋友時，粉嫩柔美的配色與俏皮的小圖案也能讓對方會心一笑。除此之外還有置物盒、便當袋、填充娃娃、衣服花樣印製、網頁設計的範例。書內有三個專欄說明如何使用熨斗貼印製圖案、利用Word製作姓名貼的方法、以及運用書內素材設計遊戲。

 ＊獨特稀少「手作」字型
 不同於電腦軟體設計出的美工字型，也不是用畫筆描繪出的手繪字型，本書的字型乃是純手工製作。有毛線黏貼成的數字、瓦楞紙裁出的英文字母和數字、還有最特別的，巧克力醬畫出來的字母與數字！運用特殊字型能讓你的設計作品獨樹一格，印象更深刻。

"
9789867139931,"

凝結歲月的美好風情經典版－－古紙素材集307張各具特色的古老紙張，讓設計創作更加得心應手！收錄307個可供Mac系統、Windows系統使用的PNG檔與JPG檔。用途廣泛的單純古紙，古典優雅的蕾絲信紙、手造和紙、年代久遠的印刷品、小小的標籤、飾有邊框的紙，以及花卉寫生與植物標本等……實用又豐富的307張紙張素材，是愛手作的你＆專業設計的必備工具！※素材檔案以下列檔案格式收錄。PNG格式　解析度350dpi RGB模式圖檔留白部分皆處理為透明化的格式。主要可運用於文書處理軟體、卡片製作軟體，並且可以影像軟體來開啟使用。JPEG格式　解析度350dpi RGB模式幾乎所有可開啟圖檔的程式都能使用，為最普遍的圖檔格式。若使用Adobe Photoshop開啟，並經由路徑面板選取，圖檔將會以修去留白的「去背」模式呈現，請多加利用。
                    
"
9789865783013,"

大象、長頸鹿、獅子、熊貓、兔子、水豚、紅鶴等等……無論是超人氣的常見動物，或是稍稍稀有的野生動物，收錄的種類極為豐富，讓你使用便利又開心的照片素材集！想要讓設計更有趣嗎？快來應用超級精緻的動物照片素材，讓你的設計充滿畫面張力！從動物寫真照開始創作吧！無論是附有背景的動物照片、或是完美的動物輪廓剪裁，甚至是從動物皮毛紋路、到五花八門、各種表情的動物頭，共收錄500張以上的寫真照片！跨越一般設計領域的常用素材，運用這本充滿動物表情與姿態的素材，不但能讓設計走向更自由趣味的境界，也挑戰你的創意極限！【有趣生動的動物頭】特色風格設計！獅頭、老虎頭、狐狸頭、熊貓頭、鈴羊頭、猩猩頭、斑馬頭、乳牛頭、貓咪頭等等……，各種動物的表情全數囊括，無論是兇惡的野獸臉、還是天真無邪的草食動物臉，皆以高品質的完美去背，將毛髮一根根地依輪廓剪裁，讓動物頭部能精緻呈現！只要靈活運用這些有趣的動物表情頭部，就能讓設計的版面充滿吸睛的獨特效果，也可以應用在紙籤、明信片或辦公文件，是專業設計師和一般上班族都會喜愛的神奇小素材呦！【動物的輪廓剪裁、完美去背】完整多樣的資料庫！本書當中的動物輪廓剪裁收錄了各種多樣又豐富的動物種類，共超過60種以上的動物寫真。花豹、犀牛、長頸鹿、袋鼠、梅花鹿、浣熊、獅子、老虎等各種哺乳類動物，與駝鳥、貓頭鷹、鸚鵡、公雞、企鵝、孔雀、老鷹等各種美麗的鳥類，再加上鱷魚、莽蛇、烏龜等等冷血的爬蟲類動物，以及海豚、海狗等等超人氣的海洋動物，所有常見又實用的動物素材幾乎都收錄在裡面了。此單元同時也是本書最多內容的部份，較為常見的動物除了有不同角度的身體姿態寫真以外，也有不同表情、毛色品種的收錄，像是孟加拉虎和雲南白虎、博美犬和柴犬、虎斑貓和花貓、松鼠和天竺鼠等等，當你在設計運用時，即使是同一種動物，也能有多樣化的毛色品種選擇。另外也有分為公母或親子等不同特色的動物，像是有鬃毛的公獅和優雅的母獅照片，或是袋鼠媽媽裝著小袋鼠的照片等等，都一一將輪廓完美剪裁，可直接應用於設計！【帶有草原、森林或海洋背景的動物寫真】唯美攝影！冰岩上的北極熊、草地上的綿羊、抱著樹幹的無尾熊、站在花叢樹枝的綠繡眼、或是站在沙土的文鳥等等，這些帶有背景的動物寫真照片，不僅完整地將動物的樣貌呈現出來，也有補捉動物動態的一瞬間，以各種不同角度來展示動物寫真的美感。照片本身不僅以高解析作為基礎，同時也是專業攝影師結合光影與自然動態的美麗傑作！【多樣化的動物毛皮紋路】超人氣主題！最受歡迎的超人氣收錄，就是人見人愛的動物毛皮囉！黃金獵豹的斑點毛皮、不同粗細條紋的斑馬紋路、色彩明亮的長頸鹿毛皮、捲捲的綿羊毛等等，甚至到爬蟲類的蛇皮、鱷魚皮紋路，本書不僅收錄了這些超人氣動物的毛皮、真皮紋路，部份毛皮紋路也以多樣的品種色彩呈現，讓設計師能廣泛靈活應用。另外也有以高畫質特寫鏡頭呈現的動物毛髮、毛根，可應用於特色主題當作背景素材，或是重新再製為具有特效效果的濾鏡，絕對讓你的插畫和設計作品在潮流中引領風騷！本書特色＊支援專業設計！收錄高品質、輪廓剪裁細膩（完美去背）的PNG檔案、JPEG檔案PNG格式，是將動物毛髮一根根精細的裁切去背，驚人的高品質檔案。可在背景加上其他顏色，或是重疊至其他圖像使用。＊製作漫畫、同人誌等的插圖！動物的皮毛紋路可當作網點，做為CG的背景與裝飾、或是角色的衣服花紋。＊電腦初學者也能快速上手！可用於WORD文書的裝飾、原創明信片製作。讓初學者能夠開心使用、附有詳細清楚的說明！
                    
"
9789866360961,"

是否為了找靈感而枯坐在電腦前面？每一本素材集的內容好像都大同小異？這一本，即將帶給你全新的震憾！截然不同、前所未見的高級手感質地素材，從紙張到木材、牆壁塗刷到油畫、日式傳統布料到義大利麵，鈕釦、畫具或是貝殼等等各種有趣的小物件，上千種的質地素材，即將強勢回歸你的創作靈感與極限！【紙張】古老的舊書，不同層次泛黃的舊紙張、被撕過的舊紙片等等……，讓設計輕易地就能增添復古韻味。而各種不同種類的紙紋，柔和感的雲彩紙、粗曠感的模造紙、透光感的壓紋紙，還有許多摻入粗纖維的紙張，每一張都呈現出最原始的手感質地！【木材】從枯竭的樹木老皮、寒帶地區的杉木板、油漆剝落的老舊木板，到古老的木板門窗、不同色調和油漆塗刷的木板牆，為數眾多的各種木材質地，讓設計的味道散發出木頭香氣，呈現出迷人的作品。【牆壁】金屬板腐蝕的牆面，以特殊濾鏡拍攝出驚人的色彩與質地，或是如寶石般飛散的斑駁感的華麗牆面、帶有北歐氣息的藝術創作潑墨牆面，每一款牆壁素材都大膽地以藝術攝影角度呈現，運用在設計上不但極具張力，也能依著每個人的創作設計出各種有趣的作品。【布料】日本傳統的縮皺和服布料、刺子繡布料、或是藍印布、粗紗麻布，以及具有現代感的格紋布、條紋布等等，甚至是毛料布，無論是哪一種布紋，都藉由布料色彩的選樣與攝影師的巧妙呈現，讓布紋充滿的生命力與手感風味，好似近在眼前、即可剪裁一般。【物件】撿一些義大利斜管麵、蘋果、全麥土司、甜甜圈等食材素材。加上一些線板、針插、洋裁尺、線軸等縫紉素材。再選一些木頭雕刻品、乾燥花、畫具等等生活與興趣的小物件。這些零零總總的素材，不僅僅是一般的小物件，從攝影的光線角度，和物件本身的挑選，都是經過高度檢視的首選貨，每一個小素材都表現得極具份量與水準，只要選用一兩個，就能讓設計作品走向高格調的道路。【繪畫】運用油畫的油彩立體感來製作各種質地素材，是最受高階設計師歡迎的。暈染的效果、乾刷、大筆揮過、堆疊、刮刀的刮痕等等，甚至是把顏料灑在水面再用塑膠袋滑過後印在紙上，這種如同中國大師級的國畫顏料使用技法都能看見，自然的轉印效果讓素材呈現有著無限可能，或是日式繪畫的經典貼金箔，再搭配上些許的畫具，從畫板到色鉛筆、用過的顏料磁碗，讓素材擁有不可思議的藝術氛圍，好好運用這些繪畫主題的手感質地素材，讓設計晉升到另一個宇宙的層次！本書特色＊共收錄1,106件（JPEG & PNG檔）的手感質地素材＊專業攝影師兼圖像處理專家．橋本篤生的手感素材搜集＊大膽用色＆強烈張力的手感質地，是廣告設計師最愛用的高階素材＊提供各種設計人員可商業應用、用途廣泛的內容紙張、布料、木材、舊書、牆壁、金屬、石頭、畫材、食材等，收錄大量且非常好運用的自然素材，請利用於你的設計作品上吧！
                    
"
9789866360930,"

「玫瑰、雛菊、錦葵棉花等各種浪漫風味的花朵，馬卡龍、小蛋糕、手工餅乾等甜蜜可愛的點心組合!」豐富多樣且不可思議的夢幻質感，令設計人感受到甜美氣氛的花朵&甜點素材總匯！『日本知名設計師Sachi的夢幻設計─花朵&甜點大集合！』【唯美的花朵、藤蔓&果實等植物素材】多色玫瑰、薔薇，小雛菊、波斯菊和勳章菊，軟棉棉質感的錦葵棉花，以及運用珍珠搭配設計的迷人槐花。每一種花朵都以不同層次的色彩設計，即使是原創的向量圖形，從花蕊到花瓣的細節，也都經過細膩的色調處理，營造出唯美浪漫的柔和氣息！另外也搭配些許青綠的葉片、藤蔓，以及櫻桃、莓果、松果等不同季節的果實，增加豐富度。每種素材幾乎都配有不同角度和色調可選用，精緻得令人讚嘆不已！【甜蜜的蛋糕、馬卡龍、餐盤等午茶系列主題素材】莓果和花朵點綴在盒裝蛋糕上，再加上一點薄荷葉、肉桂棒和手工餅乾，搭上餐盤，好吃的下午茶甜點就完成了！無論是馬卡龍、點心派、或是心型糖果，都設計得既可愛又時尚，成功地吸引了眾人的目光，與浪漫花朵素材結合後，更能營造出具有特色的設計風味！【鳥籠、珍珠、歐風帽等特色搭配素材】花朵旁的彩繪蝴蝶，彎曲設計的華麗鳥籠，具有迷人光澤的珍珠，黏上花朵和葉片的古典禮帽，再加上各種橢圓型、L型、愛心型的邊框設計，運用不同色彩媒材的組合，讓每一組花朵甜點的成套配件，都優雅地成為注目的焦點！【經典邊框、緞帶、蝴蝶結等百搭配件】各種簡約風和華麗螺旋的邊框設計，可轉換不同色彩與特效，搭配蕾絲、緞帶和蝴蝶結設計，不僅可隨意組合、實用搭配，也讓花朵甜點主題更能完整地呈現出來，是令人忍不住驚呼「好可愛！」經典素材設計。隨書附上DVD-ROM，Win & Mac都可使用（EPS/PNG/PSD檔）本書特色＊共收錄5700個以上浪漫風格的花朵&甜點素材，從各種花草圖案、果實配件、甜點種類，到邊框、蕾絲、緞帶等，全都可以合法應用（詳細授權範圍請見書籍內頁）。＊本書提供了素材應用的實際範例，筆記本、信封信紙、標籤貼紙、生活用品包裝等等，讓你從中汲取靈感，做出最棒的設計！＊本書以花朵&甜點為主題，收錄各種不同品種的花朵，以及各種不同口味的午茶點心，而每一種花朵和甜點也都提供不同角度、不同色系的設計，讓你隨意選用！＊本書提供詳細的使用方法，從Adobe Illustrator到Photoshop，清楚介紹修改素材與使用筆刷特效的設定，一種素材可以變化出更多樣的效果。
                    
"
9789862519134,"

還在煩惱設計筆刷與圖樣不夠用嗎？本書的1800個設計素材絕對能滿足您的設計需求！讓您絕對可以短時間內提升設計品質、使用到別處看不到的筆刷，並取得大量工作上可自由使用的素材。本書是一本收錄了1800個Photoshop筆刷與圖樣的設計素材集（附贈素材CD-ROM），不論是平面設計、網頁或漫畫都可以自由使用書中的全新設計素材，用於商業設計也完全沒問題喔！讀者只要將收錄於CD-ROM的資料載入Photoshop，擊點一下即可描繪各式各樣的插畫、圖案及紋理，對於需要大量素材的設計人員來說，使用起來非常方便。其中共收錄了筆刷方面有素描、向量、大自然、復古風……等11個主題，以及圖樣方面有紋路、日本風、復古風……等6個主題，讓讀者只要自行配置一些不一樣的變化，就能體驗千變萬化的設計樂趣。本書特色◎以目錄方式呈現鮮豔清晰的素材圖片。◎CD-ROM光碟內附平面設計、網頁、漫畫等可自由編輯的優質筆刷和圖樣。

"
9789862518908,"

每逢新的季節來臨，人們總是會盡情享受當季特有的風情。本書將日本春夏秋冬四個季節的代表花卉以及新年象徵物品等圖像化，製作成色彩斑斕但線條單純的花樣，收錄於DVD中，讓讀者們能自由列印運用，增添生活情趣，體驗四季美感。本書是一本將四季風情圖案化的設計素材集。從林林總總的日本俳句中，精挑細選出160個和四季應時的花卉、植物、動物及天象、地象、節慶活動等相關的季節語，設計成方便好用的圖樣和印章素材，合計1280張。素材可隨季節變換應用於DIY物品，如「時令問候卡」、「網誌背景圖」、「橡皮擦印章圖案」等，十分便利。並附有可輕易輸出成A4尺寸的JPEG圖檔、版型。EPS圖檔的顏色和尺寸均可改變，也可以自己加上一些不一樣的變化，體驗重新編排的樂趣。本書特色◎以目錄方式呈現鮮豔清晰的素材圖片。◎光碟內附素材圖檔與小禮盒、小禮袋版型。素材圖檔可自由編輯。

"
9789573270645,"

◎最豐富完整台灣花布圖庫◎最有系統之文化美學分類◎最具文創發展價值之色彩與紋樣分析橫跨50年的台灣花布大旅行，看見台灣的野性與創造力首次以現代設計者的眼光，系統性解讀台灣傳統花布的紋樣元素與主要色譜。台灣花布，就像來自世界八方的外來混生種在台灣落地生根，像野花一樣到處生長綻放，五花十色都難以形容它們的美麗與善變。2006年開始，作者踏遍台灣各地，走進一間又一間藏在鄉間的老布店，找出一塊又一塊老板口中的被單花布、窗簾布。跨五十年歲月的708款台灣傳統花布從阿嬤大花巾時代重新出土，在作者的整理、歸納和解讀下，有了全然不同的生命呈現，從中展現的是台灣人民包容各種不同外來文化衝擊的創造力。
                    
"
9789866360794,"

法式夢幻巴黎風~萬用手感圖案大集合！Le Paris~Les matieres de France！圓點、格子、碎花圖案！最唯美動人的布紋素材，搭上優雅蕾絲與鐵塔印章，從手作系雜貨、植物、甜點，到拼貼風格標籤、英文字母和邊框圖案，皆由深愛巴黎的圖像設計師deux arbres，精心製作出一個個動人心扉的獨特素材。主題包括最經典的艾菲爾鐵塔、時尚的仕女用品，咖啡廳的法式小物圖案和田園系植物蔬果，手繪風的古董收藏品、歐式古著風印章、仿舊郵票與南法紡織品，翻閱整本素材集，就如同親身體驗了精緻手感氛圍的巴黎時光！愛菲爾鐵塔從建築物間露出臉來，伴著天際間飄來的教堂鐘聲，啜飲著咖啡歐蕾，在咖啡廳中獨自享受沉思的午茶時刻－巴黎，每次都會為我帶來無限的喜悅和悸動。來到巴黎觀光，一定少不了香榭大道和愛菲爾鐵塔等著名的觀光景點，除此之外，順道逛逛周邊具有特色的小街角，也堪稱一大享受。例如，你可以到跳蚤市場挖寶，找一些古董雜貨；前往大學城學生街的拉丁區，挖掘價格合理又美味的餐廳；又或者，你可以到最具「當代」巴黎特色的瑪黑區大肆血拼一番。不同的角落，讓你品味巴黎不同的面貌，讓所有的遊客都能尋獲他們所「喜愛」的巴黎。本書以街道散步的形式，將巴黎所有魅力的街角逐一作成素材圖片，並集結成冊。希望能透過這本素材集，和所有喜愛巴黎的粉絲們分享這個城市為你帶來的感動。本書不同於一般的素材集，這本巴黎風素材集的豐富度，可以讓你在翻閱中尋找真實的靈感與創意。從平面設計到網頁專案，無論是專業的設計師、一般的手感風愛好者，或是部落格版型設計達人，都能藉由本書的唯美氛圍構思出獨特驚豔的設計！※隨書附上DVD-ROM，Win & Mac都可使用（png格式∕eps格式共收錄1208件）＊共收錄1208種，巴黎唯美風格的手感素材，全都可以合法應用 (詳細授權範圍請見書籍內頁)。＊本書前15頁提供了素材應用的實際範例，小紙籤、貼紙、包裝盒或網頁版型，讓你從中汲取靈感，做出最棒的設計！＊不僅收錄各種主題的巴黎風圖案，更增添有實用的美麗布紋、標籤與印章，邊條、紙膠帶與文字設計，甚至是部落格常用的button設計，每一款都會讓你的作品引人注目！
                    
"
9789867022592,"

使用卡典西德貼紙來裝飾居家、店面簡易的局部製作技法。房間角落、窗戶或牆壁，只要貼上貼紙，整體印象就為之改觀。本書將說明貼紙裁切方法的訣竅。另外，介紹了數種得以貼出美麗成果的方法以供選擇，收錄了提供影印使用的圖案，請按照打算黏貼的位置，選用合適的圖案放大。
                    
"
9789868601383,"

10種動物風格插圖一次收藏！還有各種逗趣的表情符號！★收錄10種動物畫風插圖，全都是作者親自繪圖創作，包含逗趣、俏皮、可愛、酷炫等各種風格。★每種動物畫風，還加入背景、道具、花邊、標誌…等不同設計可搭配應用。★特別收錄電腦排版應用作品(桌布、桌曆…)作為您應用最佳參考，並且可直接列印使用，讓您用插圖增添生活樂趣。★每個單元的創意作品都有作者精心製作的手做作品，皆以書中插圖直接列印並做簡單加工即可變成漂亮的作品(告示牌、海報、名牌、指示牌…)。★最後一章節特別加入插圖設計應用的方法，用簡單易懂的方式歸納出插圖編排的原則讓您可以輕鬆玩設計。★附光碟，收錄書中所有圖，並給您三種實用圖檔格式：AI檔(可以自由修圖、改圖、上色)黑白JPG檔(剪貼、上色超方便)彩色JPG檔(直接列印使用或用文件排版插圖)特別推薦本書可搭配【創意市集系列】，輕鬆學會插畫塗鴉並享受手作的樂趣。
                    
"
9789881511676,"

由國學大師以深入淺出的手法精心編寫的中華傳統文化通識讀物《文史中國》叢書共38本，分為四個系列：“文化簡史”（10本）、“世界的中國”（10本）、“中華意象”（8本）、“輝煌時代”（10本）。四個系列互相聯繫，同時又自成體系，為讀者多視角多側面地展示中華文明。“中華意象”系列選取最能夠體現中華民族主體思想的、具有象徵意味的意象，進行深入的解析。中華民族自古以來就崇拜龍、鳳，並成就了龍鳳文化。本書講述了龍、鳳是如何從遠古時代的圖騰一步步分別演化成帝王的象徵、民間崇拜的水神和后妃的標識、吉祥的符號的；還講述了許多關於龍、鳳的歷史故事和民間傳說。

"
9789881511928,"

由國學大師以深入淺出的手法精心編寫的中華傳統文化通識讀物《文史中國》叢書共38本，分為四個系列：「文化簡史」（10本）、「世界的中國」（10本）、「中華意象」（8本）、「輝煌時代」（10本）。四個系列互相聯繫，同時又自成體系，為讀者多視角多側面地展示中華文明。「中華意象」系列選取最能夠體現中華民族主體思想的、具有像徵意味的意象，進行深入的解析。《吉祥趣談》中國古代人們的理想人生是：在傳宗接代方面，盼望子孫滿堂、家族興旺；在前途命運方面渴求金榜題名、封侯拜相；在物質生活方面祈禱倉廩殷實、富貴常有；在內在修養方面注重清高灑脫、隱逸超然；在生命品質方面希冀健康平安、福壽雙全。本書從這五個方面展現了中國歷史上令人眼花繚亂的祈求吉祥的話語、行為、禮俗、儀式，展現了中華民族幾千年來的倫理情感、生命意識、審美趣味與宗教情懷。
                    
"
9789575229139,"

我們每天都在找尋可能，虛心學習這些事：如何丟棄已有，如何歸零，如何使「人」沒有障礙，如何找到快樂。　　北藝大「歸零與無限」講座邀請了特殊藝術領域中，長期從事創作的專業者，和心無障礙的觀察家現身說法。他們言行展現出來的生命視野豐富多樣，讓未來可能愛上藝術的年輕一代，有機緣跳出框架來思考，來體驗。　　史文漢、溫慧玟、張蒼松身上所累積如「語言與文化學習」及「九二一經驗」等深耕本土的參與；王婉容、楊璧瑩與盲人創作戲劇的紮實經驗，聾人演員輕鬆自如的表演；朱萬花和視障音樂人、顏翠珍和「鳥與水」舞團、王滿玉和「小可樂果劇團」釋放綿遠的震撼力。黃聲遠倡導空間與人的互相呵護，于善祿主張「不分」美學觀，林絲緞為身心的整合活動解鎖。　　「透過藝術，人們更密切聯接，人們更放心、更自由。我們期待，年輕一代可以回到最初的創作之心；不但發展人與藝術的無限可能，終有一天可以做到：在藝術世界中，沒有障礙，沒有界限，不分階級，不談條件。所謂的弱能者都在本書中或書以外的世界對所有人證明了：他們在看似不可能的困境中揮灑，把藝術的美慷慨送給曾經漠然對待他們的社會。」──汪其楣
                    
"
9789862292914,"

好用的紙材圖庫 一本就夠了！高畫質、多變、數量足！擁有它，你已經走在頂尖設計的路上！設計人：「我需要一本可以用很久、很實用的紙材圖庫，不要再給我一片光碟只能挑出2~3張的圖，我不是有錢的大爺啊……。」小編：「沒錯！好用的圖庫，其實一本就夠了！」高畫質、多變、數量足！讓你一次擁有它～本書特別針對設計人的需求度與實用度量身規劃，收錄高達700多張的紙材種類，內容有特殊紋路、多變材質、報紙、多樣提袋與紙箱盒、各式書本、多變筆記本、好用便利貼、檔案夾、信紙卡片、包裝、標籤、景圖…..等。本書圖片除了可直接應用在設計上外，你還可以發揮設計創意將圖片特殊處理，發揮到最完美的設計上。擁有它，你已經走在頂尖設計的路上！隨書附贈容量超高的DVD-ROM，價格絕對優惠、內容超級實在。本書系已經獲得讀者廣大迴響，品質保證，最平實的價格、最實在的內容！本書特色：1- 圖檔收錄齊全全書圖檔高達700個，每張圖皆收錄高檔圖，使用上絕對方便又順手！2- 獨創不凡風格有別於市面上的圖庫設計工具書，我們給你的是獨創的設計圖樣，讓你愛不釋手。3- 內容豐富精采為了方便讀者們使用，我們不只給你各式各樣的紙材種類，也提供你多變化的質感變化，更貼心收錄不同角度的圖片供選擇使用，超豐富的內容絕對不容錯過。4- 用途廣不受限本書每張圖都有收錄高檔圖，讓設計人可以自由變化成自己喜愛的圖像，提供您創新的靈感。5- 超值經濟優惠隨書附贈容量超高的DVD-ROM，價格絕對優惠、內容超級實在。本書系已經獲得讀者廣大迴響，品質保證，最平實的價格、最實在的內容！

"
9789861992129,"

設計除了追尋技術及美感的精進外，最重要的本質還是要能夠符合消費者的需求、貼近人心、感動大眾。從人類開始有文明以來，在我們的陶器、服裝、建築、…等等文物上面，就已經可以看到傳統圖紋的內容產生，在世界文明的發展上，圖紋發展出了各個國家不同的傳統紋路，及至今日，也有許多現代感的特殊圖紋。學會使用復古的傳統圖紋、或是創造時尚流行的現代紋路，是現在的設計師們必學的一堂課，也是重現設計本質的一堂重要的課程。本書針對設計師的需求，規劃成兩部份，第一部份讓讀者了解圖紋設計的製作方式與應用層面；第二部份則提供了精選的300種圖紋內容，方便設計師即時找到需要的內容，省卻自行設計的精力，可以創造更多的設計內容。本書的圖庫內容以高品質的EPS檔為主。同時，也為了讓一般讀者也可以應用到本書的圖檔內容，所以也提供了JPG、PNG圖檔。
                    
"
9789868601307,"

創意手文化插圖鉅獻POP天王名師簡仁吉親手繪製，多達1554個插圖，全部都是全新繪製。剪影、對折、拼貼、終極剪貼等多種風格插圖。新年、元宵節、中秋節、端午節、情人節、母親節、萬聖節…等常用的節慶插圖等都包含其中。另外，作者簡仁吉老師應用書中插圖，親手製作了重要節日如聖誕節、母親節、情人節的節慶佈置及卡片應用作品，是您逢年過節必備的插圖參考書。本書附贈光碟，內含1554個插圖的黑白、彩色JPG檔、AI檔及分解圖，無論是剪貼、上色、列印、網頁應用、文件插圖都非常簡單便利方便。
                    
"
9789861362342,"

◎從傳統中探尋新意，發現設計的藍海！暢銷工具書《設計的寶庫》系列◎收錄最美麗的藍布印花250款，體驗東方美學的優雅◎內容最豐富：收錄250種當代設計師最需要的藍布印花圖樣。◎解說最詳盡：每一種文樣皆詳細說明歷史、淵源、特徵與用法等。◎分類最完整：分瑞獸動物、植物、人物器物、文字圖騰、幾何簡化五大類。◎製作最便利：附CD-ROM：高解析JPEG與PSD格式，可直接使用，修改成需要的圖樣。◎最物超所值：比市面上的圖庫更精緻、價格最便宜，經濟又實惠。只有在傳統文化中尋根，從古老的文明中發掘新的東西，將其中的元素融入設計之中，才能發展出自我獨特的風格。藍布印花在中國、日本、東南亞均十分普遍，作者經由資料收集彙整並重新繪製，希望可以藉由藍布印花文樣的數位化，和其中圖案所象徵意義的介紹，提供給讀者方便運用於各種設計之中。

"
9789867022240,"

本書內容為各式花紋圖案，可用於設計上表現上，加上自己的創意可有不同的變化。本書所附光碟檔案是設計師喜愛的AI檔，可隨意變化放大縮小。書中共有100張圖紋，開放使用。
                    
"
9789868293281,"

本書的主軸是以創意大師系列叢書為設計藍圖，提供給讀者在書上的插圖外，還有更多新意。內容風格不同於「圖案達人1」及「圖案達人2」， 插圖不重複創意不重疊，每個圖都有分解圖，可讓讀者節省更多的製作時間，不管在美勞教學、教具製作及教室佈置等都可以盡情發揮。重要事件 著作精緻手繪ＰＯＰ系列十餘本著作ＰＯＰ字學系列叢書五本著作ＰＯＰ海報祕笈系列叢書六本著作【環境佈置班】創意背景篇　　【環境佈置班】實用花藝篇　　【環境佈置班】單元主題篇　　【環境佈置班】創意主題篇　　【環境佈置班】媒體設計篇　　【創意大師系列】夢幻型版智慧王　　【創意大師系列】創意幾何魔法師　　【創意大師系列】繽紛馬賽克藝術家　　【創意大師系列】無敵分割快刀手　　【創意大師系列】神奇剪影裁縫師　　【圖案達人１】佈置插圖１０００種　　【圖案達人２】情境插圖１０００種

"
9789572848678,"


 由【無限可能創意】與【典匠資訊】共同策劃，全球華文世界第一本結合「設計教學」及「素材工具辭典」的專業書籍【飆影競圖】，首創的多功能專書更結合了網路購物的電子商務功能，結合學習＞索引＞下載＞使用流程，讓您找素材沒煩腦!有別於市面上的圖庫目錄書，【飆影競圖】不是一本充斥著廣告的DM，而是結合了學習與應用的素材工具辭典，邀請多位業界名師、設計職人為您實例示範素材的運用，讓您一窺大師級的設計步驟，加上【典匠資訊】所代理的digitalvision、stockbyte…等十大全球高階影像圖庫品牌專業設計圖庫資源的精準索引功能，無論是您從事設計工作或簡報時所需的素材都可輕鬆找到，隨書素材CD與線上下載點數卡更讓您馬上找圖馬上使用!!這本創新且實用的「素材工具辭典」，絕對值得您典藏！

"
9789576009518,"

吉祥圖案有?吉祥與趨吉避凶的意念與嚮往。通過寓意、象徵、誇張的手法加以形象化、圖樣化，本書內容豐富，提供給讀者作為美術設計之參考。
                    
"
9789576009525,"

傳統圖案是人們將原始思維意識通過民間藝術的表現，鮮明地反映出人們寄托於美好生活的追求與嚮往。本書內容豐富，提供讀者作為美術設計之參考。
                    
"
9789576009532,"

本書收錄之中國花邊紋飾有花卉、花鳥、陶瓷器、青銅器、漆器、玉器、織品、雕刻、建築等，提供讀者作為美術設計之參考應用。
                    
"
9789576009549,"

本書收集了中國歷代祥禽瑞獸圖案，品類齊全，各具風格，提供給讀者，作為美術設計圖案資料之參考與應用。
                    
"
9789576009556,"

中國傳統文化源遠流長、絢麗而多彩。福、祿、壽、喜吉祥文化，它賦於積極向上的義意和內涵，是中國人熱愛生活、努力創造幸福、美滿、樂觀的心理反映。
                    
"
9789572920480,"

創意手文化插圖鉅獻 POP天王名師簡仁吉親手繪製，多達近1200個插圖，全部都是全新繪製。針對市售插圖書之缺憾，特別繪製我國特有之節日插圖如端午節、中秋節、春節、元宵節、七夕、國慶…，內容包含背景底紋、花、樹、昆蟲、鳥類、魚類、動物、太陽、月亮、星辰、自然景觀、交通工具、人物（運動、行業）、1-12月、節慶、星座、飲食、蔬果、日用品、造型公佈欄等主題。隨書附贈光碟，內含將近1200個插圖之黑白JPG、彩色JPG、AI檔，誠意十足！還有詳細的光碟使用方法、影印放大流程、精美應用範例，可以列印使用、卡片製作、Word插圖、封面製作、名片設計、網頁製作…，應用空間廣泛，絕對值得珍藏。
                    
"
9789868293205,"


POP天王名師簡仁吉親手繪製，多達近1200個插圖，全部都是全新繪製。針對市售插圖書之缺憾，特別繪製我國特有之節日插圖如端午節、中秋節、春節、元宵節、七夕、國慶…，內容包含背景底紋、花、樹、昆蟲、鳥類、魚類、動物、太陽、月亮、星辰、自然景觀、交通工具、人物（運動、行業）、1-12月、節慶、星座、飲食、蔬果、日用品、造型公佈欄等主題。隨書附贈光碟，內含將近1200個插圖之黑白JPG、彩色JPG、AI檔，誠意十足！還有詳細的光碟使用方法、影印放大流程、精美應用範例，可以列印使用、卡片製作、Word插圖、封面製作、名片設計、網頁製作…，應用空間廣泛，絕對值得珍藏。

"
9789579437905,"

本書是協助您在設計時挑選理想顏色與圖案的全方位指南(內含互動示光碟) 九百五十種圖案變化每一節各有十五種精挑細選的色彩。互動式光碟可用來嘗試色彩。本手冊以和諧色與對比色概念為基礎。本書按照時尚、流行、裝飾、東方風、自然感與工業化的標題，來安排色彩與圖案的組合，進而為色彩與圖案的趨勢，締造出完整架構。每頁五種圖案範例，是由兩種以上色樣設計而來。藉由研究與嘗試這些圖案，能瞭解到兩種以上的色彩，能夠如何創造出不同效果。按照配色的組合與應用，同一組配色的含意可能迥然不同。將這些應用視為「範例集」，協助您以更迅速精準且深具創造力的方式，從事有效的色彩設計。

"
9789867291431,"

1973年出生的年輕藝術家在赴德求學之後，體內的藝術潛質得到最適切的激發，他的成績表現在大大小小的個展、聯展與各種獎項之中。藝評家陸蓉之曾在旅歐途中特地造訪藝術家在杜塞道夫的工作室，驚訝於他生活的簡樸和創作所投入的資金和心力，簡直是太強烈的落差和對比。　　「他可以與世隔絕地連續幾天僅以麵包和白開水果腹，卻對龐大作品的每一零件和組構，都力求完美……他將內心深處的夢幻場景，以苦行僧式的耐心，手工打造每一個零件的細部，最後組建成壯觀的空間裝置，將個人的信念升華為普世皆可分享的精神聖殿。」如果你已經認識他，可以經由本書窺見藝術創作背後的驚人力量，以及藝術家這些年來精彩的創作表現；如果你還不認識他，本書是最佳起點。

"
9789573056911,"

本書收集12生肖卡通造型圖案，可應用在各種卡片上、貼紙、廣告插圖等等。
                    
"
9789861271941,"


	3000多個精美造型圖庫，分類詳實，輕鬆查詢

	完整的DIY教育課程讓您快速成為美高手

	合法授與使用權，讓您自由發揮創意，應用於各種設計場合

	圖檔為300dpi全彩高解析度檔案，滿足您印刷設計的要求

"
9789572035450,"

教室和週遭的室內環境，是老師與學生，小朋友共同互動與學習的最佳環境。因此在環境的佈置與營造學系氣氛上，教室的各種美化佈置可以產生極大的功能和學習效果。藉由本書所提供的各種資料，提供你輕鬆的參考製作。
                    
"
9789572822364,0
9789572035252,0
9799578494359,0
9789579796491,0
9789579796477,"

另類生肖之雞篇
　本書內容有１５０幅雞的造型圖例，張張皆生動、有趣，黑白、彩色描圖皆有，是一本適合大、小朋友的出色繪本。

　本書特色：
　．內附光碟，著作權free
　．PC/MAC適用
　．圖庫內容
　　1-PHO-TIF
　　2-PHO-CDR
　　3-LOG-TIF
　　4-LOG-CDR  
　．每個圖檔均適用於高精密度印刷
　．限量發行，絕對物超所值
                    
"
9789579796453,0
9789579796446,0
9789579796439,0
9789579796415,0
9789579796422,0
9789576006906,0
9789577651228,0
9789576472572,0
9789576472619,0
9789578548299,0
,0
9789579045803,0
4717702097851,"


	從東、西方古今藝術品中錘煉而成的創作原則

	裝飾紋樣與印花設計領域

	必不可少的理論和實務著作

	 

	1856年於倫敦出版問世的《紋飾法則》（The Grammar of Ornament）被譽為英國美術工藝運動先鋒（Arts & Crafts Movement）鉅作。本書收錄一百幅精美的彩色圖版，旨在引領讀者深入觀摩東西方幾千年文化底蘊下最具代表性的裝飾藝術（decorative art）典範與應用方法。作者費盡苦心搜羅，橫跨廣袤土地與時間長河所梳理出的設計進程，為後世打通一條清晰的設計思路。

	 

	爾後，瓊斯終其一生耕耘裝飾藝術之研究。他於1867 年親筆將晚清因戰亂流傳至西方的中國工藝珍藏繪製成平面圖版，並以前作中著名的〈建築暨裝飾的37條造形與色彩基本原則〉逐一分析中國傳統紋飾的設計方法，集結成《中國紋飾法則》（Examples of Chinese Ornament: Selected from Objects in the South Kensington Museum and Other Collections）。書中揭示中國紋飾的元素與構圖，經由中國人獨樹一格的配色，展現優雅恬靜、具皇家風采，又或者奇特而帶有異國情調的多重面貌，重塑了當時西方對中國的既有審美觀。

	 

	本書做為裝飾藝術史不朽巨著《紋飾法則》的延續，在歷時十年後，與前作攜手交織出耐人尋味的風格脈絡。作者精闢的見解，對十九世紀下半葉工藝界，乃至於現代工業設計發展，皆有不可抹滅的重要價值。

	 

	《Pattern Design 圖解圖樣設計》為日本設計家藤田伸（Fujita Shin）多年的研究成果。作者在這本向歐文‧瓊斯、拉西涅（Auguste Racinet）、艾雪（M.C. Escher）等大家致敬的技法教學書中，歸納出17種平面對稱群組的國際共通標記（包括平移、鏡射、旋轉、分割的變化式）。透過重複和拼合手法拆解圖樣規律，引發讀者一步步嘗試的樂趣、進而重組出極具現代感的迷人作品。

	 

	此一主題珍稀的套書之中，單本有其無與倫比的個性、交互對照又相得益彰。在如今人人都能取得生產工具且科技日新月異的趨勢下，如能融會貫通書中提及的創作概念與具體方法，設計者更能奠定自身在市場中不斷推陳出新、屹立不搖的根本之道。

	 

	**單書介紹 **

	 

英國美術工藝運動 先鋒鉅作

《紋飾法則：奠定當代設計思維的37條造型與色彩基本原則》

	 

	150 年經典重現——重洗時代美學、震撼設計名家觀念

	19 種世界紋飾風格——橫亙東西方歷史長河的文物大觀

	100 幀彩色圖版——透視令人嘆為觀止的精湛細節

	 

	【專業推薦】

	國立成功大學建築系 吳光庭教授

	國立台灣工藝研究發展中心主任 許耿修

	 

	【專文導讀】

	國立台灣大學藝術史研究所 施靜菲教授

	英國紋飾研究學者 查捷克（Iain Zaczek）

	 

	1856年於倫敦初版的《紋飾法則》是史上第一本蒐羅東西方不同地域、不同時代各民族設計方法的紋飾集成。英國美術工藝運動（Arts & Crafts Movement）先鋒、水晶宮設計總監歐文瓊斯為了端正當代設計中脈絡紊亂的浮濫抄襲風氣，於本書開宗明義提出建築暨裝飾藝術的37條造形與色彩基本原則，分別探討造形元素的協調、構圖和適當比例，以及如何從色彩的平衡和對比中找出強化造形的用色方法，倡導從過往作品中研擬恰當的創作之道——開創了現代設計和色彩理論之先河，影響遍及十九世紀以降的設計名家如工藝運動領袖莫里斯（William Morris）、建築師萊特（Frank Lloyd Wright）、蘇利文（Louis Sullivan）、柯比意（Le Corbusier）等人，立論一百五十年至今屹立不搖。

	 

	書中大量圖文來自瓊斯的異國踏查及其對大量古籍專著的爬梳，他從包羅萬象的歷史文物中粹選出經典之作，編撰成19篇風格獨特的世界紋飾介紹，不僅詳述其整體特色和演繹手法，亦歸納箇中法則並給予優劣評價，藉由100幀匠心獨具的彩色圖版，串起一段清晰具體的裝飾設計史，使讀者更宛如踏上全世界文化遺產的深度之旅。

	 

世界裝飾經典《紋飾法則》不可或缺的精彩續作

《中國紋飾法則：從西方當代造形與色彩基本原則，解析中國經典裝飾工藝的設計方法》

	 

	百幅彩色圖版──取材南肯辛頓博物館、放山居珍貴收藏

	文字註解說明──涵蓋工匠技法與樣式布局的客觀評比

	基本構圖系統 ── 從造形與配色中拆解風格的規律與奇想

	東西交融跡證── 細數羅馬、伊斯蘭、印度與波斯圖像特徵

	 

	【專業推薦】

	國立台灣大學戲劇學系專任教授 王怡美

	印花樂美感生活股份有限公司創意總監 沈奕妤

	 

	歐文瓊斯，維多利亞時代最具影響力的英國建築師、設計理論家；為了尋找更具有代表性的當代建築風格，以及端正建築設計的浮濫抄襲問題，啟程考察古典文明所在地，進行廣泛且細膩的裝飾研究，備受西方設計名家如莫里斯、德雷瑟、柯比意、萊特等人所推崇。1867年，他親筆將晚清因戰亂流傳至西方的中國工藝珍藏繪製成平面圖版，再以其著名的〈建築暨裝飾的37條造形與色彩基本原則〉逐一審視。書中揭示中國紋飾的元素與構圖，經由中國人獨樹一格的配色，展現優雅恬靜、具皇家風采，又或者奇特而帶有異國情調的多重面貌，重塑了當時西方對中國的既有審美觀。

	 

	本書做為裝飾藝術史不朽巨著《紋飾法則》的延續，在歷時十年後，與前作兩相對照，鋪陳出耐人尋味的風格脈絡。而瓊斯精闢獨到的設計見解，對十九世紀下半葉英國美術工藝運動，乃至於現代工業設計，更有著不可抹滅的地位與價值。

	 

迷戀古今壁畫、織品、鋪磚中的裝飾圖樣

解開版畫藝術家艾雪、數學家潘洛斯的「重複性」技法

《Pattern Design圖解圖樣設計》

	 

	【專文導讀】

	PanSci泛科學專欄作者、數學藝術創作者   Shark Lin

	 

	【專業推薦】

	印花樂藝術工作室設計總監　沈奕妤

	deLightful time美好‧時光品牌總監　陳德禧

	實踐大學服裝設計學系副教授　黃莉婷

	ㄇㄞˋ點子靈感創意誌編輯群　顏伯文等

	 

	「最初只是簡單的圖案，透過重複，完成後竟是如此瑰麗絢爛，讓人無法別開視線。」

	 

	打開世界藝術史，裝飾圖樣必然是人類文明史上的璀璨篇章。無需華麗的構成要件，單純的圖案即能有秩序地重複成美麗的裝飾圖樣，有如精密宇宙，深深吸引藝術家與科學家的投入，最為人稱道的便是艾雪（M.C. Escher）和潘洛斯（Roger Penrose），留下許多豐富珍貴的作品。本書作者長期研究、創作、教學裝飾圖樣，以簡單的幾何學知識為線索，拆解重複性圖樣成形的軌跡，如何造型、鑲嵌、平鋪成面，一步步引領讀者發現裝飾圖樣的秩序與萬千變化。

	 

	打開本書，你將學會【圖樣創作的三大法則】

	 

	移動規則與重複手法

	艾雪鋪磚法的拼合規則

	潘洛斯鋪磚法的魅力世界

"
4717702906306,"

皮革工藝×紋飾×圖樣實做技法×藝術法則皮革工藝領域變化無窮，透過手作，無論是縫製或剪裁，飽含了溫潤心意及獨一無二的創作力。一雙高級手工訂製鞋，其精緻與講究，說是邁入藝術領域也不為過。對於皮革用料的精選、鞋頭蓋上的裝飾雕孔的別出心裁等每一道環節的極致追求，除了一刀一線長年的經驗累積與精進，更需要美感創作力不斷的深化刺激。透過三澤則行《高級手工訂製紳士鞋》，能一窺製鞋專家暨藝術家針對製鞋七大步驟的每一道工序爐火純青的實做手法，及品味其追求極致藝術的美感展現。針對裝飾性圖樣的形式與表達，無論是被世人譽為英國美術工藝運動時期的先鋒鉅作《紋飾法則》，或是做為一本向歐文‧瓊斯、拉西涅（Auguste Racinet）、艾雪（M.C. Escher）等名家致敬的技法教學書《Pattern Design 圖解圖樣設計》，都是藝術創作者不可錯過的經典好書。前者引領讀者深入觀摩東、西方幾千年文化脈絡底下最具代表性的紋樣範例和裝飾應用方法，並循著本書作者、19 世紀美學理論先鋒歐文‧瓊斯（Owen Jones）梳理的設計原則，打通一條清晰的設計思路；後者為日本設計家藤田伸多年研究成果，採用 17 種平面對稱群組的國際共通標記（包括平移、鏡射、旋轉、分割的變化式），透過重複和拼合手法拆解圖樣規律，引發讀者一步步嘗試的樂趣、進而重組出極具現代感的迷人作品。三本著作內涵豐富，各自擁有無與倫比的獨特魅力。透過應用藝術之間規律與變奏之間交互激盪，產出難以言喻相乘效果，造就獨特風格。在如今生產工具不斷升級的趨勢下，掌握一套歷經千錘百鍊的設計方法，是設計在市場中能不斷推陳出新、屹立不搖的根本之道。書籍特色1.《高級手工訂製紳士鞋：世界第一流製鞋專家技術×藝術實做示範》★2010年德國國際製鞋師大賽金牌及榮譽獎雙料獲獎★2014年東京銀座個展★2015年日本皮革工藝展日本文部科學大臣獎★2017年紐約「FOGUE SPACE CHELSEA」畫廊個展、法國坎城電影節展示會★2018年東京、北海道個展；榮獲日本皇室宮內廳肯定，締結商業契約日本東京手工鞋工坊 MISAWA & WORKSHOP 經營者三澤則行，同時以手工製鞋家、藝術家及講師等多重身分活躍國際舞台。師事製鞋界大師磨練手藝，憑藉製鞋天分及藝術品味，讓他在德國國際製鞋師大賽金牌及榮譽獎雙料獲獎，更是以製鞋類榮獲日本皮革工藝展文部科學大臣獎的第一人。奧地利維也納的學藝經驗，讓他全方位獨立製鞋的技術更加扎實。後將製鞋工藝融入藝術美學，並鑽研皮革工藝，擴增創作底蘊，讓作品不僅是深具機能性的工藝品，更因發揮材料表現力，融入日本美學的造型風格，成為獨特的藝術品。於紐約開個展，受各方矚目，並在法國坎城電影節舉辦展示會，將手工製鞋引領至前人未到的藝術領域。他的手工訂製鞋即使一雙要價30萬日圓，客戶仍是絡繹不絕。奧斯卡史上最年輕的影帝安德林‧布洛迪、美國導演史派克‧李等多位國際知名演員、導演，都是他的忠實客戶。因其在專業上的成就，目前也在新加坡名門設計學校「TaF.tc」擔任特別講師。2018年更是榮獲日本皇室宮內廳肯定，締結商業契約。愈是頂級手工訂製鞋，工序愈精緻講究。本書由製鞋專家兼藝術家三澤則行實做示範牛津鞋及德比鞋製程，用2200幀全彩照片詳實記錄製鞋七大步驟的每一道工序，從鞋楦的專屬量製、不同部位皮革用料的精心挑選、拉幫力道的線條弧度、縫線捻合粗細和上脂度等，彰顯每一處小細節都不妥協的講究和堅持。完成品鞋身的線條美感、底邊的流線度，更可體現藝術家的卓越手藝及品味。本書可謂濃縮了三澤則行手工製鞋20年純熟技術和藝術精華。本書特色★第一本手縫沿條製鞋法實做書★建構手工製鞋完整專業知識：從打版製作、製作鞋面、拉幫、沿條縫合、貼合大底、裝上鞋根、修整完成共七大步驟，徹底分析手工製鞋所有工序和要點。★呈現世界第一流專家的技術和美學：全彩印刷，用2200幀照片捕捉每一道細節、手藝和品味。★工欲善其事必先利其器：收錄七大製程中畫線、裁切、敲打拉扯、黏著縫製、削整、固定、修整共69種輔助工具及其功能說明。★隨書附贈實做所用25cm鞋型紙板2.《紋飾法則：奠定當代設計思維的37條造型與色彩基本原則》150 年經典重現——重洗時代美學、震撼設計名家觀念19 種世界紋飾風格——橫亙東西方歷史長河的文物大觀100 幀彩色圖版——透視令人嘆為觀止的精湛細節1856 年於倫敦初版的《紋飾法則》是史上第一本蒐羅東西方不同地域、不同時代各民族設計方法的紋飾集成。英國美術工藝運動（Arts & Crafts Movement）先鋒、水晶宮設計總監歐文瓊斯為了端正當代設計中脈絡紊亂的浮濫抄襲風氣，於本書開宗明義提出建築暨裝飾藝術的37條造形與色彩基本原則，分別探討造形元素的協調、構圖和適當比例，以及如何從色彩的平衡和對比中找出強化造形的用色方法，倡導從過往作品中研擬恰當的創作之道——開創了現代設計和色彩理論之先河，影響遍及十九世紀以降的設計名家如工藝運動領袖莫里斯（William Morris）、建築師萊特（Frank Lloyd Wright）、蘇利文（Louis Sullivan）、柯比意（Le Corbusier）等人，立論一百五十年至今屹立不搖。書中大量圖文來自瓊斯的異國踏查及其對大量古籍專著的爬梳，他從包羅萬象的歷史文物中粹選出經典之作，編撰成19篇風格獨特的世界紋飾介紹，不僅詳述其整體特色和演繹手法，亦歸納箇中法則並給予優劣評價，藉由100幀匠心獨具的彩色圖版，串起一段清晰具體的裝飾設計史，使讀者更宛如踏上全世界文化遺產的深度之旅。【裝幀說明】霧面書衣圖片為V&A Museum 授權之莫里斯經典石榴壁紙硬殼方背精裝封面使用咖啡色布紋紙英文書名採高質感造型打凹內頁以雪銅紙印刷，完美呈現高解析精美復刻彩圖——值得細細品味、永恆典藏3.《Pattern Design圖解圖樣設計》：迷戀古今壁畫、織品、鋪磚中的裝飾圖樣，解開版畫藝術家艾雪、數學家潘洛斯的「重複性」技法「最初只是簡單的圖案，透過重複，完成後竟是如此瑰麗絢爛，讓人無法別開視線。」打開世界藝術史，裝飾圖樣必然是人類文明史上的璀璨篇章。無需華麗的構成要件，單純的圖案即能有秩序地重複成美麗的裝飾圖樣，有如精密宇宙，深深吸引藝術家與科學家的投入，最具代表性的便是艾雪（M.C. Escher）和潘洛斯（Roger Penrose），留下許多豐富珍貴的作品。本書作者長期研究、創作、教學裝飾圖樣，以簡單的幾何學知識為線索，拆解重複性圖樣成形的軌跡，如何造型、鑲嵌、平鋪成面，一步步引領讀者發現裝飾圖樣的秩序與萬千變化。【圖樣創作的三大法則】1. 移動規則與重複手法平移、鏡射、旋轉、位移鏡射4種基本移動鋪磚對稱群組的國際共通標記「重複」的2種基本方式2. 艾雪鋪磚法的拼合規則紙+剪刀練習7種變形移動入門線條類型與箭頭記號等面鋪磚的5種主要拼合法 3. 潘洛斯鋪磚法的魅力世界從五角形到特定多角形組成非週期性圖樣有著黃金比例的「潘洛斯鋪磚法①」科學家熱愛的「潘洛斯鋪磚法②」
                    
"
9789863479062,"

附DVD一片日本知名出版社MdN暢銷授權中文版 由頂尖團隊打造，極具蒐藏與實用價值的女性風格素材&設計型錄Girl's Design Idea Book. 想展現設計感，現在就可以隨意搭配組合！ 擁有超豐富的素材量，素材總數高達4400個，涵蓋JPEG檔、PNG檔與局部EPS格式檔。 網羅甜美優雅、浪漫華麗、時尚流行、清新自然…等眾多風格，包括執行平面設計或網站設計時， 非常實用的物件、裝飾框、線條，以及圖樣等。 「總是覺得自己的作品不夠可愛、甜美、浪漫、優雅、華麗、時尚、流行、清新或自然……」， 其實，你想找的素材就在這裡！一本提供了各式各樣設計型錄與裝飾物件的素材集，為尋找各式女性風格素材者，或是空有素材卻不能徹底發揮在設計上，又或是無法按照期望完成作品的設計者所打造。書中搭配商業設計實例型錄，可輕鬆瞭解素材呈現的樣貌！ ‧花朵、蕾絲、裝飾框、寶石、緞帶、心型……，展現女性風格的素材全蒐錄。 ‧想展現優雅感？還是營造奢華氛圍？該走流行休閒路線？或不做作的自然派？這本書已完整分類。 ‧不知如何下手？不知完成作品會不會和想的不一樣，那就欣賞設計案例，教你如何搭配好素材。 ‧設計範例型錄廣泛涵蓋雜誌風、海報、網站、POP與卡片等商業設計作品，還有趣味的拼貼相簿、喜帖……
                    
"
9789863317210,"


	以京都為中心活躍的畫家創作的京友禪素材集

	「友禪」是指在和服上染色的技術或是其製品的通稱，京都的京友禪就是相當具代表性的一種。和風設計代表的京友禪具豐富的色彩，及添加取材自大自然的紋樣。從簡單的花樣到花卉圖案、物品圖案、風景圖案及其他各式圖案及花邊，滿載各種主題的手繪京友禪，魅力滿點。

	CD-ROM則是提供以Adobe Illustrator EPS檔及PNG檔儲存，共949幅超精美素材。收錄大量可利用在需要和風素材的設計上，能自由組合、分解的友禪花樣。

	本書收錄的京友禪作品相當實用，是在色彩、樣式、題材等等方面都具有高完成度的素材。

本書特色

	以手繪的京友禪圖案為基礎的素材集。

"
9789865712976,"


 訊息設計是感性和理性的結合，即用藝術的手法來表現理性的思維，有別於一般圖形設計的特徵之一。本書以訊息設計為主題，內容涉及訊息、文化、思維、符號、設計語言等，有系統地介紹訊息設計的發展脈絡、表現形式及分類，用豐富的案例為讀者展示一條完整的線索：人不光是在現實中生存，還在意識中「生存」，不光用感官觀察，也用思維、經驗獲得訊息。設計不光是設計的設計，還是生活的設計、文化的設計。

"
9789865783211,"


重現維多利亞王朝時期的古典英倫風裝飾圖樣！


	維多利亞王朝歷時悠久，古典的裝飾花紋經歷不斷的變化，並隨著殖民地政策和商業貿易繁盛，演變成融合多國文化、風格華麗多變的裝飾花紋。本書從維多利 亞風格最古老的典型「古風(archaic)花紋」到之後的多場藝術改革、以及再度興起的歌德風格皆有收錄。利用花草和曲線組合而成的各種花樣，適合用來 設計宮廷風的作品，優雅又華麗的花色以及水晶吊燈和布簾等物品在畫面上呈現出的懷古氛圍，令人感覺彷彿置身於18世紀的英國宮殿之中。

本書特色

	＊花紋圖案檔案數量龐大，變化豐富
	想設計皇室貴族般的高級花樣，卻苦無靈感嗎？有了本書，再也不用擔心思慮枯竭，只要打開DVD就是一套裝飾花色目錄。或許有人覺得古典花紋了無新意， 怎麼畫都是一些很像的圖案，那更要看看本書！作者利用留白、鏤空、線條粗細變化、直線、曲線、圓點的排列組合，融合大量花草圖案，創造出700種以上的花 紋，維多利亞風格圖樣的豐富度絕對超乎每個人的想像，再也不必擔心花色重複無變化。此外，作者對於維多利亞王朝的裝飾風格考察詳細，從最古老的典型古風花 紋到近代新藝術風格皆有參考，本書收錄的花紋不只是復古單調的圖騰，也有經歷藝術改革運動之後變得活潑鮮艷的花草圖樣，另外作者也參考了英國極富盛名的百 年老牌Liberty Fabric印花布，設計整面的碎花圖案，可用於製作包裝紙或壁紙等大面積的花色。

＊花紋種類豐富多變
	維多利亞風格花紋最經典的就是各種邊框的裝飾！不管是方形框、圓形框、還是四個角落點綴的花色，皆可在本書中找到！當然除了邊框，還有常被用來裝飾牆 面的長條花紋以及做壁紙或椅墊圖案的整面碎花花紋。書中另有維多利亞時期使用了大量裝飾元素的華麗英文字型，設計古典英倫風格的作品時，再加上這些優雅的 文字，讓畫面更加華美，自然呈現18世紀英國貴族的氛圍。此外本書還收錄了布簾、雕像、水晶吊燈、居家座椅、燭台、十字架…等等宮殿內的擺設，配合本書的 各種美麗花紋，為皇室般高雅的畫面更添一分風味。

"
9789865712594,"


 在中國傳統文化的藝術寶庫中，人們創造了絢麗豐富、璀璨奪目的傳統圖案紋樣，這筆巨大的財富是歷史的積澱，也是時代的進步。青銅器、陶瓷、玉器、傳統繡品、傳統年畫等工藝品，裝飾著變幻無窮、淳樸繽紛的圖案紋樣，具有很高的美學價值，許多圖案堪稱經典絕倫，至今仍深受人們喜愛。

"
9789865712600,"


 日本傳統圖案極具裝飾特色，其紋樣精美別致、色調淡雅柔和，在藝術設計領域獲得廣泛的應用，例如和服設計、工藝品設計、書籍裝幀設計、廣告設計、包裝設計等，其柔和細膩、與眾不同的畫面效果，深受人們的喜愛，具有很高的藝術價值與實用價值，並有效地傳播了日本的傳統文化。

"
9789865712617,"


 韓國現代圖案設計具有很強的潮流裝飾特色，紋樣簡約、風格時尚、造型精緻、個性張揚，在藝術設計領域被廣泛地應用，例如海報設計、廣告設計、賀卡設計、牆繪設計、網頁設計等，以絢麗斑斕、與眾不同的畫面效果，深受人們的喜愛。

"
9789865783143,"


哪一本植物素材集可以如此奇異又如此美麗？

 本素材集有別於市面上許多的花朵素材集，作者用心地收集了世界各地稀有罕見的植物，書中鮮嫩嬌艷的常見花朵變成了配角，最搶眼的主角則是在亞洲很難看到身影的異國植物，以及最近逐漸引起大眾注意的多肉植物。熱帶地區的氣候環境變化多端，每個地區的植物為了適應氣候，也各自演化出千奇百怪的外觀，所以本書植物造型的豐富度絕對超乎想像！本書的植物素材洋溢著熱帶國家的野性，花朵素材也個個外型豪放、色彩艷麗，當你第一眼看到他們時，或許會認為這些植物的視覺印象太過強烈，不過嘗試搭配之後會發現，其實搭配哪一種風格的設計都意外地適合唷。在完成了設計作品之後，只要利用本書的植物做些點綴或陪襯，整體畫面一定會更活潑，更能展現出個人的風格！

本書特色

 ＊網羅世界各地稀奇的熱帶植物與肥美可愛的多肉植物

 本書作者十分用心，收集了非常多我們日常生活中鮮少看過的異國熱帶植物，書內的植物將會顛覆你對於植物的既有印象，因為氣候特殊，每株花草都演化出了自己的特色，花朵再也不是粉紅色的五片花瓣，葉子也不再長得薄薄一片橢圓。第一章前半部份收錄了各種多肉植物，肥厚圓潤的葉片配上泛著光澤的鮮綠色，看著就有療癒人心的作用，在設計好的作品角落放上一兩株多肉植物，能夠營造出詳和的氛圍。而後半部收錄的是熱帶地區色彩繽紛的花朵以及外觀非常獨特的植物，例如來自南非的「風輪花」，有著茂密的細長花瓣，看起來就像無數根針插在針插上；還有原產於德國的「星之球」，許多小花組成一顆宛如繡球花的圓球，每一朵小花就像一顆星星，因為是透著粉紅的淡黃色，不論搭配色彩明亮或色調柔和的設計都能夠融入整體。除此之外還有枝葉都極度細長，整株植物看起來像蜘蛛腳的「Seastar」、葉片厚實，綠中透紅的「海神花葉」、巨大艷麗的南非國花「帝王花」、花朵看起來彷彿一顆球藻的「Pocoloco」、葉脈四周自然形成棕色斑紋的「尖蕊秋海棠」、以及果實小巧茂密，常被使用於裝飾花束的「Brunia」和「Berzelia」，獨一無二的造型既能襯托畫面的重點，也能抓住觀看者的目光，這本滿溢著異國情調的素材集絕對會讓人感到驚豔無比、耳目一新！

＊素材圖片下方附有該植物的資料

 每一種植物下方都有簡短的簡介，說明該植物的科名、分布地區、名稱由來、以及特色等等。讓使用者可以更加了解這些異國植物的資料，有需要時也能夠向其他人說明植物的背景，更加深本書素材帶給人的親切感，使用素材同時還能增長知識喔！

＊不知道怎麼搭配沒關係，本書幫你解決！

 書中第二章是利用第一章的植物和第三章的雜貨做出各式各樣不同的組合，讓使用者不必花時間思考如何選擇和排列圖案，第二章的素材組合層次感豐富且色彩調和，放在任何設計作品都不會顯得太突兀，有括弧和圓形的編排可當作邊框使用，也有在木製方形邊框或銅製圓盤上排列組合花朵及葉子的素材，利用藤蔓、葉片和繩子組合而成的線條素材可以當作分隔線或邊緣裝飾，使用古董風木板搭配艷麗熱帶植物的圖片素材更是用途廣泛，可做成告示牌或網站的按鈕等等。當然，使用者也可以參考書中的配置，自己設計獨家的植物裝飾！

＊古董風味的老舊木材和金屬工具

 最後一章收錄了許多古風老舊雜貨，樸素的色調和斑駁的質感搭配美麗鮮豔的植物更能互相映襯出彼此的特色。收錄內容有木框、金屬字母、繩子、鐵鍊、錐子、木箱、木椅、C形夾具、銅製窗框、樹枝等等。

＊精細的圖片去背工夫

 全部的圖片皆完美去背。不論是細如絲線的藤蔓、仙人掌刺、鳳梨葉、還是各種複雜的鋸齒狀葉片或帶有小刺的葉子，全部都細心地沿著邊緣去背，完全沒有傷到圖中任何一條細線，讓素材圖片保持高級的質感，使用者製作出來的設計作品精緻度更佳。

"
9789863121619,"

Retro & Chic ~ 歡迎來到復古時尚的典雅世界！本書滿載令平面設計師、手作迷愛不釋手的圖樣，簡單搭配一番，就能完成別緻的設計。書中的素材可以延伸設計為各式各樣的產品，您可以將圖樣列印出來，貼於筆記本或信封上，讓隨身物品充滿個人風格；也可做成獨創的印章或紙膠帶、瓶瓶罐罐上的標籤…等。若將標籤或插畫素材圖列印出來，依形狀剪下，就可以做成卡片或貼紙...馬上動手，讓您的手帳、瓶瓶罐罐、隨身小物變身為復古時尚風吧！ 本書特色＊ 本書 DVD 滿載 830 張精美 EPS/PNG 圖檔◎ Theme - 主題風素材：文具、旅行、動物…等經典主題圖樣◎ Illustration - 插畫風素材：精選適用於各種主題的典雅插畫風圖樣◎ Label & Card - 標籤與卡片：各式精美的標籤與卡片圖樣◎ Parts - 設計元素：方便搭配的多種線條與圖示，為設計畫龍點睛◎ Typography - 文字素材：復古時尚設計不可或缺的經典英文字母圖樣◎ Pattern – 圖樣素材：精美的復古時尚插畫風底圖
                    
"
9789862578742,"

‧多樣化圖檔，超值又經典內容包含版型、背景、邊框、風景、樹木、兒童、時尚女性、潮流男性、品牌、城市、節慶、汽車、鞋子與字母等紋飾向量圖庫，方便運用平面設計、廣告設計，以及各類網路設計中。‧多媒材素材，創意十足顛覆以往圖案設計概念，15種時尚、唯美的紋式圖庫，方便你依照需要自由選擇。‧隨書光碟  超值不加價收錄書中最完整的潮流設計圖檔，包含AI原始圖檔與TIF圖檔，讓你可直接修改並應用。本書特色多樣化圖檔，超值又經典多媒材素材，創意十足隨書光碟  超值不加價
                    
"
9789862578384,"

超值DVD 萬中選一的精采圖片，近千張中國傳統紋飾圖庫，讓你一書在手，應用無窮！本書特點‧多樣化圖檔，超值又經典 　 本書精心收錄了近千張中國風花紋圖片，包括版型、邊框、吊牌、女性、吉祥動物、古典邊紋、古典花紋、剪紙花紋、墨跡、中國風底紋等紋飾圖庫，全方位為您展示了中國傳統風格的花紋素材，方便您運用於平面設計、廣告設計，以及各類網路設計中。‧多媒體素材，傳統風格花紋運用 　適合設計師的您、設計愛好者的您、以及各大專院校的學生們，指導您運用中國風的平面設計素材和紋飾，激發您的創意和靈感。 ‧隨書光碟 超值不加價 　收錄書中最完整的中國風花紋圖檔，包含AI原始圖檔與TIF圖檔，讓您可直接修改並應用於自己的設計當中。本書附光碟書中圖片AI原始檔案，以及TIF格式檔案
                    
"
9789865908836,"

全書涵蓋230種中國傳統圖案，450套風格各異的配色實例，按幾何圖案、植物圖案、動物圖案和吉祥圖案等分類，圖案典型精美，配色方案專業豐富，全面激發設計靈感。實例表現形式包括單獨紋樣、適合紋樣、連續紋樣等樣式，圖形元素美觀實用、配色設計典雅精巧。本書特色書附光碟完整收錄書中圖檔和配色實例，讀者可自由組合、搭配，既是平面設計、裝飾設計、工藝美術設計者的參考書，也是必備的工具書。
                    
"
9789865908874,"

全書涵蓋170種現代創意圖案，500套風格各異的圖案配色實例，按幾何圖案、植物圖案篇、動物圖案、人物圖案和綜合圖案等分類，圖案典型精美，配色方案專業豐富，全面激發設計靈感。實例表現形式包括單獨紋樣、適合紋樣、連續紋樣等樣式，圖形元素美觀實用、配色設計典雅精巧。本書特色書附光碟完整收錄書中圖檔和配色實例，讀者可自由組合、搭配，既是平面設計、裝飾設計、工藝美術設計者的參考書，也是必備的工具書。
                    
"
9789866360909,"

「浪漫的花草植物、蕾絲和寶石邊框，還有愛麗絲、白雪公主、青蛙王子等童話主題圖案!」這是讓所有設計人都為之驚豔的超級夢幻質感素材集 ~ 『日本知名設計師Sachi精心設計的奇幻古典王國！』【童話主題的特色素材】愛麗絲、伯爵兔與紅心皇后；穿靴子的貓、獨角獸、小精靈，如同翻開童話繪本一般，所有故事裡的人物角色都活靈活現地，以不可思議的輪廓線條表達出古典氛圍。僅僅用單色的向量圖形就能表達出如此具有美感又細膩的花紋，每一個素材都似乎訴說著自己的童話故事，只要輕鬆運用這些特色圖案，就能做出最獨具風格的設計！【浪漫氣息的花草、蝴蝶、蕾絲與唯美邊框】具有層次色調的玫瑰花、葉片、藤蔓；百合花、鏤空華麗的蝴蝶、公主風蕾絲，再加上多款唯美的邊框與線條設計，細心地製作出引人注目的奇幻造型素材。隨意地組合這些令人目不暇己的物件，輕巧地創作出心目中的夢幻世界吧！【寶石、項鍊、城堡與古典小物】稀有的寶石設計，多款不同面向的切割，搭上一串串珠寶項鍊，營造出華麗的質感；城堡與矮灌木、加上古英文書、懷錶、鳥籠等古典小物，充滿特色風格的圖案設計，讓畫面更豐富而充滿了張力，只要運用這些特別的小物件，就能設計出獨一無二的作品！【經典底紋】菱形格紋、水玉圓點、華麗裝飾等等數款經典彩色底紋，搭配其他童話主題的向量圖案設計，這些都能讓設計作品更加分！隨書附上DVD-ROM，Win & Mac都可使用（EPS/PNG/PSD檔）本書特色＊共收錄1200個以上童話風古典風格素材，從邊框、蕾絲、花草圖案到童話主題，全都可以合法應用 (詳細授權範圍請見書籍內頁)。＊本書提供了素材應用的實際範例，筆記本、信封信紙、標籤貼紙、餅乾包裝等等，讓你從中汲取靈感，做出最棒的設計！＊收錄童話風主題的古典素材，有寶石、公主、獨角獸等特色圖案，也有可搭配的花草圖案、邊框、蕾絲，讓你結合應用，設計出充滿特色的作品！＊本書提供詳細的使用方法，從Adobe Illustrator到Photoshop，清楚介紹修改素材與使用筆刷特效的設定，一種素材可以變化出更多樣的效果。
                    
"
9789865893057,"

印度傳統手繪藝術Henna，與現代Bady Art的跨世紀對話，獨特手技的東方視覺美感，為了美麗與祝福存在的各式圖騰。本書從基本步驟開始，結合詳細圖片教學，以基礎的點線面為起點，帶讀者體驗Henna手繪的異國風情。印度Henna藝術流傳至今，除了是一項古老的習俗，也變成一種崇尚自然的人體彩繪藝術，經典圖騰搭配各種創新圖案，提供手繪師自由揮灑的創作空間。本書帶大家認識印度文化的傳統藝術──Henna，以教授畫法為主，介紹其藝術內涵為輔，美麗線條的背後，包括如此多的風情與祝福，希望讀者增進新知之餘，也能欣賞Henna藝術的美麗獨特。中英文對照，隨書附贈DVD
                    
"
9789571050454,"

第一本！東洋史上傳統裝飾＆實用紋樣全解析★從紋樣的賞析切入，認識令人讚嘆的東洋文化★經典傳統花紋設計，盈滿人類古老智慧和才能！★嚴選240種以上經典紋樣，最豐富的素材資料庫！◎分門別類、圖文並茂，帶領讀者輕鬆掌握紋樣意義幾何、器物、植物/動物/生物、季節、自然、宗教……嚴選超過240種以上經典傳統紋樣，精闢解析紋樣的意義和源流，是研究東方文化歷史不可或缺的素材資料集！◎好有趣！「紋樣的基礎知識」&「歷史/時代源流」專欄江戶時代的流行色……竟然是「老鼠色」？蒐羅重要的紋樣小知識，解析符號演變之歷史背景，輕鬆有趣的提問＆解說，讓歷史文物躍然於扉頁之間！本書給這樣的你∕妳◆對於日本或中國歷史文化有興趣者◆藝術文化史的自學與學術研究者◆喜愛傳統古文物美學之品味者
                    
"
9789866360855,"

「兔子先生、綁緞帶的刺蝟和神奇蘑菇？！還有許多唯美的植物和可愛動物們呢！」這是圍繞著森林為主題、充滿著故事性與獨特造型的手感風森林素材集『Classical & Incredible ~ 森林裡的花草和動物素材大集合！』【手繪質感的特色素材】蝴蝶、花朵、日月星辰，開啟了魔法般的唯美視野；小鹿、松鼠、貓頭鷹，貌似活生生地躍然於紙上。這些不可思議的美麗插畫─充滿古典氣息的星座宮、色鉛筆細膩質感的畫眉鳥、水彩暈染的療癒系幸運草、馬戲團氛圍的動物鋼筆素描，每一個素材都令人著實感到驚奇，強烈的特色線條與色彩，妝點出森林的神秘芬芳，只要輕鬆運用這些花草和動物的「手繪插圖」，就能做出最獨具風格的設計！【手工藝的主題創作】用針線和布料，或是羊毛氈、刺繡等手工藝質感的表現，細心製作出吸引目光的造型素材。立體的圍巾熊、端著咖啡杯的兔子、蕾絲風格的狐狸和花朵，如同掉進愛麗絲的夢境一樣，一個個令人目不暇己的特色創作，將森林裡的花草動物們表現得唯妙唯肖，運用這些充滿了靈活的生命力與精緻手藝質感的素材，就能如願設計出心中的夢幻逸品。【唯美又古典的實用邊框&標籤素材】具有特色風格的邊框設計—淡雅水彩的花草圈、晶瑩剔透的串珠項鍊圈、鋼筆素描的古典邊框、郵票標籤和棉麻小布片，再搭上色彩柔和的圖紋紙張，不但實用度高，佐以森林主題的素材來用，會發現每一款設計品都充滿令人驚豔的魅力。【增加設計效果的英文字體設計】有蕾絲效果的英文字，也有彩色編織風格的字母和數字，或是像用鋼筆手寫在紙上暈染開的隨興風格字體，以及常用的裝飾用英語&法語—Bonjour！Welcome！MERDI！這些都能讓設計作品更加分！隨書附上DVD-ROM，Win & Mac都可使用（JPEG/PNG檔，部分EPS檔合計收錄1272件）本書特色＊共收錄1272種，花草和動物的手感素材，全都可以合法應用 (詳細授權範圍請見書籍內頁)。＊本書提供了素材應用的實際範例，信紙、Blog版型、包裝等，讓你從中汲取靈感，做出最棒的設計！＊收錄的主題是森林的花草和動物，有手繪圖案也有手藝質感的素材，另外也有可搭配的紙張和常用標籤＆郵票，實用度和造型都滿分！＊集合8位日本插畫設計師的美麗作品，收錄多種風格的高質感素材，讓你的設計作品更獨樹一格。
                    
"
9789866360824,"

「甜蜜、可愛、幸福。」讓生活多采多姿，造型餅乾、杯子蛋糕、馬卡龍、可愛餐具、文字餅乾、雜貨模型etc…成熟的可愛風，花與果子的寫真素材集！『Sweet！Cute！Happiness！甜蜜花朵&果子的素材大集合 ~ 』【可愛的果子主題】有沒有如此令人心醉的、心神嚮往的美感，每一個素材都充滿了幸福的味道。佈滿糖霜的可愛造型餅乾、莓果口味的義式甜派、用水鑽般的細糖點綴的馬芬蛋糕，這些獨特的果子素材，不僅僅是一般的甜點，而是女孩們最愛的造型設計。搭配木茶匙、小標籤、可愛餐盤，ABC餅乾文字，就能創造出各種多變化的素材組合！【絢麗的花朵主題】就像進入秘密花園一樣，色彩繽紛的花圈，玫瑰、桔梗、菊、蘭、繡球花等各種美麗的花朵，讓人目不暇己。貼上用花朵照片製作的郵票，向量繪圖的花朵裝飾邊條、邊框，再用花朵設計的文字，就像製作自己的秘密日記本一般，美麗的心情都隨著這些素材綻放。搭配絢麗的花布紋、精美的花朵攝影照片、甜點素材，就能設計出具有獨特質感的Sweet風格畫面！【其他可搭配的素材】色彩怡人的紙張、蕾絲花邊、拍立得相片框、標籤Tag、小布片製作的Button、紙膠帶、印章Stamp、郵票圖框等等，這些細碎的小設計，都是不可或缺的實用素材，與果子、花朵搭配運用，就能營造出視覺的設計重點。隨書附上DVD-ROM，Win & Mac都可使用（JEPG/PNG檔，部分EPS檔合計收錄1108件）本書特色＊共收錄1108種，可愛果子和花朵的手感素材，全都可以合法應用 (詳細授權範圍請見書籍內頁)。＊本書提供了素材應用的實際範例，信紙、Blog版型、書頁等，讓你從中汲取靈感，做出最棒的設計！＊收錄的主題以花朵和果子為主，有照片、向量繪圖，另外也有可搭配的布料、紙張，實用度十足！
                    
"
9789573270652,"

傳統與前衛交鋒，花布盛世，驚豔重現！台灣花布，就像來自世界八方的外來混生種在台灣落地生根，像野花一樣到處生長綻放，五花十色都難以形容它們的美麗與善變。本書解構每塊台灣傳統花布的紋樣元素與色彩，又重組它們的排列與構圖，希望藉此尋回屬於台灣在地生活的文化基因與美學設計基礎，讓台灣接下來的文創設計可以不斷的重新出發……●最豐富完整台灣花布圖庫：史上最多台灣傳統花布708款式一次呈現●最有系統之文化美學分類：循文化、歷史、美學的脈絡，首次大規模對708款花布的花樣進行分門別類。●最具文創發展價值之色彩與紋樣分析：首次以現代設計者的眼光，系統性解讀台灣花布的紋樣元素與主要色譜。◎附贈花叢小鹿創意書盒：傳統花樣前衛拼貼，花樣時代新思維
                    
"
9789868761032,"

繪製台灣重要節慶圖案…包含10大中國節日、人物節日、原住民客家宗教慶典、全台灣省北中南地理文化風情、婚喪喜慶…等全部手繪線圖。全台獨一無二中英文節慶圖案書清楚圖說---十大中國節日、人物節日！清楚圖說---原住民、客家、閩南宗教慶典！清楚圖說---全台灣省北中南地理文化風情！清楚圖說---中國人最神聖的婚、喪、喜、慶！文化式的圖案，精緻細膩的手繪稿，適合欣賞與收藏！最最最精彩…提供全書全圖庫光碟…方便電腦文書製作放大、縮小、列印，讓您用的方便、開心、滿意！ 

"
9789862574089,"

．多樣化圖檔，超值又經典內容包含版型、背景、邊框、風景、樹木、兒童、時尚女性、潮流男性、品牌、城市、節慶、汽車、鞋子與字母等紋飾向量圖庫，方便運用平面設計、廣告設計，以及各類網路設計中。．多媒材素材，創意十足顛覆以往圖案設計概念，15種時尚、唯美的紋式圖庫，方便你依照需要自由選擇。

"
9789862574096,"

．多樣化圖檔，超值又經典　本書精心收錄了近千張中國風花紋圖片，包括版型、邊框、吊牌、女性、吉祥動物、古典邊紋、古典花紋、剪紙花紋、墨跡、中國風底紋等紋飾圖庫，全方位為您展示了中國傳統風格的花紋素材，方便您運用於平面設計、廣告設計，以及各類網路設計中。．多媒體素材，傳統風格花紋運用　適合設計師的您、設計愛好者的您、以及各大專院校的學生們，指導您運用中國風的平面設計素材和紋飾，激發您的創意和靈感。

"
9789862574102,"

◆多樣化圖檔，超值又經典內容包含版型、背景、邊框、風景、樹木、兒童、時尚女性、潮流男性、品牌等紋飾向量圖庫，方便運用平面設計、廣告設計，以及各類網路設計中。◆多媒材素材，創意十足顛覆以往圖案設計概念，15種時尚、唯美的紋式圖庫，方便你依照需要自由選擇。◆隨書光碟，超值不加價收錄書中最完整的潮流設計圖檔，包含AI原始圖檔與TIF圖檔，讓你可直接修改並應用。
                    
"
9789866007767,"

本書精選了大量經典的中國傳統圖案，並為讀者詳細說明傳統圖案的精髓。同時針對每一種基礎圖案，提供了一些各具特色的配色方案。書中的圖案應用部分詳細講解圖案在各類設計作品中的應用，並分析創意思路與設計要素。為了方便讀者使用，書附光碟中含有書中的圖案素材檔案，同時還提供多種配色方案，以便讀者對照分析，並幫助設計師在工作中開拓思路、激發靈感。書內共分為兩大單元，即基礎圖案和圖案應用基礎圖案部分主要學習中國傳統的圖案知識，內容包括植物、動物、人物、傳統文字、幾何紋樣，共5個類別。每一個類別均精選大量精美圖案紋樣，並提供各具特色的配色方案，以便讀者靈活應用。在圖案應用部分詳細講解中國經典圖案在彩陶、青銅、傳統繡品、建築裝飾、傳統年畫等方面的應用，並從設計的角度，講解設計作品的創作理念和設計要素，讓讀者在進一步掌握圖案設計的同時，能提高設計水準，並為藝術創作提供參考。本書既可作為平面設計、裝飾設計、工藝美術設計從業者必備的圖案設計與配色參考書，也可作為各大專院校相關科系學生的圖形設計工具書。 

"
9789866007750,"

日本傳統圖案具有平實、淡雅、纖細、優美等特點，這些圖極具裝飾特色，紋樣精美別致、色調淡雅柔和，在藝術設計領域獲得廣泛的應用，例如和服設計、工藝品設計、書籍裝幀設計、廣告設計、包裝設計等，具有很高的藝術價值與實用價值，既反映了日本民族的精神，有效地傳播了日本的傳統文化，同時也是藝術的吸收與再現。全書共分為兩大單元，即基礎圖案和圖案應用。基礎圖案部分主要介紹日本傳統圖案知識，內容包括花卉、瓜果、傳統紋理、動物、自然元素、網底，共7個類別。每一個類別均精選大量精美圖案紋樣，並提供各種具有特色的配色方案，以便讀者靈活應用。圖案應用部分詳細講解日本傳統圖案元素在和服設計、工藝品設計、書籍裝幀設計、海報設計、食品包裝設計等方面的應用，並從設計的角度，講解商業作品的創作理念和設計要素，以幫助讀者在進一步掌握圖案設計的同時，能提高設計水準，並為藝術創作提供參考。本書既可作為平面設計、裝飾設計、工藝美術設計從業者必備的圖案設計與配色參考書，也可作為各大專院校相關科系學生的圖形設計工具書。 

"
9789866007743,"

在商業設計中，圖形是設計的關鍵元素，直接影響著作品整體的視覺效果和內在張力，並影響著資訊的有效傳達。在忙碌的現代社會中，人們對設計的視覺效果要求提高，重視透過圖形化的符號語言來傳遞資訊和情感，所以在週遭經常可以看到極富創意又趣味十足的圖案紋樣，它們都凝聚了設計師們的思想，不但愉悅了人們，也豐富了圖案藝術文化。韓國現代圖案設計具有很強的潮流裝飾特色，紋樣簡約、風格時尚、造型精緻、個性張揚，在藝術設計領域被廣泛地應用於海報設計、廣告設計、賀卡設計、牆繪設計、網頁設計等，展現絢麗斑斕、與眾不同的畫面效果。本書精選大量極具美感又充滿個性的韓國花紋，同時針對每一種基礎圖案，提供各具特色的配色方案，書中的圖案應用部分詳細講解圖案在各類商業設計中的應用，並分析創意思路與設計元素。為了方便讀者使用，書附光碟中含有書中的圖案素材檔案，同時還提供多種配色方案，以便讀者對照分析，並幫助設計師在工作中開拓思路、激發靈感。全書共分為兩大單元，即基礎圖案和圖案應用。基礎圖案部分主要介紹韓國現代基礎圖案知識，內容包括浪漫花卉、潮流心形、繽紛人物、聖誕設計、幾何邊框花紋、絢麗動感元素和精美底紋，共7個類別。每一個類別均精選大量精美圖案紋樣，並提供各具特色的配色方案，以便讀者靈活應用。圖案應用部分詳細講解韓國現代圖案元素在海報、廣告、賀卡、牆繪、網頁設計等方面的應用，並從設計的角度，講解設計作品的創作理念和設計要素，讓讀者在進一步掌握圖案設計的同時，能提高設計水準，並為藝術創作提供參考。本書既可作為平面設計、裝飾設計、工藝美術設計從業者必備的圖案設計與配色參考書，也可作為各大專院校相關科系學生的圖形設計工具書。 

"
9789867139610,"

手作人不可錯過，雜貨迷一眼愛上，設計人桌邊必備的古典風格素材集優雅登台！從工坊的百寶箱裡出現了許多可愛的素材！鈕釦、剪刀、飾品、蕾絲、緞帶、刺繡、線材、仿古織物等……令人愛不釋手的古典西洋風格滿載！可廣泛應用於手作小物、文書簡報，或商業設計等，是愛手作的你＆專業設計不可少的必備工具！隨書附錄DVD-ROM for Win & Mac收錄Word也能使用的PNG格式848款商業設計使用的Illustrator EPS格式191款實用又豐富的1039款素材，讓你的創意更多彩！※PNG是無失真壓縮的點陣圖格式，在圖像邊緣的線條和品質都比JPG更好，不但可運用於Microsoft Office系列軟體、卡片製作軟體，與影像軟體來開啟使用。而且圖檔留白部分皆處理為可透明化。無論是製作簡報、部落格還是手作雜貨，都更美觀喔！
                    
"
9789867139627,"

文具迷不可錯過，手作人一眼愛上，設計人桌邊必備的古典風格素材集優雅登台！從古老的抽屜裡出現了許多可愛的素材！古老的信紙、壓花、郵票、印章、鋼筆、文具、小瓶子、復古鑰匙等……令人愛不釋手的古典西洋風格滿載！可廣泛應用於手作小物、文書簡報，或商業設計等，是愛手作的你＆專業設計不可少的必備工具！隨書附錄DVD-ROM for Win & Mac收錄Word也能使用的PNG格式667款商業設計使用的Illustrator EPS格式175款實用又豐富的842款素材，讓你的創意更多彩！※PNG是無失真壓縮的點陣圖格式，在圖像邊緣的線條和品質都比JPG更好，不但可運用於Microsoft Office系列軟體、卡片製作軟體，與影像軟體來開啟使用。而且圖檔留白部分皆處理為可透明化。無論是製作簡報、部落格還是手作雜貨，都更美觀喔！
                    
"
9789868601376,"

創意手文化插圖鉅獻★POP天王名師簡仁吉 老師精心繪製可愛、趣味、精緻、時尚、歐風…等各種風格人物，並搭配植物、交通工具、建築與情境圖案，多達1000個插圖，個個精彩好用。另外，作者簡仁吉老師為了讓讀者可以靈活運用書內插圖，更特別歸納整理出實用的插圖應用技巧解析，並且收錄趣味塗鴉及創意剪貼作品範例，絕對是您生活美工的好幫手。★本書附贈光碟，內含插圖的黑白、彩色JPG檔及ＡＩ檔，無論是剪貼、上色、列印、網頁應用、文件插圖都非常簡單便利方便。(光碟特別收錄:精美桌布、桌曆、趣味遊戲、版面底圖…等)
                    
"
9789571045160,"

日本服飾評論家．市田ひろみ將世界各地蒐羅的貴重民族服飾──各種紡織圖樣、刺繡、貼花等令人眼花繚亂、嘆為觀止的絕美的花紋於本書一一呈現！　　★民族衣裳中的傳統花紋包含著滿滿的人類智慧與才能！　　★華麗、奢靡、莊嚴、可愛、幽默…世界民族服飾所呈現的花紋令人美不勝收！　　★本書收錄高達400種橫跨世界東西方５大區域的各國經典花紋！　　★嚴選地區與國家　　●歐洲：匈牙利∕克羅埃西亞∕羅馬尼亞∕保加利亞∕捷克斯拉夫∕瑞典∕法國∕葡萄牙　　●中南美洲：墨西哥∕瓜地馬拉∕巴拿馬∕玻利維亞　　●阿拉伯半島：敘利亞∕約旦∕葉門∕巴勒斯坦　　●非洲：摩洛哥∕突尼西亞∕奈及利亞∕肯亞　　●亞洲：中國∕臺灣∕泰國∕印度∕巴基斯坦∕印尼∕烏茲別克∕庫爾塔∕土庫曼∕土耳其

"
9789861992730,"

* 12類兼具時尚、唯美的紋樣及具民族風格的精彩紋樣集錦。* 附贈2,000個原始圖層範本檔，可直接修改應用在任何地方。* DVD全程同步示範案例製作過程。　　伴隨著設計行業競爭的激烈和企業自身快速發展的需要，與企業有關的設計已成為傳遞產品資訊和企業宣傳自己的一種重要手段。　　本書根據多位設計師的實戰經驗編寫而成，包含散點紋樣、塊狀紋樣、線條紋樣、墨染紋樣、歐式華麗紋樣、心型紋樣、飄帶花結紋樣、標題邊框紋樣、人物形體紋樣、建築紋樣、風景紋樣、音樂娛樂紋樣等10多種紋樣效果的設計與製作內容。　　不僅詳細介紹運用Photoshop和Illustrator親手製作紋樣效果的方法和技巧，更有眾多有益於設計的各類行業知識。另外還加贈370多個經典紋樣範本和800多個擴充範本，供設計人員隨調隨用。　　無論你是平面設計師、企劃工作人員、網頁設計師、廣告設計師、多媒體設計人員，本書為你設計必備的案頭書。
                    
"
9789578003910,"

　　六大篇章包含龍鳳篇、紋樣篇、圖繪篇、花草篇、祥獸篇、框飾篇等數仟精選圖案，一次收錄完整呈現，此書之付梓，對於實際從事設計工作族群，將有一定之幫助裨益。　　本書之圖案也不限版權，歡迎廣為運用，為設計人必備之金典工具叢書。本書特色　　本書匯集數位美編設計高手，費時一年，蒐羅古今東方藝術、傳統民俗演繹之精華圖案，去蕪存菁、分門別類，嘔心瀝血始完成此一經典之作。(16K．附贈光碟)彩色圖片，精采絕倫。
                    
"
9789866348792,"

花葉頌歌纖細柔和的蕨草紋路，色塊構築的秋楓落葉，就以豐富的花草果實圖案來變化出四季風情吧！純淨北歐充滿趣味感的點、線、色塊，輕鬆就能打造出北歐冷冽優雅的質感。和風簡約典雅簡約的圖樣，是最能展現極具個人風格的現代感設計。本書特色找不到靈感？就用各式風格的素材集來一舉提升設計力吧！完整收錄1000款以上來自日本的原創圖樣！包含了季節感的花卉、時尚的北歐風格、和風的簡約與美麗，所有素材檔都能自由拆解、重組、變形、換色，延伸而成專屬獨創的圖案，並應用於網頁、印刷品及布作。隨書並附贈手作紙型及製作步驟，可將圖樣轉印於T恤、馬克杯、布包等，提升手作創意。附件說明1000+款日本原創素材檔，均含印刷用PDF x JPEG檔，適用於Mac & Windows作業環境。同場加映！手作雜貨紙型×素材延伸範例
                    
"
9789866381959,"

全書涵蓋230種中國傳統圖案，450套風格各異的配色實例，按幾何圖案、植物圖案、動物圖案和吉祥圖案等分類，圖案典型精美，配色方案專業豐富，全面激發設計靈感。實例表現形式包括單獨紋樣、適合紋樣、連續紋樣等樣式，圖形元素美觀實用、配色設計典雅精巧。書附光碟完整收錄書中圖檔和配色實例，讀者可自由組合、搭配，既是平面設計、裝飾設計、工藝美術設計者的參考書，也是大專相關科系必備的工具書。
                    
"
9789866381973,"

全書涵蓋170種現代創意圖案，500套風格各異的圖案配色實例，按幾何圖案、植物圖案、動物圖案、人物圖案、綜合圖案等分類，圖案典型精美，配色方案專業豐富，全面激發設計靈感。實例表現形式包括單獨紋樣、適合紋樣、連續紋樣等樣式，圖形元素美觀實用、配色設計典雅精巧。書附光碟完整收錄書中圖檔和配色實例，讀者可自由組合、搭配，既是平面設計、裝飾設計、工藝美術設計者的參考書，也是大專相關科系必備的工具書。
                    
"
9789866381966,"

全書涵蓋250種西方經典圖案，510套風格各異的圖案配色實例，按幾何圖案、植物圖案、動物圖案和吉祥圖案等分類，圖案典型精美，配色方案專業豐富，全面激發設計靈感。實例表現形式包括單獨紋樣、適合紋樣、連續紋樣等樣式，圖形元素美觀實用、配色設計典雅精巧。書附光碟完整收錄書中圖檔和配色實例，讀者可自由組合、搭配，既是平面設計、裝飾設計、工藝美術設計者的參考書，也是大專相關科系必備的工具書。
                    
"
9789862013816,"

各式各樣的圖案素材普遍運用於設計的場合，其實只要加入一點巧思，靈活運用，也可為生活增添許多創意與色彩。素材不再僅是設計的工具，也是妝點生活的好夥伴！和風典雅素材庫收錄了395種以花草、植物、動物、自然為主的圖案紋樣，容易搭配於不同的創意設計需求，展現獨有的典雅風格。生活設計超活用紋樣素材除了平面設計之用外，還可實際運用於日常生活中 ─購物時的托特包、居家穿著的T恤、辦公桌上的馬克杯、隨身攜帶的記事本…等。
                    
"
9789862293454,"

展現東方美學的軟實力，最精緻華麗的中國風紋樣作者對於多年收集的中華紋樣有了新的體認，了解了只有在傳統文化中尋根，從古老的文明中發掘新的東西，將中華文化的元素融入設計之中，才能發展出自我獨特的風格。本書包含神話動物、動物、植物、吉祥寓意、自然、文字、幾何、單圖八大主題。書中均詳細解說紋樣的由來及提供黑白及二種彩色配色，提供使用者更方便運用於各項設計之中，並將象徵及用途介紹給讀者了解。隨書附贈的DVD，包含AI、JPG、PNG三種檔案格式，讓你在設計、簡報、網頁、產品開發上得心應手。本書特色特色1：收錄最TOP的經典主題紋樣特色2：獨家創新的圖案設計特色3：詳細解說紋樣的由來（一書2用）特色4：經典1000圖，紋樣數位化（隨意放大縮小） 特色5：DVD收錄全書圖檔(AI、JPG、PNG)，設計 / 提案 / 簡報 / 材質 / 網頁 / 商品開發均可使用
                    
"
9789866381911,"

全書收錄200多個最時尚的設計元素圖例，讀者可自由組合、搭配，提供對平面設計、陳列設計、工藝設計等有興趣者參考，也是美術創作者必備的工具書。
                    
"
9789861819747,"

用典雅的日式傳統花紋設計出目前最受歡迎的和風時尚創作！這是一本連日本設計師都覺得特別的素材紋樣書！什麼樣的設計是日式？和風？傳統和新潮如何並存？應該是很多設計師都覺得困擾的問題。想以「日式」為設計主題的時候，其設計裡不可欠缺的「花紋」，不但種類繁多，而且很難自行設計。這本「日本傳統花紋數位素材集」。除了收錄具代表性的日本傳統花紋之後，同時也收錄了各種花紋不同的配色版本。>> 和風素材庫包含花鳥、魚類、動物、植物、自然、器物、松竹梅…等圖樣，有傳統的懷舊也有現代的華麗，不論是DM、海報、信紙、器皿…的設計，只要搭配上適合的花紋底圖，立刻就能呈現出濃濃的和風味。>> 豐富多元的圖樣收錄約1050種日本傳統花紋。每一種花紋各有4種配色範本。主要是從花紋範本以及「雛型」的角度放大觀察圓形之中的花紋以及花紋的特徵。>> 廣泛應用Illustrator 的EPS檔案格式以及JPEG檔案格式，任誰都可以方便地使用書裡的素材。
                    
"
9789861819730,"

可愛x溫馨x幸福x實用這是一本讓人看了不自覺嘴角上揚，一定要收藏的幸福手繪素材集！不同於一般市面上常見的向量、影像素材，本書收錄了以蠟筆或粉彩筆繪圖的素材，以自然、可愛的手繪筆觸畫出充滿童趣的圖像！你可以輕鬆愉快地使用書中的插圖、手繪文字、分割線、箭頭、背景花紋。最適合用於製作DM、海報、信紙、賀卡！>> 可愛手繪素材庫包含人物、動物、符號、點心、線條、背景、雜貨…等最實用素材，全部皆為粉彩蠟筆手繪風圖樣，讓你做出與眾不同的設計。>> 豐富多元的圖樣本書收錄多達1385個圖檔，依章節分類整理，可輕鬆快速找到你所需要之圖樣。>> 廣泛應用解析度達350 dpi的圖檔可讓你自由運用於製作型錄、海報、信紙、賀卡。

"
9789862292426,"

最生動活潑的動物人物都在這裡！應有盡有的動物人物集這本裡一定有你要找的還是遍尋不著你想要的人物嗎？始終找不到可愛的動物圖樣嗎？厭倦市面上那些千篇一律的動物造型了嗎？本書內容豐富，為讀者細心設想，不管各種動作、職業、表情、年齡的人物，或是各式造型、種類的動物，本書全部完整收錄，為你量身打造。隨書附贈容量超高的DVD-ROM，價格絕對優惠、內容超級實在。本書系已經獲得讀者廣大迴響，品質保證，最平實的價格、最實在的內容！本書特色1- 圖檔收錄齊全全書圖檔高達600個，每張圖皆收錄高檔、低檔，甚至連去背的PNG檔案都為您準備好，使用上絕對方便又順手！2- 獨創不凡風格有別於市面上的圖庫設計工具書，我們給你的是獨創的設計圖樣，讓你愛不釋手。3- 內容豐富精采為了方便讀者們使用，我們不只給你各式各樣的底紋樣式，也給你單點的圖、超實用的邊框，超豐富的內容絕對不容錯過。4- 用途廣不受限本書單圖和邊框的部份還特別收錄去背圖檔，讓您方便在簡報、文字檔裡做置入圖檔時自由運用；另外，每張圖都有收錄高檔圖，讓設計人可以自由變化成自己喜愛的圖像，提供您創新的靈感。5- 超值經濟優惠隨書附贈容量超高的DVD-ROM，價格絕對優惠、內容超級實在。本書系已經獲得讀者廣大迴響，品質保證，最平實的價格、最實在的內容！
                    
"
9789866590375,"

本書的最大優點就是培養讀者的造型能力。本書中沒有介紹關於造型的理論，而是盡量讓讀者體驗更多的造型經驗。跟數學或物理不同，造型學的重點不在於掌握多前衛的造型，而是培養熟練地控制形態和顏色的技能，因此造型學不能侷限於理論的學習，必須和實踐連結起來。為了能順利地掌握造型學，必須適度地使用以理論為中心的設計方法和以實踐為中心的歸納方法，因此在本書中，先適當地介紹相關的理論知識，然後搭配大量相應的照片和作品。透過本書，就能理解關於造型的理論內容，而透過照片或作品則能自然地培養出造型感和表達能力。 

"
9789866590313,"

詳細介紹出生於20世紀，並設計21世紀的十位時裝+建築+產業設計大師！形態的魔術師─盧吉‧柯拉尼充滿魅力的跨領域設計大師─菲立普‧史塔克設計出21世紀風格的設計師─可可‧香奈兒藝術性設計師─喬治‧亞曼尼義大利設計界的名醫─索特薩斯永遠保持童心的設計師─亞力山卓‧麥迪尼設計界的華特迪士尼─麥可‧葛瑞夫斯20世紀建築的修道士─勒‧柯比意空風格建築師─安藤忠雄用皺褶控制世界的設計師─三宅一生本書中詳細地介紹鮮為人知的世界級設計師的人生故事，以及他們的設計作品價值。如果枯燥地介紹某位設計師的出生日期，所做的工作或者設計作品，讀者會覺得很乏味，因此像跟著導遊環遊世界一樣，聽著設計師的解說，自然地理解他們的人生和作品中隱藏的價值，就能提高欣賞作品的自我素質。

"
9789862131718,"

提起阿嬤的「紅花仔布」，總會讓許多人想起，小時候，家裡的床單、被套或是媽媽背著弟弟妹妹的花布上頭，一朵朵色彩鮮明豔麗的大紅花。　　「紅花仔布」就像春天的花蕊，曾綻放美麗的光芒，深植於台灣人心中，蘊藏在人們底層的記憶裡，伴隨著當年許多台灣人度過長夜寒冬，還有那個年代濃濃韻味的文化印記和美麗回憶。　　這個五、六十年來和台灣人共同生活在一起的花布，就是台灣的在地文化，就是台灣的精神，是台灣人共同擁有的美麗情感與記憶，所以我們將這些阿嬤ㄟ花布稱為「台灣花布」。　　「拍攝這些花布的過程，每一塊花布都經過我的手燙熨過，留著我的情感和痕跡。」自從吳清桂和台灣花布邂逅，迸出這段彩豔花布的情緣，就此和它結了不解之緣。　　幾年來，吳清桂陸續在全台各地蒐集台灣花布，將這些僅存的花布圖案整理、分門別類，甚至著書成冊。同時也進行著花布的田野調查，拜訪老布莊、批發商、花板彩繪師甚至印染廠。幾乎全台跑透透之後，在欣賞美麗的花布之餘，也真切感受到這些伴隨所有台灣人成長的花布，在大家心中蘊涵的特殊情感。　　從第一本書開始，吳清桂就夢想著，有一天能把這些花布故事呈現給台灣人，這不但是一個歷史文化的記載和資料的保存，而是每個台灣人曾經編織過的美夢再現。　　這一次，吳清桂蒐集更多的台灣花布圖案，不僅是她自己的收藏，還有其他花布愛好者和廠商提供的許多已經不在市場上流通的典藏花布，甚為珍貴。而為了延續花布的生命，不只要讓設計者運用，還要推廣到眾人的日常生活。　　隨書附贈圖樣應用光碟與印有美麗花樣的紙張與花布，讓每個人手中都有一塊花布把玩，繼續編織那美麗的花布夢！本書特色　　1. 實地採訪、介紹台灣花布的歷史淵源與印染程序，以及台灣花布蛻變成文創與時尚元素的歷程。　　2. 全書收錄200餘款台灣花布圖樣，包含多款市面少見的典藏品與絕版品，珍貴保存台灣花布圖樣資料。　　3. 隨書附贈精選花布圖樣光碟，高解析JPG格式，適用於多數電腦與應用程式。　　4. 隨書印贈花樣紙張與花布，讓花布素材隨手可得，自己動手做，親自體驗台灣花布的迷人之處！

"
9789861991993,"

設計除了追尋技術及美感的精進外，最重要的本質還是要能夠符合消費者的需求、貼近人心、感動大眾。剪影設計，就是把複雜的物體，簡化成只保留單色形狀或線條的簡單設計，猶如人的影子一般。它的應用範圍很廣，留心一下四周都可以看到剪影設計的驚喜，不管是要呈現簡單、還是複雜的設計，透過剪影來呈現，往往可以創造不可思議的風格特色！本書的設計，分成兩大部分，第一部讓讀者了解剪影設計的製作方式與應用層面；第二部份則是本書的重點：1000個依照10種不同的類別，精心設計的剪影圖庫內容，而且！這些都是免費授權使用的素材！本書剪影素材類別如下：．各式人物類別．花草氣候類別．家具器材類別．音樂用品類別．動物昆蟲類別．城市建築類別．交通工具類別．餐飲食物類別．辦公文具類別．電腦３Ｃ類別本書的圖庫內容以高品質的EPS檔為主。同時，也為了讓一般讀者也可以應用到本書的圖檔內容，所以也提供了JPG、PNG檔。

"
9789577104755,"

本書收錄傳統及具代表性之彩色吉祥圖案近600幅，每個圖案均有典故、由來?等詳細解說。不僅能認識中國吉祥圖案之美，更能深切體會其中含意的奧妙。原精裝版定價1450，「典藏平裝版」歡喜價550元！　　中國人從小在日常生活裡，不管是節慶、衣物、用品、建築、雕刻、擺飾?等，都常常會接觸到「吉祥圖案」，它融合在我們的生活中，並已成為一門藝術。例如：「連年有餘」就有象徵性之圖案代表，「連」 即以「蓮花」來表示，「餘」 即以「魚」來代表。　　類似之吉祥寓意圖案，不勝枚舉，並隨時代潮流轉變，相容在現今藝術及生活層面上，但很少人會去探究其由來及其中的含意。　　因此，本社特地編集此書，精選425條吉祥成語，近 600幅吉祥圖案，並詳細解說其由來、圖案結構及含意，使大家能進一步了解這些只存在於中國社會中，非常獨特且具巧思的吉祥圖案。　　在製作過程中，本社委託「天津楊柳青畫社」繪製圖案、撰寫解說，歷經數次討論、篩選，經過年餘編輯，終於擬定大致內容，在此要感謝「天津楊柳青畫社」的大力協助。　　本書並不包含歷來所有之吉祥圖案，只精選其中較具代表性之圖案。在目次、章節編排上也幾經考量，最後決定以吉祥成語首字之筆劃順序編排，在卷末並附畫材索引以利讀者應用、查閱。　　另外，一般坊間有關 吉祥圖案之書籍皆以黑白印刷，為讓讀者能欣賞到傳統中國色彩搭配之美，特以彩色精印，呈現原圖之真實色彩，期盼使整本書能更加賞心悅目。　　最後，由於本書自出版以來，甚受大眾及專業設計人士肯定與喜愛，因此決定推出此「典藏平裝版」，特別調降價格以饗讀者，因定價不同為方便讀者區別，決定把封面原書名「中國吉祥圖案百科」改為「中國吉祥圖案」，敬請察諒。
                    
"
9789862292129,"

令人忍不住想要擁有的幸福雜貨兼具美感與實用的手繪小物充滿生活裡的大大幸福！　　1-內容超豐富　　不同於市面上相關的紋樣書籍，為了方便讀者們使用，我們不只給你各式各樣的底紋樣式，也給你單點的圖、超實用的邊框，超豐富的內容絕對不容錯過。　　2-用途不受限　　本書單圖和邊框的部份還特別收錄去背圖檔，讓您方便在簡報、文字檔裡做置入圖檔時自由運用；另外，每張圖都有收錄高檔圖，讓設計人可以自由變化成自己喜愛的圖像，提供您創新的靈感。　　3-超值優惠價　　隨書附贈容量超高的DVD-ROM，價格絕對優惠、內容超級實在。本書系已經獲得讀者廣大迴響，品質保證，最平實的價格、最實在的內容！本書特色　　1- 圖檔收錄齊全　　全書圖檔高達500個，每張圖皆收錄高檔、低檔，甚至連去背的PNG檔案都為您準備好，使用上絕對方便又順手，這些圖不怕不會用，就怕你不用！　　2- 可愛又實用的圖樣　　本書收錄的圖檔當中，有各種俏皮女孩、日式雜貨、流行衣飾、天然花草……等手繪雜貨風格的圖樣。　　3- 創新風格　　「手繪雜貨風」這種風格近來蔚為流行，只有輕柔又可愛的雜貨風格才能符合廣大讀者的需求，因此我們除了參考日式雜貨的風格之外，也請創意達人量身打造、創造新的風格圖樣。

"
9789861991894,"

設計除了追尋技術及美感的精進外，最重要的本質還是要能夠符合消費者的需求、貼近人心、感動大眾。LOGO圖案的設計，是一種使用簡單的設計技巧，卻蘊含豐沛意義的的內容設計，不管是從世界各國的國旗設計、公司的商標圖案、各類軟體的桌面圖案、生活用品小標籤等，LOGO Design都以一種簡單極簡的方式，訴諸了設計的本質。本書針對生活常見的應用，列舉了七大分類，原創設計了500個精美優質的LOGO素材供讀者免費使用。除了提供快捷便利的圖庫需求外，我們在書中也提供了LOGO Design的入門教學，還有各位讀者取得這些LOGO素材後，又將可以應用在那分面的設計上。七大類別如下：．辦公應用類．網路應用類．自然花草氣候類．3C應用娛樂類．抽象圖案設計類．交通運輸類．餐飲服務類本書的圖庫內容以高品質的EPS檔為主。同時，也為了讓一般讀者也可以應用到本書的圖檔內容，所以也提供了JPG、PNG檔。
                    
"
9789862291719,"

華麗而繁複的歐洲經典藝術　　新現代巴洛克風格－－　　用浮誇富麗的裝飾藝術，打造中世紀的夢幻殿堂1-內容超豐富　　不同於市面上相關的紋樣書籍，為了方便讀者們使用，我們不只給你各式各樣的底紋樣式，也給你單點的圖、超實用的邊框，超豐富的內容絕對不容錯過。2- 用途不受限　　本書單圖和邊框的部份還特別收錄去背圖檔，讓您方便在簡報、文字檔裡做置入圖檔時自由運用；另外，每張圖都有收錄高檔圖，讓設計人可以自由變化成自己喜愛的圖像，提供您創新的靈感。3- 超值優惠價　　隨書附贈容量超高的DVD-ROM，價格絕對優惠、內容超級實在。本書系已經獲得讀者廣大迴響，品質保證，最平實的價格、最實在的內容！本書特色1- 圖檔收錄齊全　　全書圖檔高達500個，每張圖皆收錄高檔、低檔，甚至連去背的PNG檔案都為您準備好，使用上絕對方便又順手，這些圖不怕不會用，就怕你不用！2- 多元化的巴洛克風格　　本書擷取巴洛克風格當中的華麗繁複，提供各種巴洛克古典人物、精緻甜點、雕花家飾、雕像建築等多樣化內容，以及創意達人精心改良的巴洛克風格紋樣，在舊風格裡創造復古新浪潮。3- 舊風格新創意　　在歐洲盛行一時、風格獨樹一幟的巴洛克風，是影響藝術史的重要時期風格。本書針對當時富麗堂皇的風格，特別請了創意達人加以轉化成現代人也能接受的新現代巴洛克風，期能提供讀者最實用的完美圖庫。

"
9789862291726,"

用圖案製造美好的浪漫法蘭生活在家遇見花都巴黎打造專屬於你的法式情懷1-內容超豐富網羅各種具有法國風情的圖像，不管是抽象的表達法式情懷，還是具體的表現出法國人的生活百態。這些創意人的新意，創造出法國獨有的浪漫風情，或時尚、或鄉村、或熱情，這就是法國之所以迷人之處。2-用途不受限本書每個圖檔皆提供二到三種格式，單圖和邊框的部份還特本書每個圖檔皆提供二到三種格式，單圖和邊框的部份還特別收錄去背圖檔，讓您方便在簡報、文字檔裡做置入圖檔時自由運用；另外，每張圖都有收錄高檔圖，讓設計人可以自由變化成自己喜愛的圖像，提供您創新的靈感。3- 超值優惠價隨書附贈容量超高的DVD-ROM，價格絕對優惠、內容超級實在。本書系已經獲得讀者廣大迴響，品質保證，最平實的價格、最實在的內容！本書特色：1- 體驗法式情懷本書除了一些法國道地物品，如法國麵包、馬卡龍，或是風情萬種的法國女人、法國童話等，帶你在圖案中體驗法國，享受法國人的浪漫。2- 圖檔收錄齊全全書圖檔高達500個，每張圖皆收錄高檔、低檔，甚至連去背的PNG檔案都為您準備好，使用上絕對方便又順手，這些圖不怕不會用，就怕你不用！3- 創造歐式風格在台灣，你也可以有如法國般的享受生活，只要你擁有這本，親身打造屬於你的法國浪漫吧！
                    
"
9789862291412,"

此生一定要收藏的設計參考書！極具日本傳統工藝之美設計人必備的風格紋樣1-內容超豐富各種中國風圖像藝術的精華，融合創意達人的新意，創造出新中國的圖像，其中包含：傳統人物：藝妓、武士道、忍者、市井小民……花草植物：唐草、菊、梅、櫻、牡丹、松……動物瑞獸：龜、鴛鴦、千鳥、尾長鳥……天象山水：青海波、雲、流水、太陽、波濤……器物紋樣：日本刀、劍道、鳥居、車、扇、笠……2- 用途不受限本書每個圖檔皆提供二到三種格式，單圖和邊框的部份還特別收錄去背圖檔，讓您方便在簡報、文字檔裡做置入圖檔時自由運用；另外，每張圖都有收錄高檔圖，讓設計人可以自由變化成自己喜愛的圖像，提供您創新的靈感。3- 超值優惠價隨書附贈容量超高的DVD-ROM，價格絕對優惠、內容超級實在。本書系已經獲得讀者廣大迴響，品質保證，最平實的價格、最實在的內容！【本書特色】1- 傳統之美、創意之新本書特別針對日本傳統飾紋加以創新變化，呈現出能夠被當代所廣泛應用在生活當中的圖庫書籍，讓讀者在使用時除了能夠感受到新意之外，同時也能探索日本傳統精緻文化的美學之道。2- 圖檔齊全、超值優惠全書圖檔高達500個，每張圖皆收錄高檔、低檔，甚至連去背的PNG檔案都為您準備好，使用上絕對方便又順手，這些圖不怕不會用，就怕你不用！3- 美化生活、創造風格講求創新擁有自我風格的新世代，我們特別拉出傳統風格的圖像，加以變化創新，造出傳統的神韻與創新的新鮮感。
                    
"
9789862291320,"

超乎想像的非凡技藝！貫穿古今文明 提煉中華藝術【內容簡介】萃煉中國千年傳統美學成就之菁華1-內容超豐富各種中國風圖像藝術的精華，融合創意達人的新意，創造出新中國的圖像，其中包含：1-吉祥瑞獸：龍、鳳、馬、麒麟、獅、虎、蝙蝠、蝴蝶、鴛鴦、魚、鶴、燕；2-花草團紋：蘭、桂、桃、芙蓉、蓮、荷、牡丹；3-傳統器具：元寶、葫蘆、官帽、文房四寶、器皿、蒲扇、繡花鞋；4-節慶祝賀：囍、福、祿、壽……等等。2- 用途不受限本書每個圖檔皆提供二到三種格式，單圖和邊框的部份還特別收錄去背圖檔，讓您方便在簡報、文字檔裡做置入圖檔時自由運用；另外，每張圖都有收錄高檔圖，讓設計人可以自由變化成自己喜愛的圖像，提供您創新的靈感。3-超值優惠價隨書附贈容量超高的DVD-ROM，價格絕對優惠、內容超級實在。本書系已經獲得讀者廣大迴響，品質保證，最平實的價格、最實在的內容！【本書特色】1- 傳統之美、創意之新本書特別針對中國風物件加以創新變化，希望能夠汲取中國千年來的美學精華，並融合現代畫風中多變的創新技法，呈現出能夠被當代中國人所廣泛應用在生活當中的圖庫書籍，讓讀者在使用時除了能夠感受到各個繪者的新意之外，同時也能探索中國傳統的美學之道。2- 圖檔齊全、超值優惠全書圖檔高達500個，每張圖皆收錄高檔、低檔，甚至連去背的PNG檔案都為您準備好，使用上絕對方便又順手，這些圖不怕不會用，就怕你不用！3- 美化生活、創造風格講求創新擁有自我風格的新世代，我們特別拉出傳統風格的圖像，加以變化創新，從中找到新中國風格，提供給各位讀者另外一番的創新與思考，營造出傳統的神韻與創新的新鮮感。
                    
"
9789862291139,"

★回溯搖擺舊年代 再創摩登新設計★顛覆流行創意 玩弄幾何色彩1-內容超豐富自創幾何圖形、吉他、黑膠唱片、爵士鼓、唱盤、罐頭、漢堡、薯條、冰淇淋、歌舞女郎、搖滾手、小丑、馬甲、比基尼、喇叭褲… …等等普普流行藝術的代表物品，引領你重回二十世紀中葉的風格世代。2-用途不受限收錄多樣圖檔格式，可以隨你拉大、縮小，或變形！不管是文宣海報、個人網站，或是列印出來當做包裝紙、信紙都可以，收錄多種格式，變化你的流行生活，轉換你的通俗文化藝術品味。3-超值優惠價隨書附贈容量超高的DVD-ROM，價格絕對優惠、內容超級實在。本書系已經獲得讀者廣大迴響，品質有保證！【本書特色】1-圖案精美、獨家設計從《創意市集》起家的三采文化，特別請創意達人獨家設計精美圖案，別家找不到的創意圖案，不想和別人撞圖，就靠這一本為您精心設計的花草紋樣！2-圖檔齊全、超值優惠全書圖檔高達500個，每張圖皆收錄高檔、低檔，甚至連去背的PNG檔案都為您準備好，使用上絕對方便又順手，這些圖不怕不會用，就怕你不用！3-美化生活、增加知識此本特別在頁面中標示各花草品項名稱，除了圖庫基本的美化生活功能之外，還可以增加知識！一邊美化你的設計生活，一邊迅速吸收大自然的奧秘，一舉兩得的創意好幫手！
                    
"
9789862290903,"

網羅屬於四季的花草圖案　　製造陽光般溫暖的自然天地★內容超豐富　　玫瑰、向日葵、百合、水仙、大理花、牡丹、鬱金香、櫻花、蒲公英、黃金葛、萬年青、含羞草、松、杉、柏、榕樹、水果、堅果......等等創意達人量身打造，超值收錄多種花草品項、超過684個的實用圖案，讓你隨手觸摸到大地的自然變化。★用途不受限　　收錄多樣圖檔格式，可以隨你拉大、縮小，或變形！可以用在商業用途上，更可以用在你私人專屬的簡報、部落格......，就讓大自然從此進駐你的生活角落。★超值優惠價　　隨書附贈容量超高的DVD-ROM，價格依然優惠大方，內容圖案精美、格式多元，是你非買不可、絕不後悔的超值圖庫。本書特色　　將生活，進行光合作用　　徜徉於大自然交織出的美麗瞬間1-圖案精美、獨家設計　　從《創意市集》起家的三采文化，特別請創意達人獨家設計精美圖案，別家找不到的創意圖案，不想和別人撞圖，就靠這一本為您精心設計的花草紋樣！2-圖檔齊全、超值優惠　　全書圖檔高達684個，每張圖皆收錄高檔、低檔，甚至連去背的PNG檔案都為您準備好，使用上絕對方便又順手，這些圖不怕不會用，就怕你不用！3-美化生活、增加知識　　此本特別在頁面中標示各花草品項名稱，除了圖庫基本的美化生活功能之外，還可以增加知識！一邊美化你的設計生活，一邊迅速吸收大自然的奧秘，一舉兩得的創意好幫手！

"
9789862290781,"

生活品味無關創作才能只要你擁有這本－－連日本人都愛用的創意圖庫！ ★擺脫老舊 瞄準新風格 這是一本人人都能輕鬆上手的創意圖庫！DVD-ROM收錄多種特殊圖檔格式，可隨意變化圖案大小、形狀和顏色，不論是提案簡報還是個人BLOG都能創造出自我原創味。擺脫老舊無趣的套用模式，從現在開始立即打造新風格主張吧！★讓你輕鬆運用的創意點：平面設計、名片設計、網頁設計、影像合成、POP、海報DM、書籍排版、簡報、電子賀卡、DIY手作、E-Mail底紋……★內容特色?? 多樣圖檔 經典超值內容包含Cawaii角色、招財貓、甜美女孩、卡哇伊角色、愛不釋手花邊、…等多媒材的日本創意圖庫，可以靈活運用在網頁或部落格當中。?? 多媒材圖庫 原創100％ 本系列圖庫有別於市面上枯燥圖案集，由創意達人親自為你量身訂作，不但顛覆以往圖案設計觀念，還利用不同素材材料與影像處理技巧，除了手繪圖檔之外，更有獨創的多媒材影像整合，好看又方便。?? 創意生活 從現在起 你還在頭痛簡報枯燥、部落格沒風格、POP乏味嗎？生活只要一點小巧思，你也會是個「創意達人」，拿起本書，開始享受無上的創意生活吧！?? 一圖多用 發想創意內頁附加實際軟體與DIY教授，讓你體會一圖多用的實用度，看本書圖庫如何發揮到多元化設計。?? 附加光碟 輕鬆上手為了供應滿足讀者需求，特別提供超高容量的DVD-ROM，收錄最完整的潮流設計圖檔，不管你是初學者或是專業設計師，都可輕鬆從中找到想要的圖案。本書特色摘要●精采內容浮世繪、紋飾、小物雜貨、和風建築、重要慶典、蔬果餅乾人物、相撲、招財貓、甜美女孩  卡哇伊角色、愛不釋手花邊等等……創意達人量身打造，超值收錄超過700個的實用圖案，重現北歐風格的原創圖庫，讓你的設計生活更添無限趣味。●多種用途收錄多樣圖檔格式，不但可以拉大、變形，還可以自由變形，要怎樣玩都行！不論是應用在平面海報、書面Word報告、PowerPoint，或是將圖案上傳至個人BLOG，輕鬆又簡單地就能擁有獨一無二的超優質網頁！●超值優惠隨書附贈容量超高的DVD-ROM，價格依然優惠大方，內容圖案精美、格式多元，是你非買不可的超值圖庫集。
                    
"
9789862012048,"

在東南亞風格的設計作品裡，眾多的設計多取自於各民族間的傳統染布‧織物與手工藝品的設計圖紋，交錯多變的紋路之下，蘊藏著深層的傳統風情與文化色彩，讓人彷彿置身於神祕莊嚴的國度中。本書收錄220種素材，分屬東南亞印尼、泰國、寮國、越南等國的傳統染布‧織物‧工藝品的設計圖紋，總計1980個以上的EPS、JPG、GIF精緻紋樣檔。本書收錄以下四個國家各具特色的藝術紋樣【印度尼西亞】印尼的爪哇更紗是以名為batik的蠟染技術畫上圖案，在古時候是用手來進行描繪，而現代則是以壓製的方式完成，其精緻美麗的圖案種類繁多，包含花、椰子、蓮花等植物，以及鳥類、動物，甚至是刀與王冠。本書收錄了較具代表性的圖案，以及蘇門答臘諸島絣織風格的幾何圖案。【泰國】泰國的紡織品大多被統稱為泰絲(thai silk)，但其製作技法與素材則會因地方而有所不同。在東北部製作的叫做Mudmee絲綢，它是使用扎染好的絲線，以手工的方式編織出細緻綿密的圖案。這類的作品都是以菱形圖案來構成的，並藉由顏色和角度的改變來作出完全不同的樣式。本書另外還收錄了泰國陶瓷工藝的代表Benjarong所使用的紋樣。【寮國】寮國的紡織品有一個特徵，那就是使用較粗的色線作為橫線，以呈現出紋樣的立體感的編織技法，只要使用的顏色愈多，就愈需要展現工夫和技術。另外，它也常被用作裝飾衣服或直接擺設的刺繡，而且通常是以各民族獨自的紋樣作為主題。書中收錄了各式織品的紋樣。【越南】本書還進一步收錄了代表越南陶瓷的紋樣。這種瓷器被稱為安南燒，因為它是以陶藝村為其最重要的產地，故又可稱之為陶藝燒。由於越南從桃山時代就已經開始和日本進行交流了，所以能夠在其配色方式上，看到帶有很濃厚的日式風格。*隨附DVD適用Mac & Win,內含EPS、JPG、GIF精緻圖檔附件內容 ：隨附DVD適用Mac & Win,內含1980個以上的EPS、JPG、GIF精緻圖檔
                    
"
9789862012031,"

在日式風格的設計作品裡，蘊涵著樸實與簡潔的獨有特質，不喧賓奪主的背景紋樣更能襯托出強烈的日式風情之存在感。本書收錄521種以底紋、插圖、裝飾框線等三大分類的日式傳統圖紋，總計有3900個以上的EPS、JPG、GIF紋樣檔。書中素材圖案皆取材自豐富的自然風土、昆蟲動物、花草植物與傳統插畫，經由反覆的組合排列，建構出獨特的紋路美感與優雅意象。*隨附DVD適用Mac & Win,內含EPS、JPG、GIF精緻圖檔。為了方便讀者使用，圖檔顏色更分為全彩、半彩、黑白等三種效果。附件內容：隨附DVD適用Mac & Win,內含3900個以上的EPS、JPG、GIF精緻圖檔
                    
"
9789862290200,"

掌握風格全圖集 立即成為創意狠角色！ ★擺脫老舊 瞄準新風格 這是一本人人都能輕鬆上手的創意圖庫！DVD-ROM收錄多種特殊圖檔格式，可隨意變化圖案大小、形狀和顏色，不論是提案簡報還是個人BLOG都能創造出自我原創味。擺脫老舊無趣的套用模式，從現在開始立即打造新風格主張吧！★讓你輕鬆運用的創意點：平面設計、名片設計、網頁設計、影像合成、POP、海報DM、書籍排版、簡報、電子賀卡、DIY手作、E-Mail底紋……★內容特色多樣圖檔 經典超值內容包含KUSO角色、獨創人物、設計花邊、風格底紋、趣味符號……等多媒材的潮流設計圖庫，可以靈活運用在網頁或MSN對話框當中。多媒材圖庫 原創100％ 本系列圖庫有別於市面上枯燥圖案集，由創意達人親自為你量身訂作，不但顛覆以往圖案設計觀念，還利用不同素材材料與影像處理技巧，除了手繪圖檔之外，更有獨創的多媒材影像整合，好看又方便。創意生活 從現在起 你還在頭痛簡報枯燥、部落格沒風格、POP乏味嗎？生活只要一點小巧思，你也會是個「創意達人」，拿起本書，開始享受無上的創意生活吧！一圖多用 發想創意內頁附加實際軟體與DIY教授，讓你體會一圖多用的實用度，看本書圖庫如何發揮到多元化設計。附加光碟 輕鬆上手為了供應滿足讀者需求，特別提供超高容量的DVD-ROM，收錄最完整的潮流設計圖檔，不管你是初學者或是專業設計師，都可輕鬆從中找到想要的圖案。本書特色● 精采內容特色花草、北歐建築、小物雜貨、簡約傢飾、經典童話、聖誕節慶等等……創意達人量身打造，超值收錄超過700個的實用圖案，重現北歐風格的原創圖庫，讓你的設計生活更添無限趣味。●多種用途收錄多樣圖檔格式，不但可以拉大、變形，還可以自由變形，要怎樣玩都行！不論是應用在平面海報、書面Word報告、PowerPoint，或是將圖案上傳至個人BLOG，輕鬆又簡單地就能擁有獨一無二的超優質網頁！●超值優惠隨書附贈容量超高的DVD-ROM，價格依然優惠大方，內容圖案精美、格式多元，是你非買不可的超值圖庫集。
                    
"
9789862280119,"

嚴選1300張的流行設計素材，27項大類，徹底活用！人物圖案、傳情e卡、個性信紙、可愛便條紙、電腦桌布、筆記頁、閃亮裝飾、表情符號、背景底紋…好物等您來發現！附贈本書素材圖檔光碟（1311個），支援PC &MAC
                    
"
9789866716829,"

SCHOOL OF DESIGN MASAYOSHI KODAIRA NAOMI HIRABAYASHI MANABU MIZUNO EIJI YAMADA新形態設計學教科書領先眾人眼界超越同行的新思維。回到原點 發現「設計」的新世界學習累積靈感。學習培養風格。學習建立態度。學習創造，學習破壞，學習用1/100的角度介入世界……SCHOOL OF DESIGN是四位在日本設計界活躍的平面設計大師：  古平正義、平林奈緒美、水野學與山田英二的共同創作，不僅呈現四位中生代設計師設計生涯中的代表作，更藉由影像與簡潔扼要的文字現身說法，介紹設計這一行、頂尖設計師應有的自覺、工作態度與創意養成，以致於每個人都可以培養對美與設計感的眼光。  在設計當道的現在及未來，若想遙遙領先同行，你非讀本書不可。本書特色：  為四位在日本設計界活躍的平面設計大師的作品集結，不可錯過。以作品出發、從設計的原點分析創作的態度與眼界。
                    
"
9789861361819,"

設計的寶庫第二部，以「花鳥風月」為代表性主題。日本人好以「花鳥風月」比喻自然美，傳統文樣中「花」為菊、牡丹，「鳥」則屬鶴最為常見，選擇並不似時下般豐富，甚至不時還會出現雷同的文樣名稱。不過，古人還是能在這些極為有限的主題中不厭其煩的持續創作、賦予其千變萬化、勾勒出明朗健康、變化豐富的文樣。在比較這些變化時，不僅能充分體認先人設計品味的柔軟度，同時也能理解這些文樣之所以教人讚賞，並非出於主題是否新鮮罕見，而是以何種方式呈現。本書內容分為以下四章：第一章　「花」＝以代表四季之花卉為主題的文樣與其組合。第二章　「鳥」＝與花卉有關的鳥。文樣中常見的鳥。第三章　「風」＝帶風景、民俗旨趣之文樣。第四章　「月」＝在月亮的啟發下展現各種情調的文樣。
                    
"
9789866716645,"

超值收錄1,000個以上圖檔！ 多樣化格式，隨你放大、縮小！ 人人都會用的創意好幫手這是一本人人都能輕鬆上手的創意圖庫！DVD-ROM收錄多種特殊質感的圖檔格式，可隨意變化圖案大小、形狀和顏色，不論是提案簡報還是個人BLOG都能創造出自我原創味。擺脫老舊無趣的套用模式，從現在開始打造屬於你的新風格吧！讓你輕鬆運用的創意點：平面設計、名片設計、網頁設計、影像合成、POP、海報DM、書籍排版、簡報、電子賀卡、DIY手作、E-Mail底紋……多樣圖檔 經典超值內容包含KUSO角色、獨創人物、設計花邊、風格底紋、趣味符號……等多媒材的潮流設計圖庫，可以靈活運用在網頁或MSN對話框當中。多媒材圖庫 原創100％ 本系列圖庫有別於市面上枯燥圖案集，由創意達人親自為你量身訂作，不但顛覆以往圖案設計觀念，還利用不同素材材料與影像處理技巧，除了手繪圖檔之外，更有獨創的多媒材影像整合，好看又方便。創意生活 從現在起 你還在頭痛簡報枯燥、部落格沒風格、POP乏味嗎？生活只要一點小巧思，你也會是個「創意達人」，拿起本書，開始享受無上的創意生活吧！一圖多用 發想創意內頁附加實際軟體與DIY教授，讓你體會一圖多用的實用度，看本書圖庫如何發揮到多元化設計。附加光碟 輕鬆上手為了供應滿足讀者需求，特別提供超高容量的DVD-ROM，收錄最完整的潮流設計圖檔，不管你是初學者或是專業設計師，都可輕鬆從中找到想要的圖案。本書特色●   精采內容各式布紋、多樣紙材、草木紋理、金屬光澤、寶石珍珠、鈕釦銅板……等各種具有特殊質感的精彩圖庫，超值收錄超過1000個的實用圖案，輕鬆擁有專屬於你的風格設計，打造優質私設計美學。●  多種用途收錄多樣圖檔格式，不但可以拉大、變形，還可以自由變形，要怎樣玩都行！不論是應用在平面海報、書面Word報告、PowerPoint，或是將圖案上傳至個人BLOG，輕鬆又簡單地就能擁有獨一無二的超優質網頁！●  超值優惠隨書附贈容量超高的DVD-ROM，價格依然優惠大方，內容圖案精美、格式多元，是你非買不可的超值圖庫集。
                    
"
9789866662584,"

曾經是代表姓氏的家徽，不但成為生活文化的一部份，連LV著名的圖案，就是來自日本古代家徽的靈感。家紋誕生在平安時代末期，最初是貴族和武士使用，到了近世時庶民也開始使用。以前使用姓氏有所限制。家紋除了特殊的紋（例如菊和葵等等），沒有特別的制限。此外，雖說是庶民，但原本也是氏人之流，武士也沒有這麼隔閤。因此在調查祖先的根源時，最常使用的就是家紋。西洋的紋章為貴族的特權的象徵，在日本沒有這樣的意識，一般大眾都可以使用家紋，為庶民所共有。現今家紋只被使用在正式服裝上的紋樣或是被刻在墓石上。但以前，餐具、碗盤、提燈、籃子等日常用品都會加上家紋。本書裡收錄的家紋及解說是從龐大的圖案和資料中抽取整理而成，只要理解本書的內容應該就能成為家紋通。
                    
"
9789861361680,"

第一本強力蒐集台灣傳統花布的書，絕對值得珍藏！展現台灣傳統畫技之巧思與創意，兼具藝術欣賞與設計實用近年來，由於許多文化創意人士大力的推廣及相關政府單位的贊助等，讓流傳已久的台灣花布再度火紅起來。尤以本書編著者吳清桂等人所創新應用的花布作品最為人津津樂道。她突破重重困難，在坊間蒐集150種台灣花布圖樣，並加以分門別類，整理成冊。在欣賞美麗的花布之餘，也能感受到伴隨所有台灣人成長的花布所帶來的特殊情感。除了介紹花布圖樣之外，本書還提供花布手創作品欣賞，並附圖樣光碟供讀者使用。

"
4711402550166,"

繼「輕鬆學彩繪---入門篇」後，另一本由淺入深的彩繪書籍在所有的傢飾彩繪風格中玫瑰，向來就是個永不褪流行的主題無論是復古簡約的單筆畫法，還是華麗繁複的油彩表現玫瑰真的怎麼畫都美！就讓玫瑰細緻綺麗的倩影，為居家生活增添些許的歐式風情。附4件作品DVD教學本書三大特點分別為：1.實用又好看的作品：將四十幾種的作品依難易程度區分為5大部分，搭配詳實的解說，保證易學易懂。2.豐富的圖稿：讓您在彩繪時絲毫不費力，就能畫出令人讚嘆不已的作品。3.附教學DVD：即使是剛接觸的入門者，只要熟練筆法多加揣摩，跟著步驟step by step，相信您也可以成為彩繪的箇中翹楚。

"
9789866858291,"

以「0 」為起點，探訪121 座奇妙的符號宇宙 日本平面設計師松田行正蒐羅的世界記號大全 這是一本蒐羅了各式記號、暗號、符號、文字，以121種概念呈現的圖案集。為形狀著迷的作者，從零（ZERO）為起點鑽入記號的世界，逐漸偏離（ERR/ERROR）了溝通和文法的秩序。從摩斯密碼、棒球記分記號、音樂符號、天氣圖符號，到共濟會暗號、家紋、蘇美文字、西夏文字等等，種種複雜怪異、有的已失去功能、更甚者已消失的文字和記號，聚集成一幅幅系譜式學的符號大觀。 ※中文版將比照日文原版的書籍裝幀製作（書名燙色、書衣挖孔及弧形外緣、頁緣刷色），推出兩款顏色版本（黃、橘）。 

"
9789862010730,"

本書內有多達9000張由專業美術設計家所精心設計的圖片，無論您是美工設計、行銷企劃、老闆、學生、家庭主婦等，本書皆可滿足您對於製作海報、卡片、傳單、簡報、個人網頁等多方面的需求。●9000個精彩圖片：可自由運用修改，並獨家收錄巴冷公主全圖檔●14篇63類別：分類清楚，可按照自己需要的類別尋找使用●縮圖方式呈現：附有圖檔名稱，方便查詢、隨翻即用

"
9789861361499,"

日本傳統藝術的智慧結晶˙最實用的和風設計工具 連不做設計的人都愛不釋手！ 日本傳統之美與工匠巧思的結晶 製作輕鬆、應用廣泛，最實用的素材＋數位資料集 本書五大特點★內容最豐富：收錄60項、250種當代設計師最需要的和風裝飾花紋。★解說最詳盡：每一種文樣皆詳細說明歷史、淵源、特徵與用法等。 ★分類最完整：分植物、動物、波濤、唐草、幾何、器物等共九章。 ★製作最便利：附圖檔光碟，可直接使用，修改成需要的圖樣。 ★最物超所值：比市面上的圖庫更精緻、價格最便宜，經濟又實惠。 【說明】日本傳統藝術的智慧結晶˙最實用的和風設計工具日本擁有自古傳承的傳統色、文字與裝飾花紋。作者針對裝飾花紋主題，篩選出時下設計師最需要的日式花紋約60種、250幅，彙編成這本素材＋資料集。 　書中收集的文樣均選自作者長年所描繪、累積的資料庫，讀者可利用影像軟體隨意改變前景、背景等不同圖層的色彩、材質，設計成獨具個人風格的各式產品。 此外，亦詳細解說各種文樣的歷史、淵源、用法與特徵等。共分為：四季植物、動物、水波流動、唐草、幾何圖樣、器物樣式等九章，是一本最具實用性、經濟實惠的和風設計工具。【再次推薦】專業設計必備 日本傳統文樣60種250幅˙最經濟實惠的和風設計工具＊隨書附贈CD-ROM，以JPEG與PSD兩種格式收錄，方便設計上靈活運用。＊hybrid格式適合Macintosh、Windows兩種作業平台。＊凡購買本產品者，不限地區，均可直接或加工，無限次使用。
                    
"
9789576009587,"

本書所收集的花卉圖案內容豐富多樣，讀者可將這些圖案表現在書箋、信箋、卡片、海報、書刊等設計品上之參考應用。
                    
"
9789576009563,"

中國圖案藝術之發展，有悠久的歷史，一向具有獨特之風格和高度的藝術形式。特點是構圖精緻、線條工整、色調莊嚴、氣魄雄偉、整齊勻稱，早已著稱於世，實為東方圖案之代表。
                    
"
9789866920110,"

立即上手圖案王-讓你輕鬆成為圖案達人！一次擁有300種創意圖案在日常生活中，不管是佈置、簡報、作業、手作DIY等，皆需要應用大量圖案參考，但目前市面上所能購得的圖庫書籍及光碟，圖案造型往往太過老舊也不夠精緻，【立即上手圖案王】圖案新穎、精緻且可愛，提供讀者對圖案有更多豐富的選擇！另外並附有超值CD-ROM應用光碟，讓讀者在使用上更為便利，也更值得珍藏！超值CD-ROM應用光碟內容：A - 300張完整彩色圖稿B - 300張完整黑白圖稿C - 100張精選分解線稿D - 20張精選高解析彩圖E - 50張精選AI向量圖稿本書特色1、書中圖案包含13大常用節慶單元，各單元類型分為：圖案單品、花邊裝飾、框飾設計與字型設計，內容豐富， 不用擔心找不到需要的圖案。2、全書含光碟共750張以上節慶圖案、框飾、花邊、字型設計，一次通通給你。3、清楚明瞭的書籍與光碟使用方式與應用功能，讓創意輕鬆發揮！4、超值CD-ROM應用光碟，讓你快速、方便將內容實際利用於各種作品上！
                    
"
9789861492308,"

想要設計一張圖片時，是不是發現腦筋會一片空白；當想製作網頁時，卻發現找不到好的圖片素材呢？為了解決您的煩惱，本書特別策劃了十三章70種類別的圖片，每張圖片皆由專業美術設計家精心設計，一次解決您的生活及工作上的需求。◎ 7000張精緻圖片：3CD超大容量，滿滿享受千張好圖◎ 13類別70種圖庫：分類清楚，按圖索驥輕鬆使用◎ 合法圖庫全授權：合法授權您可以自由加工修改應用◎ 免費遊戲任你玩：新無敵炸彈超人，炸你千遍也不厭倦◎ 英文單字大補帖：超強英文單字速成法，讓您一背就通

"
9789578002395,"

本書集合數名實務設計、及教職人員，精選東方的、藝術氣息的圖案數仟幅，去蕪存菁，分開別類，並加以整理編繪，歷經數月，才算大功告成。內容著重古今民俗傳統圖案，及實際契合坊間設計人員需求之美術圖案，並隨書附贈光碟。本書特色1. 附贈影像光碟，增進設計人員時效統合，及方便性。2. 全書收錄3800幅圖案，集所有圖案設計叢書大成。3. 非常實用，非常精美，從事美工設計人員不可或缺、第一選擇之經典書籍。4. 可做為美工系，及相關科系之教材。5. 可自由應用不受版權限制，但不可翻印或盜錄。
                    
"
9789867247377,"

在全球化的時代，北歐設計憑著什麼特點橫掃全球？在北歐嚴苛的自然環境下，其設計師如何能孕育出溫暖當代人生活環境的作品？設計與品味，在二十一世紀，不再為富裕階層所獨享，而是普羅大眾的生活方式。以北歐美學重新詮釋生活元素的北歐設計師，在這個美學經濟的時代下，已悄悄且全面地介入大眾的生活。於是，我們經常於不自覺的情況下，在國際機場，在美術館，在精品店，在咖啡館，在生活的每個領域裡，與北歐設計相遇。講究設計的日本社會，也將目光投注在北歐設計。本書作者以其十多年來接觸北歐設計所累積的人脈，親赴北歐採訪了二十八位活躍於當今瑞典、丹麥、芬蘭設計界的設計師暨建築師，將他們的創意工場帶到讀者眼前，並以輕鬆平實的角度披露設計師的創意理念與他們私底下鮮為人知的真性情一面，諸如易利信倫敦總公司的建築師托馬斯．山德爾（Thomas Sandell）、當紅瑞典三人設計團體CKR（Mårten Claesson, Eero Koivisto, Ola Rune）、瑞典玻璃名廠歐樂福（Orrefors）的當家設計師伊麗卡．拉格比卡（Erika Lagerbielke）、受全世界瘋狂喜愛的冰塊燈設計師哈利．寇斯金納（Harri Koskinen），以及許多在當今設計界各領域占有一席之地的新銳北歐設計師等。在他們與其前輩的努力與創新下，北歐設計已不再只是極簡主義、現代主義或實用主義，而是一種「生活主義」。認識北歐設計，就是認識我們生活環境的一部分。所謂的品味，在這個由風格與美學經濟引領風騷的新世紀裡，已不再是以財力為後盾，更關鍵的是鑑賞的知識與素養。就讓本書自詡為「室內設計狗仔」的作者鈴木綠，帶領你進入北歐設計的祕境──設計師的工作室與住家，展開一場前所未有的邂逅之旅。
                    
"
9789867167163,"

◎美化居家環境就從彩繪開始◎讓國際大師以Step by Step的方式，教你複製出大理石、岩石、木材或皮革的紋路跟質感，以及非屬於自然界物質的想像紋路。◎24種讓你驚訝的彩繪效果，都附有詳細的步驟圖與說明裝飾彩繪藝術應用在建築物的室內外裝潢已經有數世紀之久，無論是建築師或是室內設計師、藝術家，還是製造小型木器、金屬製品與陶器的工匠們，都曾運用神奇的裝飾彩繪技巧來為我們的生活添加更多的浪漫與情趣。    本書主要介紹faux finishes的技巧，也就是各類圖案的仿造效果。根據考古學家的發現，埃及人早在數千年前就已經發明了各式各樣的模仿圖案，而義大利人所使用的壁面裝飾技巧也已經延續了好幾世紀，龐貝城中的繪畫作品是裝飾彩繪最早的遺蹟，許多鮮艷無比的色彩與美麗的圖案一直流傳至今。
                    
"
9789574423408,"

當您要製作一份圖文並茂的宣傳海報時，才發現沒有適合的插圖可以使用，自己畫了半天卻也畫不出理想的圖片...。眼看著交件時間就要逼近了，該如何在短時間之內，做出既美觀又能傳情意念的作品？本書由專業設計人員精心繪製 2500 個插圖，不僅分類詳盡,還具備大、中、小3種尺寸，讓您在任何設計主題都能找到合適的圖。我們也告訴您在廣告海報、網頁、賀卡、名片及 MSN 圖片上的使用技巧。讓您發揮個人巧思，應用這些豐富的素材，展現新鮮有創意的設計。本書特色◎2500張精緻圖片完全授權，包括5大用途、35個類別◎海報&網頁應用類別特別收錄3種尺寸大小，讓您更方便使用◎應用PhotoImpact製作精美賀卡、廣告海報、名片、網頁◎收錄MSN大頭照、表情圖，及E-mail也適用的超卡哇依圖片◎依照應用方式分類圖片, 讓您輕輕鬆鬆就找到想用的圖 

"
9789867705853,"

更年輕大膽、充滿童趣及實驗精神的設計玩家！ 　　倫敦市集景象依然活潑熱絡， 　　走在其中依然備受啟發， 　　創意百出、想法新鮮的設計師／藝術家有增無減… 　　Spitalfield\""s Market 走入轉型期， 　　位在老啤酒廠中的UP Market此時悄悄興起， 　　吸引了更年輕一輩的創作者進駐， 　　他們毫無忌諱地用作品來表現想法， 　　尋求能讓他們繼續盡情把玩創意的平衡點， 　　使得 UP Market 少了某種程度的商業氣息， 　　卻多了活力和特色十足的原創力！ 　　繼《創意市集》一書後，作者再度踏訪了 Spitalfield\""s Market 以及新起 UP Market 中的秀異創意工作者，這群人的共同點不外乎是在現實生活壓力中維持真我，尋求能讓他們繼續盡情把玩創意的平衡點。相信你我都同意，以創意和設計維生不容易，而他們比別人多的是身體力行的勇氣和執著。希望本書中的人物與訪談能激發你的玩心，開始將想像力付諸實行！ ※ Spitalfield\""s Market 　　超過300個攤位的Spitalfield\""s Market，歷史悠久，從她周圍新舊建築的交錯中就可回溯。自西元 1666 年倫敦大火之後這裡就一直是個市集集中地，交易熱絡不絕。每天都會開放攤位供人使用，可是只有星期天才會吸引大批攤位和人潮。在這裡，應有盡有，新鮮蔬果、古董、自製食品、服飾、家飾、唱片，和各式各樣新興設計師／藝術家的創意作品。目前 Spitalfield\""s Market 的擴建計劃正在進行中，完工後將成為一個綜合性商場。 http://www.visitspitalfields.com/ ※ Up Market 　　2004年開幕的 Up Market，位在東倫敦的 The Old Truman Brewery 老啤酒廠中。The Old Truman Brewery 的建築自1995 年被重新發掘啟用，開始被多元化地運用──主要以設計和藝術活動為主，被做為時尚商展用地、學生畢業展、藝術展覽，etc…Up Market 每個禮拜天開，氣氛新鮮活潑，距離Spitalfield\""s Market 和 Brick Lane 都只有3-5分鐘路程。整個倫敦東區已在這幾年發展為最 in 的地區，大大小小的 Pub、Cafe、shop和 gallery 林立，成為時髦年輕人，藝術工作者流連聚會的最佳去處。 http://www/trumanbrewery.com/ 

"
9789867167057,"

繼「輕鬆學彩繪---入門篇」後，另一本由淺入深的彩繪書籍 在所有的傢飾彩繪風格中 玫瑰，向來就是個永不褪流行的主題 無論是復古簡約的單筆畫法，還是華麗繁複的油彩表現 玫瑰真的怎麼畫都美！ 就讓玫瑰細緻綺麗的倩影，為居家生活增添些許的歐式風情。 附4件作品DVD教學 本書三大特點分別為： 1.實用又好看的作品：將四十幾種的作品依難易程度區分為5大部分，搭配詳實的解說，保證易學易懂。 2.豐富的圖稿：讓您在彩繪時絲毫不費力，就能畫出令人讚嘆不已的作品。 3.附教學DVD：即使是剛接觸的入門者，只要熟練筆法多加揣摩，跟著步驟step by step，相信您也可以成為彩繪的箇中翹楚。 附詳細彩繪解說與所有作品的圖案型紙 

"
9789861256436,0
9789574422876,"

‧光碟收錄 2000 個Flash圖檔，分類詳盡、立即可用，快速達成各種美術用途。‧圖庫同時包含 fla 及 swf 檔，讓您自由應用至 eDM、E-mail、MSN 動態表情圖等。‧收錄24種圖檔類別，包含：鳥類‧猛獸類‧爬蟲類‧奇幻類‧寵物類‧蕈類‧植物類‧水果類‧公園類‧辦公類‧家用類‧娛樂類‧野外類‧冰類‧電類‧火山類‧風類‧山石類‧月亮類‧星座類‧水類‧雪花雲類‧宇宙類。
                    
"
9789572991589,"

無論是生物學、醫學、地理學、考古學或天文學，圖像都是重要的研究資料與傳播工具，進一步發展與累積出今日的知識成果。本書跨越版畫、攝影、造影三個階段，檢視因各種儀器而在不同領域誕生的新圖像。新圖像引發視覺上的驚奇，更代表著認識世界的全新眼光：我們製造圖像不僅為了讓視覺更精準，圖像已完全變成視覺的製造者，進一步成為新思想的溫床。圖像既是技術又是文化，它不斷往返於藝術性和物質性之間，寫成一篇篇技術、思想和美學交互影響的故事。
                    
"
9789861490984,"

本書作者為專業美術設計家，精心策畫38種類別圖片，超過3000個好用的圖庫內容，不論您是要設計POP、製作名片網頁等多樣化的內容，皆可以利用本書所附的圖庫內容加以應用。　本書同時另外以Photoshop常用功能為主題，教您設計出日常生活應用的範例如菜單、情人節卡片、名片與網頁設計等好用功能。若您正在尋找一本有豐富圖庫且又有範例教學的書籍，那麼千萬不能錯過本書的精彩內容。
                    
"
9789861255217,0
9789864217250,"

‥由專業美術人才所精心設計的圖案，保證精采動人。近3500個精緻圖案，類別詳盡易查詢。‥提供訓練課程，教您利用PhotoImpact 10繪圖軟體來靈活運用本圖庫。‥圖庫合法授權，可自由運用或加以修改。‥圖檔高解度高，方便您運用於各項設計之中。
                    
"
9789574971800,0
9789861254135,"

您一定體會過苦苦的思索卻久久也找不到一點觸發創作的靈感吧？您有體會過為了尋找一張圖片而搜遍眾多書籍與資料的煩惱嗎？我們為您準備了這本圖庫，包含了幾千張精彩圖片讓您目不暇給；幾十幅專業設計師的優秀作品供您欣賞；結合PhotoImpact的學習與實際練習排除您的疑惑！書從設計構思到創意分析，完成設計作品！理論與實踐的結合，由實例到分析，以循環強化的方式為您在設計領域累積更多的經驗與知識。第一章大致瀏覽了精采範例的應用；第二章透過豐富的實例練習，讓各位讀者熟悉圖庫的應用技巧，創作出您心目中理想的作品；最後本書提供精美的圖庫列表，讓您在瀏覽素材方便輕鬆！■ 三千多張的精彩圖庫，完全的合法授權，讓您買的安心，用的放心。■ 光碟提供300DPI高解析度的全彩圖庫素材，平面網頁各種設計一手抓。■ 精緻且富設計感的教學範例，結合內容介紹的操作步驟練習，必定達到事半功倍的效果。■ 提供DIY訓練課程，Step by Step詳盡介紹如何快速完成名片、賀卡、型錄…等作品。
                    
"
9789861254258,"

本光碟收錄了精心安排的課程製作實例、1000多個可以立即使用的素材，其中包含了靜態元件、動態元件、各種動畫按鈕和滑鼠特效以及使用Action Script編寫的試用小程式。純向量圖庫合法授權，讓您買的放心，用的開心！
                    
"
4710627310173,0
4710627310180,0
4710627310197,0
9789575277642,"

1.Photoshop＆Illustrator＆Flash＆Dreamweaver結合應用2.創意滿載＋解說務實＋應用即時＋助益長久◎依照主題分類舉例介紹關於Web頁面的元件與圖像設計。◎本書中解說了92個元件範例的製作技術。◎光碟中更收錄了超過300個素材，可直接取用。Part1 Images1(首頁影像製作)Part2 Images2(一般影像製作)Part3 Headers頁首Part4 Logos&Headlines商標&標題文字Part5 Navigation Buttons導覽按鈕Part6 Other其他

"
9789864214747,"

書中的前半段提供範例欣賞,告訴您透過本書圖庫中的哪些精美圖案,就能組成活潑生動的網路動畫格式並提供教學課程,教大家如何利用Flash MX軟體來靈活運用本圖庫,輕鬆製作出動態卡片,網頁動畫,GIF動畫,網頁導覽列,動態按鈕,或變幻萬千的網頁設計等各項作品.而本書後半部則為所有圖案縮圖影像,提供您輕鬆查找圖庫
                    
"
,"

本書所錄，包括明朝嘉靖、萬曆以及清代康熙、雍正、乾隆三朝的瓷器。此時期的器物喜用吉祥圖案做裝飾，華麗精緻，千變萬化，令人讚嘆。
                    
"
,0
,0
,"

在講求速度與效率的科技時代，你還相信慢工出細活，以及事必躬親的傳統理念嗎？網頁設計與電腦美工設計，相信許多人都有接觸到，而且常常需要很多圖片，問題是在網路上遍尋不著符合需求的圖片，或者花錢買了滿滿一片助益不大的雞肋圖庫。本書內附近4500張的美工圖片，類別繁多、面面俱到，無論平面美工創作、網頁編輯，通通都可以滿足您的需求。靈光乍現的好點子難求，每個人的創意難免有不敷使用之際，想設計一個人人叫好的作品，往往欠缺關鍵性的概念。本書特邀多位專業美工設計師，利用本書圖庫提供的精美圖片，設計一些日常觸目可見的作品，例如卡片、名片、網頁、傳單…等等，除了成果賞析與激發創意之外，每種類別精選一個作品，實際透過PhotoImpact進行實作，從實作中學習基本操作與設計技巧，在最短時間內學到美工設計師的專業概念，以及圖庫的實際運用訣竅。
l.4500個2D、3D圖庫跳樓大放送，輕鬆成為美工高手。2.美工設計輕鬆學，創意發揮運用自如。3.各式作品賞析與實作，激發無限創意。4.各式圖庫大放送，分類索引快速導覽超便利。 

"
,"

1.本書將光碟的圖庫內容一一呈現，讓您清楚看到圖庫內容，很快找到圖檔所在，買的安心，用的愉快。2.提供網頁、各式賀卡、名片、海報等綜合範例供您參考，激發創作靈感。3.圖庫包含網頁設計實用的圖形素材，包括底紋、圖示、按鈕、分隔線…等等必備素材，讓您製作網頁不求人。4.光碟內附超過3500多個圖案(包含3D圖案)，讓您隨取隨用，物超所值。5.本圖庫授予合法的使用權，您可以自由運用，圖檔皆為全彩圖檔，絕不失真。6.提供DIY訓練課程，Step by Step講解如何利用PhotoShop軟體來靈活運用本書中豐富的圖庫，帶領您動手製作屬於自己的美術作品。7.圖案均經過專業美術人員精心設計與挑選，分類詳實，查詢容易。
                    
"
,"

一般讀者對於應用於網頁或一般美術文件上的圖案通常需要自己動手製作，可是大部分的讀者並不擅長於美術軟體的操作或具有藝術的天份，通常無法快速地製作出這些實用的圖案物件。本書則是將生活或工作上所需用的圖案事先做好，讓讀者能夠很快的在書中找到所需的圖案，並於書附光碟中找出圖檔套用於作品中。
　　新版再新增2600個新圖庫,提供讀者更多的選擇!
一、全書約有4000多個大尺寸的JPEG全彩圖檔，除了適用於網頁輸出外，更可應於印刷輸出上。二、專業美術人專精心設計、挑選，類別詳盡、查詢容易。三、書籍搭配光碟，讀者清楚看得到圖庫內容，買的安心、用的愉快。四、提供DIY訓練課程，利用繪圖軟體（PHOTOSHOP或PHOTOIMPACT）靈活應用圖庫，快速完成名片、卡片、網頁…等作品。五、圖庫授權合法使用者，可自由應用於多媒體產品上。 

"
9789864214211,"

在講求速度與效率的科技時代，你還相信慢工出細活，以及事必躬親的傳統理念嗎？網頁設計與電腦美工設計，相信許多人都有接觸到，而且常常需要很多圖片，問題是在網路上遍尋不著符合需求的圖片，或者花錢買了滿滿一片助益不大的雞肋圖庫。
本書內附近4500張的美工圖片，類別繁多、面面俱到，無論平面美工創作、網頁編輯，通通都可以滿足您的需求。靈光乍現的好點子難求，每個人的創意難免有不敷使用之際，想設計一個人人叫好的作品，往往欠缺關鍵性的概念。
本書特邀多位專業美工設計師，利用本書圖庫提供的精美圖片，設計一些日常觸目可見的作品，例如卡片、名片、網頁、傳單…等等，除了成果賞析與激發創意之外，每種類別精選一個作品，實際透過PhotoImpact進行實作，從實作中學習基本操作與設計技巧，在最短時間內學到美工設計師的專業概念，以及圖庫的實際運用訣竅。 
l.4500個2D、3D圖庫跳樓大放送，輕鬆成為美工高手。2.美工設計輕鬆學，創意發揮運用自如。3.各式作品賞析與實作，激發無限創意。4.各式圖庫大放送，分類索引快速導覽超便利。 

"
9789867645166,0
9799578494489,"

[吉祥物]是台灣的慣用語彙,也有人稱為人物造型ˋ企業造型ˋ企業寶寶等.雖然字彙不同,但基本上都是指為了強化個人ˋ企業ˋ品牌或是活動性格ˋ訴求特質，而選擇適當的人物ˋ動物ˋ植物或是產品，透過具象，可愛ˋ平易近人的擬人化表現，以達到吸引的視覺效果…
                    
"
9789864212576,"

新版再新增2600個新圖庫,提供讀者更多的選擇!一、全書約有4000多個大尺寸的JPEG全彩圖檔，除了適用於網頁輸出外，更可應於印刷輸出上。二、專業美術人專精心設計、挑選，類別詳盡、查詢容易。三、書籍搭配光碟，讀者清楚看得到圖庫內容，買的安心、用的愉快。四、提供DIY訓練課程，利用繪圖軟體（PHOTOSHOP或PHOTOIMPACT）靈活應用圖庫，快速完成名片、卡片、網頁…等作品。五、圖庫授權合法使用者，可自由應用於多媒體產品上。
                    
"
9789867957498,"

本書是以各地神祇圖像、占星與天體、吉祥紋樣為主的裝飾圖鑑。世界上無論哪個地域與時代、民間匠人與藝術家，都能自發出來各種不同的意象，並賦予其個性。宇宙間的飛鳥、花木、走獸、蟲魚等各有不同的可見外形，神話與星座卻是由人類想像而產生的造型圖案。我們從宇宙萬物得到靈感，從而裝飾自己與周遭所關心的事物，或因敬畏而創生出無數具有特色的圖形。　　即便利用黑白線條與塊面，就能繪成生動流暢的圖案造型，一般而言，西方人較重視塊面與線條間的力量，東方人則對線條趣味與留白的設計格外講究。當單色線條與空間配合，發揮到淋漓盡致時，在虛與實、疏與密、繁與簡的依存中，就能結構出情調與特色；反覆與連續也是圖案形成的重要元素。另外，西方古典婉約、富饒豐盛的圖案情調與東方詩情飄逸、圖文暗和的聯想，讀者可以自行體會。　　本書集錄的數百幅圖像，提供讀者參考引用，並從中發現藝術家創作的神祕有趣的裝飾世界

"
9789574927159,"

繪畫是藉由無限的自由想像所創造出來的美麗天地，本書由淺入深地指導您如何運用技巧，達到您想要的效果。
                    
"
9789574420988,"

在設計時如果需要什麼素材，可以先翻到本書圖庫的目錄部分，找出所需素材的類型，然後根據目錄上的頁碼找到該類素材，最後選擇最適合的素材。當然這本書上只是供大家選擇的時候參考的，真正的素材當然是在光碟上啦，我們打開光碟，這裡面就包括了所有的素材，按照目錄中所歸納的類型就可以找到我們所需要的素材了。 

"
9789570406351,0
9789579832014,0
9789572236482,"

l	專業美術設計人員精心設計，計5000個精緻美工圖案，類別詳盡易查詢。l	書籍搭配光碟，讓您清楚看到圖庫內容，買的安心，用的愉快，保證物超所值。l	提供DIY訓練課程，教您如何利用PhotoImpact軟體來靈活應用本圖庫，保證享有5分鐘輕鬆完成名片、卡片、網頁…等各項設計。l	本圖授予合法的使用權，您可以自由的加工修改，或應用於印刷多媒體設計上。l	圖檔多為787x787 Pixles，JPEG的全彩圖檔，適用於Windows作業系統。
                    
"
9789572084540,"

視覺藝術這門學問在設計領域的歷史發展已相當久了、其主要的內容包羅萬象，舉凡繪畫、建築、雕塑、陶瓷、產品、工藝等設計，而這些設計作品都必須透過以「視覺」感受的方式、才能領悟到其內在的涵意和精彩的表現。
本書內容分為五個重點單元。所收錄之作品圖片，除了平日多方面的拍攝之外，並收集優秀學生的作品納入實例探討。
                    
"
9789576852305,0
9789574804139,0
9789576007033,0
9789576502651,0
9789572234563,"

美工網頁圖庫大全
本書特色：
．專業美術設計人員精心設計，計３１００多個精緻美工　圖案，類別詳盡易查詢
．書籍搭配光碟，讓您清楚看到圖庫內容
．提供DIY訓練課程，教您如何利用PHOTO IMPACT軟體　來靈活應用本圖庫
．圖檔多為７８７＊７８７Pixels，JPEG的全彩圖檔，適　用於WINDOWS作業系統
                    
"
9789576051265,0
9789576051258,0
9789574802579,"

花卉圖案總匯
　人們常用百花盛開及花卉之美麗來作為比喻，就如同「人生如花」這句話一樣，人們也經常藉著花來傳遞心中想傳達之聲音。

　在傳遞心中之愛、祝賀及探望、慰問時，花經常被拿來當禮物使用。

　本書是為了在忙碌及資訊發達的社會中，經常被人遺忘的心靈溝通而製作的花之插畫集，蒐集了各種花的象徵意義；利用各式各樣的表達方式來達到傳達訊息之目的。

　本書後半部附上可使用之明信片，及各種花所象徵之意義的資料。
                    
"
9789576051241,"

中國紋樣，再放光芒
　且讓－中國紋樣，再放光芒－做了五十多個寒暑的中國人，並不因為半個多世紀沉迷於吃西餐、住洋房、喝洋酒、穿西裝、唱洋歌，以致於開洋車、飄洋過海去看西洋景，作者都未受絲毫影響，依舊是個很本土、很老式、很古典的中國人。

　老實說，作者也是一個很幸運的人，自中學，經大學，到佛研院，一直從事於教育、新聞出版和佛學的工作，把志業、事業、職業、學業融為一體，也就是說：作者的工作就是他的志趣，他的志趣就是他的生活，他的生活就是他的工作，真是樂此不疲，不知老之將至矣。

　其中，最大的樂趣是蒐集中國古典圖案，真是不餘遺力，盡自己之所能，不論在國內，或國外，或大陸，凡步履所至，這項「尋圖」的工作，也就成了生活的重點。圖案這個名詞，是東洋人日本的玩意兒，在我國以往稱之謂紋樣、花樣或模樣。

　大家都知道，在人類文明發展史上，未有文字以前先有了模樣。我國的模樣產生極早，到了石器、青銅、彩陶文化時期，模樣的製作，已經甚有成就，十分可觀，不論從藝術的角度，或者從實用價值而言，它對中國文化的建立和貢獻，真是厥功至偉。

　而且這些模樣，代有佳購，推陳出新，廣泛的應用在日常生活的食、衣、住、行等方面，只是這些「作品」，出於匠人之手、百工之作，不是「上品的讀書人」之筆，它們的智慧和才華雖留下了，但製作這些模樣者姓啥名啥，卻被歷史所淹沒，目睹及此，真要大叫嗚呼！
                    
"
9789576502606,0
9789576502569,"

美術設計底紋精選﹝一﹞
　在你精心完成你的美術設計後，你是否繪它的底紋圖案而煩惱不已呢？你擔心你的作品因為底紋的關係而破壞了整體的美感嗎？　

　好的美術設計，使人看了心情愉悅、而且內心安樂，不過再好的美術設計，也要慎選底紋才能突顯出來作品的優點，這個道理就像是紅花需要綠葉配的道理，好的底紋更能顯現作品的特色與優點。

　本書所輯錄的底紋，均是平常經常使用的花紋，不論是你平日作業的好幫手，更是業界經常用的到的一本工具書，希望本書的編成，能夠為你的作業、工作有所幫助。
                    
"
9789576502576,"

美術設計底紋精選﹝二﹞
　在你精心完成你的美術設計後，你是否繪它的底紋圖案而煩惱不已呢？你擔心你的作品因為底紋的關係而破壞了整體的美感嗎？　

　好的美術設計，使人看了心情愉悅、而且內心安樂，不過再好的美術設計，也要慎選底紋才能突顯出來作品的優點，這個道理就像是紅花需要綠葉配的道理，好的底紋更能顯現作品的特色與優點。

　本書所輯錄的底紋，均是平常經常使用的花紋，不論是你平日作業的好幫手，更是業界經常用的到的一本工具書，希望本書的編成，能夠為你的作業、工作有所幫助。
                    
"
9789576502583,"

美術設計底紋精選﹝三﹞
　在你精心完成你的美術設計後，你是否繪它的底紋圖案而煩惱不已呢？你擔心你的作品因為底紋的關係而破壞了整體的美感嗎？　

　好的美術設計，使人看了心情愉悅、而且內心安樂，不過再好的美術設計，也要慎選底紋才能突顯出來作品的優點，這個道理就像是紅花需要綠葉配的道理，好的底紋更能顯現作品的特色與優點。

　本書所輯錄的底紋，均是平常經常使用的花紋，不論是你平日作業的好幫手，更是業界經常用的到的一本工具書，希望本書的編成，能夠為你的作業、工作有所幫助。
                    
"
9789576051166,"

且讓中國圖樣再放光芒
　作了五十多個寒暑的中國人，並不因為半個多世紀浸淫於吃西餐，住洋房，喝洋酒，穿西裝，坐洋車，唱洋歌，以致於開洋葷，飄洋過海去看西洋景，我都未受絲毫影響，依舊是個很本土，很老式，很古典的中國人。

　我們都知道，在人類文明發展史上，未有文字以前先有了圖樣。我國的圖樣產生非常早，到了石器時代，青銅器，彩陶文化時期，圖樣的製作，已經甚有成就，十分可觀，不論從藝術的角度，或者是從實用價值而言，他對中國文化的建立和貢獻，真是居功厥偉。

　而且這些圖樣，代有佳作，推陳出新，廣泛的應用在日常生活的食衣住行等方面，只是這些作品，出自於匠人之手，百工之作，不是「上品的讀書人」之筆，他們的智慧和才華雖然留下了，但是製作這些圖樣的人姓什名誰，卻被歷史所淹沒，目睹這種情形，真是令人大嘆嗚呼。
                    
"
9789576051159,0
9789570496086,0
9789578001657,0
9789578001640,"


 本書內容包含有風景、人物、風俗習慣、飛禽走獸、昆蟲、海洋生物、植物、生活用具、玩具、交通、工筆、素描、海報、抽象、花邊、徽章.......等圖案範例。

"
4719742001713,0
9789576050732,0
9789579790802,0
9789576006913,0
9789576006890,0
9789576006883,0
9789576006876,0
9789576051005,0
9789579944595,0
9789577801968,0
9789576050923,"

中國古典
　且讓－中國紋樣，再放光芒－做了五十多個寒暑的中國人，並不因為半個多世紀沉迷於吃西餐、住洋房、喝洋酒、穿西裝、唱洋歌，以致於開洋車、飄洋過海去看西洋景，作者都未受絲毫影響，依舊是個很本土、很老式、很古典的中國人。

　老實說，作者也是一個很幸運的人，自中學，經大學，到佛研院，一直從事於教育、新聞出版和佛學的工作，把志業、事業、職業、學業融為一體，也就是說：作者的工作就是他的志趣，他的志趣就是他的生活，他的生活就是他的工作，真是樂此不疲，不知老之將至矣。

　其中，最大的樂趣是蒐集中國古典圖案，真是不餘遺力，盡自己之所能，不論在國內，或國外，或大陸，凡步履所至，這項「尋圖」的工作，也就成了生活的重點。圖案這個名詞，是東洋人日本的玩意兒，在我國以往稱之謂紋樣、花樣或模樣。

　大家都知道，在人類文明發展史上，未有文字以前先有了模樣。我國的模樣產生極早，到了石器、青銅、彩陶文化時期，模樣的製作，已經甚有成就，十分可觀，不論從藝術的角度，或者從實用價值而言，它對中國文化的建立和貢獻，真是厥功至偉。

　而且這些模樣，代有佳購，推陳出新，廣泛的應用在日常生活的食、衣、住、行等方面，只是這些「作品」，出於匠人之手、百工之作，不是「上品的讀書人」之筆，它們的智慧和才華雖留下了，但製作這些模樣者姓啥名啥，卻被歷史所淹沒，目睹及此，真要大叫嗚呼！
                    
"
9789579142946,0
9789579437349,0
,0
,0
,0
,0
,0
9789577102812,0
9789579135832,"

圖案及字型範例
　本書收錄各式各樣的圖案及字型範例，提供讀者參考。

　本書共分三篇：文教篇、校園篇、節慶篇。

　文教篇內容有：環境保育、資源節約；交通安全；生活與倫理；淨化社會風氣；健康保建、災害預防等。

　校園篇內容有：校園活動；體能競賽；球類運動；戶外活動；社團項目。

　節慶篇內容有：春節、元宵節、西洋情人節、植樹節、青年節、愚人節、婦幼節、清明節、勞動節、母親節、端午節、禁煙節、父親節、七夕情人節、中秋節、教師節、國慶日、光復節、聖誕節、生日‧慶生會等。
                    
"
9789578370005,0
9789578370012,0
9789578370036,0
9789578370029,0
9789576050640,0
,0
,0
,0
,0
,0
,0
9789579485555,0
9789578800694,0
9789578800700,0
,0
,0
,0
,0
,0
,0
,0
,0
,0
,0
9789577941039,0
9789577941046,0
9789577941060,0
9789577941077,0
,0
9789579135559,"

圖案百科
　本書是各種圖案匯集而成的百科全書，圖案選材多樣，種類繁多，是一本各種方面都堪稱實用的好書。

　本書分為四個大篇章，包含幼教篇、實用篇、應用篇、創意篇，每個篇章又詳細分類，如幼教類又分類為幼教生活、世界童話、擬人化表現、幻想世界；實用篇又分為食的天地、衣的天地、住的天地、行的天地、育樂天地；應用類又分為生肖星座、綜合應用、實務應用；創意篇分為自然萬物、創意聯想兩類。其下又再細分，詳盡充實，簡單易懂。不論在海報設計或是教學範本的製作上，都是一本可或缺的好幫手。
                    
"
9789579135566,"

圖案百科
　本書是各種圖案匯集而成的百科全書，圖案選材多樣，種類繁多，是一本各種方面都堪稱實用的好書。

　本書分為四個大篇章，包含幼教篇、實用篇、應用篇、創意篇，每個篇章又詳細分類，如幼教類又分類為幼教生活、世界童話、擬人化表現、幻想世界；實用篇又分為食的天地、衣的天地、住的天地、行的天地、育樂天地；應用類又分為生肖星座、綜合應用、實務應用；創意篇分為自然萬物、創意聯想兩類。其下又再細分，詳盡充實，簡單易懂。不論在海報設計或是教學範本的製作上，都是一本可或缺的好幫手。
                    
"
,0
9789578883611,0
9789578883604,0
9789579394949,"

圖案百科
　本書共收錄了８００餘幅圖案，如：昆蟲、人物、面具、水紋、日常用品、指示符號、抽象圖案、樂器、十二生肖、建築物.........等，筆調生動、有趣，別具巧思，能親切且容易地將訊息傳遞給讀者。

　本書圖案可利用影印放大（縮小）或臨摹的方法來應用，是製作校園海報、教室佈置、壁報、卡片、POP廣告的好幫手！
作者簡介
　今津次朗

　日本東京人，１９２３年生，曾任日本POP協會顧問、廣告促銷顧問，及任工商會議廳、政省、企業、文化中心之講師。

　著有《POP廣告理論與圖案製作》等書。
                    
"
9789578816244,0
9789578816251,0
9789579410335,0
,0
9789578883413,0
9789578883406,0
9789578883437,0
9789578883420,0
9789578883314,0
9789578883321,0
9789578883444,0
9789578883451,0
9789579166003,0
9789579166058,0
9789579166041,0
9789579166034,0
9789579166027,0
,0
,0
,0
,0
9789577750693,0
9789577750839,0
9789577750860,0
,0
,0
,0
,0
,0
,0
,0
,0
,0
,0
,0
,0
,0
,0
,0
,0
,0
,0
,0
,0
,0
,0
,0
,0
,0
,0
,0
9789575383930,"

插畫圖
　當各位想要利用些空閒來繪上圖畫時……，製作賀卡、明信片、招待券等，或製作具有獨特風格的名片時……。本書一定可以使你如願以償。

　使用的方法，十分簡單。如剪下來後，再利用影印機予以縮小或放大都可以，甚或加以臨摹，也十分有趣，而且，更有助插畫技巧的進步。

　請充分加以利用，並發揮預期效果。

　本書中內容有關動物、人物、植物、建物、交通工具、日用品、十二生肖、美術字體、各種卡片等各式各樣的圖案，讓各位學習畫插畫。
                    
"
9789576850479,0
,0
,0
,0
,0
,0
,0
9789578778177,0
9789578778191,0
9789578778283,0
9789578778054,0
,0
,0
,0
,0
,0
,0
,0
,0
9789578778009,0
9789578800380,0
,0
9789579237918,0
9789579237925,0
9789579237888,0
,0
,0
,0
,0
,0
,0
,0
,0
,0
,0
,0
,0
,0
,0
,0
,0
,0
,0
,0
,0
,0
,0
,0
,0
,0
,0
,0
,0
,0
,0
,0
,0
,0
,0
,0
,0
,0
,0
,0
,0
,0
,0
,0
,0
,0
,0
,0
,0
,0
,0
,0
,0
,0
,0
,0
,0
,0
,0
,0
,0
,0
,0
,0
,0
,0
,0
,0
,0
,0
,0
,0
,0
,0
,0
,0
,0
,0
9789577590879,0
,0
,0
,0
,0
,0
,0
,0
,0
,0
,0
,0
,0
,0
,0
,0
,0
,0
,0
,0
9789576050909,0
,0
,0
,0
,0
,0
,0
,0
9789577593795,0
9789577593788,0
,0
9789575172114,0
,0
,0
,0
,0
,0
,0
,0
,0
,0
,0
9789575320911,"


 用具體的事物來表徵抽象的意念和感情，這個方法遠在兩三千年前我們的老祖先就已經應用了。荀子大略篇有兩句話是：「絕人以玦，反絕以環」，「環」是圓形中間有孔的玉，「環」有缺口，就叫做「玦」，古代君主放逐臣下，不用直接講出來，只要賜給他一個玉玦就可以了，如果赦了他，召他回來，就賜給他一個玉環，「環」和「還」同音，「賜環」就是表示許可他回來的意思。

  

 另外左傳記晉獻公命世子申生率兵出征，臨行賜給他一襲偏衣和一塊金玦，申生手下諸臣都講由獻公所賜的金玦來看，就可以看出申生必然被廢，甚至會被害，這段記載雖然表示古人對預兆的迷信，但也證明荀子所說的「絕人以玦，反絕以環」，不是讀書人高雅的想像，而是古已有之的老辦法老方式。

  

 華封三祝—多福多壽多男子這代表著中國人古老的意願，為祈求如願，祈求幸福，我們的老祖先也同樣的用具體的事物表徵抽象的祈求和願望，因此許多代表吉祥的事物就被創造出來，雕刻的，繪畫的，刺繡的各式各樣代表吉祥的藝術品被保存下來成為中國文化的代表。

  

 漢人的著作裡就記載著當時人用綺穀刻削，配合八彩，製成「榆葉」「無窮」，「水波」之文，作為筍囊，裙褥和衣被（見汪符潛夫論）。又古詩十九首有一首詩是「客從遠方來，遺我一端綺，相去萬餘里，故人心尚爾，文采雙鴛鴦，裁為合歡被，著以長相思，緣以結不解……」這首詩已然清楚的講出那端「綺」的圖案是「雙鴛鴦」，用那端「綺」裁成「合歡被」，被的四周鑲上「結不解」式的花邊。

  

 由這兩段記載，足可以證明漢代紡織品已然有美麗的，吉祥的圖案，另外也就證明「吉祥圖案」自漢以來就非常流行，使用也非常普遍，實用美術到此已然很發達了。

  

 吉祥圖案多取材於動物植物或星月流水瑞雲，後來受到道教和佛教影響，圖案的題材日益豐富，設計日益精美；這些優美的吉祥圖案不但美化了漢唐以來中國人的生活，而且流傳到韓國日本，使韓國日本的實用美術都大有唐風，這是人所共知的是。

  

 不過中國人的舊觀念都認為實用美術乃是工匠之技，不為士大夫所重視，因此除了營造法式和蜀錦譜兩書正式研討各式各樣圖案，幾乎再沒有專書來研究這些了；日本人於其所著的吉祥圖案題解，搜羅圖案相當豐富，解釋也沒有太大錯誤，叫真為中國人的我看了，內心真是百感交集，一則慚愧這本是中國人自己該做的是，我們自己沒有做卻是外國人先做了；二則看到別人研究我們若大若山之事，無不全力以赴，才有這樣的成績，我們除了急起直追，沒有第二句話好講。

"
,0
,0
,0
,0
,0
,0
,0
,0
,0
9789575583651,0
9789575583668,0
9789575583675,0
9789575583699,0
9789575583705,0
,0
,0
,0
9789578883758,0
9789576570513,0
9789576471827,0
9789576471841,0
,0
,0
,0
,0
,0
,0
9789579485050,0
,0
,0
,0
,0
9789579135108,0
,0
,0
,0
,0
,0
,0
,0
,0
9789579237178,0
9789576620614,0
,0
,0
,0
,0
9789579237864,0
,0
,0
,0
9789577652652,0
,0
9789577590589,0
,0
9789579237871,0
9789576622502,0
,0
9789576501111,0
,0
,0
9789575172145,0
,0
9789579410144,0
,0
,0
,0
,0
,0
,0
,0
,0
,0
,0
,0
,0
9789577590824,0
9789577590831,0
9789577590893,0
9789577590909,0
,0
,0
